batch,life_group,n_cells,voltage,dq_q25,dq_median,dq_q75
1,middle_500_1000,31,3.5,-0.0001195836698900186,-3.982253029375564e-05,1.057084604601008e-06
1,middle_500_1000,31,3.4984984984984986,-0.00011458462098873519,-3.824820335372048e-05,9.480988265615363e-08
1,middle_500_1000,31,3.496996996996997,-0.00010992089341652643,-3.543844748128908e-05,7.585215805280441e-07
1,middle_500_1000,31,3.4954954954954953,-0.00010559603569561485,-3.322916630377559e-05,1.9235434022890152e-06
1,middle_500_1000,31,3.493993993993994,-0.00010161359634822654,-3.143486800327494e-05,3.4738506429351856e-06
1,middle_500_1000,31,3.4924924924924925,-9.797712389658379e-05,-3.1557246284077316e-05,5.293418597463649e-06
1,middle_500_1000,31,3.490990990990991,-9.469016686291016e-05,-3.2536242060326646e-05,7.26622256087123e-06
1,middle_500_1000,31,3.4894894894894897,-9.175627376942932e-05,-3.416777881000608e-05,9.276237828154804e-06
1,middle_500_1000,31,3.487987987987988,-8.917899313836422e-05,-3.348504617459337e-05,1.1207439694311813e-05
1,middle_500_1000,31,3.4864864864864864,-8.696187349193998e-05,-3.167656232132508e-05,1.3467354046224174e-05
1,middle_500_1000,31,3.484984984984985,-8.51084633523793e-05,-3.3902491865292516e-05,1.574694482120601e-05
1,middle_500_1000,31,3.4834834834834836,-8.293486293584607e-05,-3.581829960006474e-05,1.765196683408535e-05
1,middle_500_1000,31,3.481981981981982,-8.228524582772019e-05,-3.816568073361398e-05,1.903113049628469e-05
1,middle_500_1000,31,3.4804804804804803,-8.205566331701309e-05,-4.168543173348169e-05,1.8857622420214428e-05
1,middle_500_1000,31,3.478978978978979,-8.221668327095338e-05,-4.527560574616398e-05,1.6363594145929076e-05
1,middle_500_1000,31,3.4774774774774775,-8.273887355676952e-05,-4.622236860204432e-05,1.426547908670374e-05
1,middle_500_1000,31,3.475975975975976,-8.359280204168991e-05,-4.458893737713934e-05,1.2723360347583783e-05
1,middle_500_1000,31,3.4744744744744747,-8.474629148887567e-05,-4.187560578032304e-05,1.1861754509479716e-05
1,middle_500_1000,31,3.472972972972973,-8.611734144816295e-05,-3.916043959304664e-05,9.747401874788953e-06
1,middle_500_1000,31,3.4714714714714714,-8.75805812334443e-05,-3.999172562561658e-05,5.994775121037014e-06
1,middle_500_1000,31,3.46996996996997,-8.899179932579246e-05,-4.1552954736728245e-05,2.233169529825918e-06
1,middle_500_1000,31,3.4684684684684686,-9.018323664395993e-05,-4.390539441522125e-05,-1.2412000678725037e-06
1,middle_500_1000,31,3.466966966966967,-9.11175917573664e-05,-4.671687576984372e-05,-4.10745202365312e-06
1,middle_500_1000,31,3.4654654654654653,-9.180457061295277e-05,-4.974047841248372e-05,-5.528631308740912e-06
1,middle_500_1000,31,3.463963963963964,-9.225304334316739e-05,-5.102034175585423e-05,-6.710303143553711e-06
1,middle_500_1000,31,3.4624624624624625,-9.247679741031589e-05,-4.913904735852131e-05,-6.7592144466168845e-06
1,middle_500_1000,31,3.460960960960961,-9.250345590332222e-05,-4.7698626890391475e-05,-6.57186776564122e-06
1,middle_500_1000,31,3.4594594594594597,-9.304587126493391e-05,-4.699026552956449e-05,-6.578244362448764e-06
1,middle_500_1000,31,3.457957957957958,-9.369471866691468e-05,-4.7246826421453326e-05,-6.967751365925454e-06
1,middle_500_1000,31,3.4564564564564564,-9.533181779210447e-05,-5.083482980790428e-05,-7.78101287103193e-06
1,middle_500_1000,31,3.454954954954955,-9.764724629349967e-05,-5.474619248317994e-05,-8.932028778946743e-06
1,middle_500_1000,31,3.4534534534534536,-9.97355318575859e-05,-5.7962395560483076e-05,-1.0295990460447934e-05
1,middle_500_1000,31,3.451951951951952,-0.00010150234426003764,-6.054130700332359e-05,-1.1500469245492948e-05
1,middle_500_1000,31,3.4504504504504503,-0.00010287175986660284,-6.255125354090202e-05,-1.2154495689338865e-05
1,middle_500_1000,31,3.448948948948949,-0.0001058332738037433,-6.40605619024175e-05,-1.3556268834511473e-05
1,middle_500_1000,31,3.4474474474474475,-0.00011013914386863774,-6.513755881707079e-05,-1.53791975002754e-05
1,middle_500_1000,31,3.445945945945946,-0.00011437213103336998,-6.585034135326965e-05,-1.6095034894111784e-05
1,middle_500_1000,31,3.4444444444444446,-0.0001181990809057801,-6.624318091673104e-05,-1.6583968252532975e-05
1,middle_500_1000,31,3.442942942942943,-0.0001212767870460102,-6.636902790983106e-05,-1.6349914340553495e-05
1,middle_500_1000,31,3.4414414414414414,-0.0001233078759541069,-6.638516756957993e-05,-1.6259983890270385e-05
1,middle_500_1000,31,3.43993993993994,-0.0001240768794098932,-6.646211591617747e-05,-1.641880549805555e-05
1,middle_500_1000,31,3.4384384384384385,-0.00012372501124343748,-6.677038896982343e-05,-1.685192502664482e-05
1,middle_500_1000,31,3.436936936936937,-0.00012263323940305058,-6.748050275071798e-05,-1.7352352794781337e-05
1,middle_500_1000,31,3.4354354354354353,-0.00012115820848881444,-6.876008639293595e-05,-1.7493048415840175e-05
1,middle_500_1000,31,3.433933933933934,-0.00011965446218303725,-7.071165198982107e-05,-1.7705981140955502e-05
1,middle_500_1000,31,3.4324324324324325,-0.00011849226716200464,-7.321938236230807e-05,-1.8012652863958075e-05
1,middle_500_1000,31,3.430930930930931,-0.00011798763239457752,-7.46762712049711e-05,-1.853654095352469e-05
1,middle_500_1000,31,3.4294294294294296,-0.00011833212809406603,-7.621928083901284e-05,-2.086418813258351e-05
1,middle_500_1000,31,3.4279279279279278,-0.00011928111329283773,-7.826523419245958e-05,-2.28601359206508e-05
1,middle_500_1000,31,3.4264264264264264,-0.00012048151062336344,-8.048610337836647e-05,-2.3652094104417167e-05
1,middle_500_1000,31,3.424924924924925,-0.0001215934023948449,-8.24816475007476e-05,-2.444385877676126e-05
1,middle_500_1000,31,3.4234234234234235,-0.00012227332266027567,-8.32984901590803e-05,-2.523622307132518e-05
1,middle_500_1000,31,3.421921921921922,-0.00012215980224667853,-8.457272686603133e-05,-2.6031179853970837e-05
1,middle_500_1000,31,3.4204204204204203,-0.00012236495015386728,-8.441198752859574e-05,-2.6038019518139963e-05
1,middle_500_1000,31,3.418918918918919,-0.00012490947696077066,-8.527130210443786e-05,-2.538899909109056e-05
1,middle_500_1000,31,3.4174174174174174,-0.0001270434473399773,-8.627537789343163e-05,-2.5624603771179887e-05
1,middle_500_1000,31,3.415915915915916,-0.00012866369998313601,-8.743235884202307e-05,-2.6593888842449398e-05
1,middle_500_1000,31,3.4144144144144146,-0.00012967295887929145,-8.869692230417496e-05,-2.688079865738346e-05
1,middle_500_1000,31,3.4129129129129128,-0.0001307287179794876,-8.963749723113739e-05,-2.706158901120254e-05
1,middle_500_1000,31,3.4114114114114114,-0.0001316857932258254,-8.978437346048723e-05,-2.720464828755327e-05
1,middle_500_1000,31,3.40990990990991,-0.00013231494764719153,-9.083273133394295e-05,-2.7772850296648973e-05
1,middle_500_1000,31,3.4084084084084085,-0.00013269513005045256,-9.369361083429216e-05,-3.0115096975000992e-05
1,middle_500_1000,31,3.406906906906907,-0.0001329923146912847,-9.474525553035016e-05,-3.0583492637559044e-05
1,middle_500_1000,31,3.4054054054054053,-0.00013338812078741036,-9.610906448938739e-05,-3.135152868190944e-05
1,middle_500_1000,31,3.403903903903904,-0.00013824892139382115,-9.845105350281269e-05,-3.2332054546233566e-05
1,middle_500_1000,31,3.4024024024024024,-0.00014402881543582806,-0.00010079212062157885,-3.3106116876955574e-05
1,middle_500_1000,31,3.400900900900901,-0.00014873006166959946,-0.00010293518109957735,-3.306893837680901e-05
1,middle_500_1000,31,3.3993993993993996,-0.00015240829427684414,-0.00010462950915996914,-3.303242206460018e-05
1,middle_500_1000,31,3.3978978978978978,-0.00015628830687040938,-0.0001058912572183008,-3.301513255747775e-05
1,middle_500_1000,31,3.3963963963963963,-0.0001597739483914591,-0.00010679613458921102,-3.161525557112484e-05
1,middle_500_1000,31,3.394894894894895,-0.00016117877069251707,-0.00010741985058734154,-2.9870918523004818e-05
1,middle_500_1000,31,3.3933933933933935,-0.0001604875969979287,-0.00010783811452733235,-2.9447155203967236e-05
1,middle_500_1000,31,3.391891891891892,-0.0001603882708586526,-0.00010969580375034746,-3.043584438367072e-05
1,middle_500_1000,31,3.3903903903903903,-0.00016100998790381143,-0.00011232816805328578,-3.1627707458576314e-05
1,middle_500_1000,31,3.388888888888889,-0.00016160884131713286,-0.00011502302951186486,-3.416204921534308e-05
1,middle_500_1000,31,3.3873873873873874,-0.0001622510255172788,-0.00011772433895802835,-3.739940813110966e-05
1,middle_500_1000,31,3.385885885885886,-0.00016297602193658146,-0.00012043563679840731,-4.1251063865901895e-05
1,middle_500_1000,31,3.3843843843843846,-0.00016386157826059713,-0.00012319388010122298,-4.420975664737466e-05
1,middle_500_1000,31,3.3828828828828827,-0.00016499768236067367,-0.00012598368344128672,-4.736676547687532e-05
1,middle_500_1000,31,3.3813813813813813,-0.00016647050754840667,-0.00012878153631896115,-5.033015741664755e-05
1,middle_500_1000,31,3.37987987987988,-0.00016829477514748942,-0.0001315639282346119,-5.280261083882268e-05
1,middle_500_1000,31,3.3783783783783785,-0.0001732624057895467,-0.00013427885326512679,-5.556112843043228e-05
1,middle_500_1000,31,3.376876876876877,-0.00018225983886598855,-0.00013556648012896626,-5.624574180732706e-05
1,middle_500_1000,31,3.3753753753753752,-0.00019064062892257955,-0.00013736724668315676,-5.4939008886551594e-05
1,middle_500_1000,31,3.373873873873874,-0.00019228278212957226,-0.00013978912925712277,-5.358168331226574e-05
1,middle_500_1000,31,3.3723723723723724,-0.00019397256447250665,-0.00014258762417540018,-5.188775578827791e-05
1,middle_500_1000,31,3.370870870870871,-0.00019579997732676853,-0.0001450892907057322,-5.008961268462798e-05
1,middle_500_1000,31,3.3693693693693696,-0.00019785509348040726,-0.00014630097527647615,-4.935988396497556e-05
1,middle_500_1000,31,3.3678678678678677,-0.0002041271734816311,-0.00014716263115628452,-5.03023152119658e-05
1,middle_500_1000,31,3.3663663663663663,-0.00020597108996967027,-0.0001477162380406436,-5.298432223262888e-05
1,middle_500_1000,31,3.364864864864865,-0.00020446100159101158,-0.00014822703240501348,-5.838282219067844e-05
1,middle_500_1000,31,3.3633633633633635,-0.00020540062858968606,-0.00014895899778592184,-6.412131832368587e-05
1,middle_500_1000,31,3.361861861861862,-0.00020659655823005623,-0.00014981458882521413,-6.458866813989148e-05
1,middle_500_1000,31,3.3603603603603602,-0.00020811803110382067,-0.00014915227604289302,-6.4856459562012e-05
1,middle_500_1000,31,3.358858858858859,-0.00021001929671081356,-0.00015396577134422877,-6.504219651204575e-05
1,middle_500_1000,31,3.3573573573573574,-0.00021234964678030002,-0.00015534303746845678,-6.527870716076765e-05
1,middle_500_1000,31,3.355855855855856,-0.00021508387118927006,-0.0001576780149508657,-6.576561797392005e-05
1,middle_500_1000,31,3.3543543543543546,-0.00021909814936818496,-0.00016155718280171788,-6.671911285053341e-05
1,middle_500_1000,31,3.3528528528528527,-0.0002234434955700978,-0.00016692533441486392,-6.817240607920935e-05
1,middle_500_1000,31,3.3513513513513513,-0.00022751639596387723,-0.0001697061955811402,-6.890483839210775e-05
1,middle_500_1000,31,3.34984984984985,-0.00023115872413946364,-0.00017178409298087768,-7.196077641278545e-05
1,middle_500_1000,31,3.3483483483483485,-0.00023445765867318585,-0.00017371149562021328,-7.695915712586585e-05
1,middle_500_1000,31,3.346846846846847,-0.0002375470367561119,-0.0001827492974180063,-8.38919688861189e-05
1,middle_500_1000,31,3.3453453453453452,-0.00024061763210467399,-0.00018098749158762008,-8.798795869022734e-05
1,middle_500_1000,31,3.343843843843844,-0.00024388522129328329,-0.00018031716442006105,-9.112581733396229e-05
1,middle_500_1000,31,3.3423423423423424,-0.00024756496623629023,-0.00018349366764200317,-9.331126483568377e-05
1,middle_500_1000,31,3.340840840840841,-0.0002518378793979069,-0.0001875092008946271,-9.462364871453853e-05
1,middle_500_1000,31,3.3393393393393396,-0.0002566591402485669,-0.00018537363261154037,-9.521595715460476e-05
1,middle_500_1000,31,3.3378378378378377,-0.00026175312409284016,-0.00018058799700429364,-9.524883738729496e-05
1,middle_500_1000,31,3.3363363363363363,-0.0002668682376550319,-0.00018284468363023373,-9.508351565959243e-05
1,middle_500_1000,31,3.334834834834835,-0.00027022752426252624,-0.00019266653779215128,-9.728796584774525e-05
1,middle_500_1000,31,3.3333333333333335,-0.00027251651924884617,-0.00020450453695898627,-9.909237759931537e-05
1,middle_500_1000,31,3.3318318318318316,-0.00027481416650223557,-0.0002150609942576714,-0.00010067840105222126
1,middle_500_1000,31,3.33033033033033,-0.0002772200006280201,-0.0002208652736156256,-0.00010287957405955006
1,middle_500_1000,31,3.328828828828829,-0.00028443836454192933,-0.0002254107211721694,-0.00010600648344138899
1,middle_500_1000,31,3.3273273273273274,-0.0002936377310290743,-0.00023143536556282686,-0.00010404411374017285
1,middle_500_1000,31,3.325825825825826,-0.00029760771185580095,-0.00023489765678593767,-0.00010299535866447815
1,middle_500_1000,31,3.324324324324324,-0.00030210200506261206,-0.0002398382239127122,-0.0001044187767834789
1,middle_500_1000,31,3.3228228228228227,-0.00030711332087704924,-0.00025100035710066797,-0.00010761602014169955
1,middle_500_1000,31,3.3213213213213213,-0.00031263428121123225,-0.00025410959528058413,-0.00011193479978889934
1,middle_500_1000,31,3.31981981981982,-0.0003185836318588455,-0.00025559948382452777,-0.00011672282677483749
1,middle_500_1000,31,3.3183183183183185,-0.00032464807798682823,-0.00026076992649995065,-0.00012132783362219911
1,middle_500_1000,31,3.3168168168168166,-0.0003304881137901833,-0.0002628580214058592,-0.0001252067258925545
1,middle_500_1000,31,3.315315315315315,-0.0003359479665326409,-0.0002651539635633478,-0.00012832474796676836
1,middle_500_1000,31,3.313813813813814,-0.0003416278493653972,-0.0002688107284957459,-0.0001311326543372883
1,middle_500_1000,31,3.3123123123123124,-0.00034930555451619626,-0.00027302396994882336,-0.00013400741600292677
1,middle_500_1000,31,3.310810810810811,-0.0003567908542906027,-0.00027762065931251183,-0.0001393612228771093
1,middle_500_1000,31,3.309309309309309,-0.00036556794019693053,-0.00028305083555380493,-0.0001465571812443965
1,middle_500_1000,31,3.3078078078078077,-0.00037376253166885275,-0.000289263396473562,-0.00015416653643628847
1,middle_500_1000,31,3.3063063063063063,-0.00037661333124280015,-0.0002961385438826798,-0.0001623355792729573
1,middle_500_1000,31,3.304804804804805,-0.0003728376208342503,-0.00030160210556980094,-0.00016539735533723302
1,middle_500_1000,31,3.3033033033033035,-0.0003720791643838728,-0.00030780019501380415,-0.00016996869544442812
1,middle_500_1000,31,3.3018018018018016,-0.0003755707377447919,-0.0003036542788840829,-0.00017707557235624536
1,middle_500_1000,31,3.3003003003003,-0.00037891929981711744,-0.00030362067058260084,-0.00018736579709494744
1,middle_500_1000,31,3.298798798798799,-0.00038305986019592647,-0.00031237987195985306,-0.00020113372485405876
1,middle_500_1000,31,3.2972972972972974,-0.00038676575287621435,-0.00031406466821948774,-0.00020820936278580313
1,middle_500_1000,31,3.295795795795796,-0.0003907950666469408,-0.0003152404513521289,-0.00021297950354324472
1,middle_500_1000,31,3.294294294294294,-0.00040233639632633426,-0.00032213121481937737,-0.00021802857069332365
1,middle_500_1000,31,3.2927927927927927,-0.0004237508077021782,-0.00033621164780758307,-0.00022340952196705979
1,middle_500_1000,31,3.2912912912912913,-0.0004443679998609798,-0.0003570108066018856,-0.0002291162430256375
1,middle_500_1000,31,3.28978978978979,-0.00045874397783575004,-0.0003675706591694198,-0.00023505364558929886
1,middle_500_1000,31,3.2882882882882885,-0.0004690721761675138,-0.00037310568497942245,-0.00024115538366985614
1,middle_500_1000,31,3.2867867867867866,-0.0004792378295638668,-0.0003821696530384392,-0.00024740966803889035
1,middle_500_1000,31,3.285285285285285,-0.00048209736556566966,-0.0003948005251639009,-0.000253692477557293
1,middle_500_1000,31,3.2837837837837838,-0.0004970802920608178,-0.00041004564092027296,-0.0002598385984570427
1,middle_500_1000,31,3.2822822822822824,-0.0005059190155801913,-0.0004085421008258594,-0.0002657073552547748
1,middle_500_1000,31,3.280780780780781,-0.000513089991647191,-0.0004164182295593004,-0.00027121535347562203
1,middle_500_1000,31,3.279279279279279,-0.0005250312446246335,-0.0004029471916049375,-0.0002763269241729052
1,middle_500_1000,31,3.2777777777777777,-0.0005342873980673981,-0.00040275911561659,-0.0002809546613284043
1,middle_500_1000,31,3.2762762762762763,-0.0005380818611803026,-0.0004062434911802325,-0.0002801207311943117
1,middle_500_1000,31,3.274774774774775,-0.0005413162378488032,-0.00042535927973259835,-0.000284916426411516
1,middle_500_1000,31,3.2732732732732734,-0.000549409868029628,-0.00044802578177213087,-0.0002957953227356496
1,middle_500_1000,31,3.2717717717717716,-0.0005586593329566947,-0.00046814864822020477,-0.00030254744957026146
1,middle_500_1000,31,3.27027027027027,-0.0005666895974790528,-0.0004838291336523304,-0.0003110286629447283
1,middle_500_1000,31,3.2687687687687688,-0.0005827729410509443,-0.0004927339430176106,-0.0003215725946970841
1,middle_500_1000,31,3.2672672672672673,-0.0006061055879326288,-0.0005105298598160161,-0.000328750718270477
1,middle_500_1000,31,3.265765765765766,-0.0006287114904963715,-0.0005258051501203613,-0.0003327089811576405
1,middle_500_1000,31,3.264264264264264,-0.000657585246767475,-0.0005431130605863289,-0.00033815506709418755
1,middle_500_1000,31,3.2627627627627627,-0.0006795931840877581,-0.0005616474174429779,-0.0003449958305439538
1,middle_500_1000,31,3.2612612612612613,-0.0006958288486254884,-0.0005804162509581191,-0.00035280970267002193
1,middle_500_1000,31,3.25975975975976,-0.0007129302650482287,-0.0005978222283729157,-0.00036134556410780984
1,middle_500_1000,31,3.2582582582582584,-0.0007307683553604769,-0.0006138768312910249,-0.0003703900059376375
1,middle_500_1000,31,3.2567567567567566,-0.0007492135362790215,-0.0006294185344467365,-0.00037972815785375716
1,middle_500_1000,31,3.255255255255255,-0.0007681757150698448,-0.0006417486488319163,-0.0003796025860655656
1,middle_500_1000,31,3.2537537537537538,-0.0007778180306824128,-0.0006522670532226639,-0.00038843627532009553
1,middle_500_1000,31,3.2522522522522523,-0.0007993146621396666,-0.000662506929206861,-0.00040108358111152
1,middle_500_1000,31,3.250750750750751,-0.000820574029466413,-0.0006741095560461388,-0.00041752467619955887
1,middle_500_1000,31,3.249249249249249,-0.0008416056873431204,-0.0006755537531439731,-0.0004381853273025104
1,middle_500_1000,31,3.2477477477477477,-0.0008642617901141007,-0.0006731861005077576,-0.0004634913011386417
1,middle_500_1000,31,3.2462462462462462,-0.0008885539238047083,-0.0007196704703783738,-0.00048899189807931
1,middle_500_1000,31,3.244744744744745,-0.000916203413804443,-0.0007654934948014662,-0.0005067046884644141
1,middle_500_1000,31,3.2432432432432434,-0.0009448834650338835,-0.000796220609386486,-0.0005256484155968851
1,middle_500_1000,31,3.2417417417417416,-0.000974170818482268,-0.0008214012558547985,-0.0005458988688103045
1,middle_500_1000,31,3.24024024024024,-0.00100401508032095,-0.0008467364179555181,-0.0005672400239185998
1,middle_500_1000,31,3.2387387387387387,-0.0010343658567213022,-0.0008673005616169002,-0.0005894483949616183
1,middle_500_1000,31,3.2372372372372373,-0.001073706269277967,-0.000916642755806038,-0.0006123015574308263
1,middle_500_1000,31,3.235735735735736,-0.0011241647955503309,-0.0009524293841814448,-0.0006356845828495352
1,middle_500_1000,31,3.234234234234234,-0.0011769127839400106,-0.0009914215496933977,-0.0006596359849311839
1,middle_500_1000,31,3.2327327327327327,-0.0012198827903264365,-0.0010325316503356045,-0.0006843351156155478
1,middle_500_1000,31,3.2312312312312312,-0.0012605926899810042,-0.0010713630669241109,-0.0007105039442424823
1,middle_500_1000,31,3.22972972972973,-0.0012881542747677673,-0.0011195140536558248,-0.0007390024514716282
1,middle_500_1000,31,3.2282282282282284,-0.0013215963975259145,-0.001157429069797402,-0.0007706906397801482
1,middle_500_1000,31,3.2267267267267266,-0.0013894064121494232,-0.0011952119130369601,-0.0008064245418716968
1,middle_500_1000,31,3.225225225225225,-0.0014681377502129712,-0.001251603219361911,-0.0008467831745188094
1,middle_500_1000,31,3.2237237237237237,-0.001530865682712882,-0.0013072837807471226,-0.0008918584525210438
1,middle_500_1000,31,3.2222222222222223,-0.0015999487951025154,-0.001328665645151668,-0.0009413795433602171
1,middle_500_1000,31,3.220720720720721,-0.0016702537860131175,-0.0014024573483294167,-0.0009774822668907283
1,middle_500_1000,31,3.219219219219219,-0.001727773305798569,-0.001474071494362017,-0.0010146448250051704
1,middle_500_1000,31,3.2177177177177176,-0.0017881665806837223,-0.001535891868378686,-0.0010628122385887614
1,middle_500_1000,31,3.2162162162162162,-0.0018795247133764174,-0.0016459352692534124,-0.0011148594073176477
1,middle_500_1000,31,3.214714714714715,-0.001988929812407725,-0.0017931017135599109,-0.0011707228313684453
1,middle_500_1000,31,3.2132132132132134,-0.0021102089058306003,-0.0019276151162630206,-0.0012332418641557083
1,middle_500_1000,31,3.2117117117117115,-0.002245229177246892,-0.0020299310179204763,-0.0013056160955188072
1,middle_500_1000,31,3.21021021021021,-0.0023958578104763574,-0.0021587174779561305,-0.0013892057773195778
1,middle_500_1000,31,3.2087087087087087,-0.0025639452355997426,-0.0023345967834769235,-0.0014852481636898202
1,middle_500_1000,31,3.2072072072072073,-0.0027540777036983953,-0.0024587145286130638,-0.0015949766501328552
1,middle_500_1000,31,3.205705705705706,-0.002992645425585052,-0.002540742346426726,-0.0017192337459465343
1,middle_500_1000,31,3.204204204204204,-0.003278093247368767,-0.0026292666748893093,-0.0018548656843049537
1,middle_500_1000,31,3.2027027027027026,-0.00355574574345046,-0.002832737411613405,-0.0019987448363670314
1,middle_500_1000,31,3.201201201201201,-0.00383609613932959,-0.003055487509714176,-0.0021545194395552053
1,middle_500_1000,31,3.1996996996997,-0.004075081842820308,-0.0033064556578651927,-0.002326776304904722
1,middle_500_1000,31,3.198198198198198,-0.004360145686258407,-0.0035947854770539897,-0.0025396858438788
1,middle_500_1000,31,3.1966966966966965,-0.004571365506851097,-0.003924770041333528,-0.0028508038586392247
1,middle_500_1000,31,3.195195195195195,-0.0048904485646841765,-0.004294002673144302,-0.0031351889719946
1,middle_500_1000,31,3.1936936936936937,-0.005395206727935219,-0.004703901541034276,-0.0033985783120741887
1,middle_500_1000,31,3.1921921921921923,-0.005829703648471234,-0.005184899770613663,-0.0037231414410991114
1,middle_500_1000,31,3.1906906906906904,-0.00637247771547644,-0.005510696163529533,-0.0040750516372321
1,middle_500_1000,31,3.189189189189189,-0.006981969403765567,-0.006059020758208342,-0.004437546975128628
1,middle_500_1000,31,3.1876876876876876,-0.0076685793047653154,-0.006666645946666883,-0.004862355125504932
1,middle_500_1000,31,3.186186186186186,-0.008711026274352371,-0.007306599189574686,-0.005395182658099216
1,middle_500_1000,31,3.184684684684685,-0.009900430915139716,-0.008078178439893433,-0.005988859923811832
1,middle_500_1000,31,3.183183183183183,-0.01092853159733545,-0.008898503268146854,-0.006572620422376919
1,middle_500_1000,31,3.1816816816816815,-0.012214447052534293,-0.009681482820243795,-0.007411443028857545
1,middle_500_1000,31,3.18018018018018,-0.013446332348832198,-0.010798146264279537,-0.008357342831421727
1,middle_500_1000,31,3.1786786786786787,-0.014376298860821965,-0.011899447296874074,-0.009451153778535282
1,middle_500_1000,31,3.1771771771771773,-0.015580212409296273,-0.013239977118254795,-0.010306117622965759
1,middle_500_1000,31,3.1756756756756754,-0.01720240143306439,-0.014454315456374572,-0.01184177802652795
1,middle_500_1000,31,3.174174174174174,-0.01904614432862122,-0.01590149558473343,-0.013054146060612698
1,middle_500_1000,31,3.1726726726726726,-0.020711141344556476,-0.01738439000068781,-0.01328963565078995
1,middle_500_1000,31,3.171171171171171,-0.022202783715172786,-0.018281078943303455,-0.013377673725448291
1,middle_500_1000,31,3.16966966966967,-0.023397930164118272,-0.019816491744963582,-0.01656814548840011
1,middle_500_1000,31,3.168168168168168,-0.024554379381303025,-0.02096002798338499,-0.018111113500153535
1,middle_500_1000,31,3.1666666666666665,-0.02601542856470572,-0.021917702161859898,-0.018158910833743408
1,middle_500_1000,31,3.165165165165165,-0.0275823102906453,-0.023560921196935633,-0.01948225759923286
1,middle_500_1000,31,3.1636636636636637,-0.02915513021089247,-0.024397918307478172,-0.020563557773088395
1,middle_500_1000,31,3.1621621621621623,-0.030111504763251057,-0.02529256891849327,-0.020878444951949474
1,middle_500_1000,31,3.1606606606606604,-0.03121954289296265,-0.026126646889594624,-0.02189414324012655
1,middle_500_1000,31,3.159159159159159,-0.03222047755609553,-0.027273080895406893,-0.023452624676583683
1,middle_500_1000,31,3.1576576576576576,-0.03259238386171355,-0.027993510039976216,-0.022781920677424627
1,middle_500_1000,31,3.156156156156156,-0.033676551791961926,-0.028408658463216496,-0.023265372973435297
1,middle_500_1000,31,3.1546546546546548,-0.03398167794229495,-0.029519842443163746,-0.023547872373439638
1,middle_500_1000,31,3.153153153153153,-0.03420565790831605,-0.029827744222801045,-0.02388354785953148
1,middle_500_1000,31,3.1516516516516515,-0.03465631261609611,-0.03039872068933877,-0.024258216941126273
1,middle_500_1000,31,3.15015015015015,-0.035062633294871554,-0.03082983617266538,-0.025060700167265693
1,middle_500_1000,31,3.1486486486486487,-0.035394986852031435,-0.03166824567823151,-0.02614973387042961
1,middle_500_1000,31,3.1471471471471473,-0.03556798210785528,-0.03215097645630843,-0.025622317051733248
1,middle_500_1000,31,3.1456456456456454,-0.03586532739419121,-0.031648061829227386,-0.026697307889626126
1,middle_500_1000,31,3.144144144144144,-0.03605342960294544,-0.0316494200982711,-0.02628821895679452
1,middle_500_1000,31,3.1426426426426426,-0.036116040961807816,-0.031958361109469036,-0.026570628533343646
1,middle_500_1000,31,3.141141141141141,-0.03618807971352386,-0.03203046191160086,-0.02783016332475613
1,middle_500_1000,31,3.1396396396396398,-0.03667035752049033,-0.03177965887754164,-0.02678450549092362
1,middle_500_1000,31,3.138138138138138,-0.03662200537362725,-0.03131412833605984,-0.02675644754333617
1,middle_500_1000,31,3.1366366366366365,-0.03661542540939186,-0.03144687150531217,-0.02655140885928478
1,middle_500_1000,31,3.135135135135135,-0.037026895854774255,-0.03276956058248082,-0.02634523735925509
1,middle_500_1000,31,3.1336336336336337,-0.03747549284272189,-0.03275295460936645,-0.02634931289199105
1,middle_500_1000,31,3.1321321321321323,-0.03755660166953792,-0.032811548164675075,-0.026442300357216175
1,middle_500_1000,31,3.1306306306306304,-0.03747624013568937,-0.03289651383325515,-0.026459059131101664
1,middle_500_1000,31,3.129129129129129,-0.03738151748904056,-0.03286209150414304,-0.02702152586007686
1,middle_500_1000,31,3.1276276276276276,-0.03745597239117135,-0.03286208695307141,-0.027168199983276714
1,middle_500_1000,31,3.126126126126126,-0.037604375828988124,-0.03302962671925541,-0.027268302232915625
1,middle_500_1000,31,3.1246246246246248,-0.03789018433494262,-0.0328219238067064,-0.02760945626699135
1,middle_500_1000,31,3.123123123123123,-0.038034185114640406,-0.03266664434516081,-0.02693388675794356
1,middle_500_1000,31,3.1216216216216215,-0.03776530520124635,-0.03296973730587871,-0.026507561944739938
1,middle_500_1000,31,3.12012012012012,-0.03704400694007179,-0.032842937081684676,-0.026520330098328326
1,middle_500_1000,31,3.1186186186186187,-0.03721779503410111,-0.0329939303856156,-0.027194489963233648
1,middle_500_1000,31,3.1171171171171173,-0.03729813372962498,-0.03303134891739645,-0.02683425789071217
1,middle_500_1000,31,3.1156156156156154,-0.03720159555720465,-0.03301892544794083,-0.026532043895534763
1,middle_500_1000,31,3.114114114114114,-0.03700815511352218,-0.033358717993342946,-0.02648708092232646
1,middle_500_1000,31,3.1126126126126126,-0.0376465133643874,-0.03354313340735615,-0.026225791425770917
1,middle_500_1000,31,3.111111111111111,-0.037835161189070626,-0.0334223930478017,-0.02688760346912658
1,middle_500_1000,31,3.1096096096096097,-0.03713904995982312,-0.033613666594709324,-0.026524866963501842
1,middle_500_1000,31,3.108108108108108,-0.03722177628950743,-0.03375366839239208,-0.026552769686555094
1,middle_500_1000,31,3.1066066066066065,-0.037951769882209746,-0.03359660272537701,-0.026503092782622
1,middle_500_1000,31,3.105105105105105,-0.03843939773009303,-0.033683290212098815,-0.026872613957687502
1,middle_500_1000,31,3.1036036036036037,-0.038731957376265586,-0.033691682659668765,-0.027040089197008482
1,middle_500_1000,31,3.1021021021021022,-0.038710786214007614,-0.03359669621509215,-0.026910824852498016
1,middle_500_1000,31,3.1006006006006004,-0.038440419650945884,-0.03378436675339902,-0.02677308680630333
1,middle_500_1000,31,3.099099099099099,-0.03830090441744699,-0.03428196417747148,-0.026863031960428607
1,middle_500_1000,31,3.0975975975975976,-0.03881236025717469,-0.03456482313152187,-0.029389976548649055
1,middle_500_1000,31,3.096096096096096,-0.03911773082663528,-0.03464433769198061,-0.02757727172303759
1,middle_500_1000,31,3.0945945945945947,-0.03834854950024319,-0.03450911186190675,-0.026744653177420863
1,middle_500_1000,31,3.093093093093093,-0.03817683278648071,-0.03426485574723315,-0.026994757924024726
1,middle_500_1000,31,3.0915915915915915,-0.038617704004473896,-0.034200586422092005,-0.02714422685227158
1,middle_500_1000,31,3.09009009009009,-0.03844533660132704,-0.034588416885638185,-0.027286171957127736
1,middle_500_1000,31,3.0885885885885886,-0.03930383446128122,-0.03492868309658814,-0.027561117114183464
1,middle_500_1000,31,3.0870870870870872,-0.04005004370337284,-0.034846138616532296,-0.02757006803625789
1,middle_500_1000,31,3.0855855855855854,-0.0404198292555939,-0.035206284994855674,-0.02759445440905184
1,middle_500_1000,31,3.084084084084084,-0.039887962889362416,-0.035443452559384525,-0.02765240179586348
1,middle_500_1000,31,3.0825825825825826,-0.039312725491711054,-0.035523659597652246,-0.02794102312343627
1,middle_500_1000,31,3.081081081081081,-0.039349536634975424,-0.0354478646727725,-0.02792502665425267
1,middle_500_1000,31,3.0795795795795797,-0.03963776414483633,-0.0356198963703086,-0.027964169621449153
1,middle_500_1000,31,3.078078078078078,-0.03954548719309614,-0.03588562923449057,-0.02802102653311722
1,middle_500_1000,31,3.0765765765765765,-0.039892447053636815,-0.035949772276015146,-0.02882796436705043
1,middle_500_1000,31,3.075075075075075,-0.040095140810322394,-0.03581628096017586,-0.028465011012916208
1,middle_500_1000,31,3.0735735735735736,-0.03966286407308128,-0.03611853222922823,-0.027825541362736128
1,middle_500_1000,31,3.0720720720720722,-0.03966286068582747,-0.03648156823079973,-0.027951520397244245
1,middle_500_1000,31,3.0705705705705704,-0.03955319281899794,-0.03660064343816749,-0.02800630027992379
1,middle_500_1000,31,3.069069069069069,-0.03955179397292752,-0.036604452203183424,-0.028024699889521
1,middle_500_1000,31,3.0675675675675675,-0.039831196820765136,-0.03655868146845187,-0.02869128345659222
1,middle_500_1000,31,3.066066066066066,-0.040004401026149605,-0.0364487056485826,-0.029633278974379063
1,middle_500_1000,31,3.0645645645645647,-0.03990037857341833,-0.036577643176096686,-0.027743133588825575
1,middle_500_1000,31,3.063063063063063,-0.039554784149898436,-0.0366112427781371,-0.02806658760334879
1,middle_500_1000,31,3.0615615615615615,-0.039547822601798455,-0.03661758099452006,-0.027842968598922158
1,middle_500_1000,31,3.06006006006006,-0.039640212983128253,-0.03668271635897247,-0.0280571526415212
1,middle_500_1000,31,3.0585585585585586,-0.03966614451112377,-0.03668573713882206,-0.02829348005600718
1,middle_500_1000,31,3.057057057057057,-0.039602584679036046,-0.0365600424928908,-0.028251140974860478
1,middle_500_1000,31,3.0555555555555554,-0.03970340034298364,-0.036400169259442894,-0.028208320801292153
1,middle_500_1000,31,3.054054054054054,-0.03950157477170485,-0.03641079195979613,-0.02812620635467461
1,middle_500_1000,31,3.0525525525525525,-0.039523084884032667,-0.036546935579564566,-0.028534119320689888
1,middle_500_1000,31,3.051051051051051,-0.03950149280437071,-0.03654081529324393,-0.02931654760697261
1,middle_500_1000,31,3.0495495495495497,-0.0394808912932863,-0.036623412994760574,-0.029554185206454364
1,middle_500_1000,31,3.048048048048048,-0.039442765531728874,-0.03684503774287429,-0.028556548231257473
1,middle_500_1000,31,3.0465465465465464,-0.039433368755224796,-0.03703348319960986,-0.028404265055963163
1,middle_500_1000,31,3.045045045045045,-0.03971794898579345,-0.03681618138242981,-0.028307721709571743
1,middle_500_1000,31,3.0435435435435436,-0.03961539873031594,-0.036835236550411765,-0.028294025645623555
1,middle_500_1000,31,3.042042042042042,-0.03954134055016084,-0.03683380819664295,-0.028331853957956954
1,middle_500_1000,31,3.0405405405405403,-0.039556769643258716,-0.03667038562052671,-0.028416004324488653
1,middle_500_1000,31,3.039039039039039,-0.03978176098831221,-0.03657011662912957,-0.028513839923913487
1,middle_500_1000,31,3.0375375375375375,-0.039930535185743354,-0.036890636284233835,-0.028501842513104114
1,middle_500_1000,31,3.036036036036036,-0.03996565762344145,-0.036928163779138656,-0.02844121740815797
1,middle_500_1000,31,3.0345345345345347,-0.03986539006039663,-0.036958066432869696,-0.02846899859931673
1,middle_500_1000,31,3.033033033033033,-0.039778581203824936,-0.03688465680164621,-0.028588399549907773
1,middle_500_1000,31,3.0315315315315314,-0.03979673854248339,-0.03686396954815341,-0.02866912376737285
1,middle_500_1000,31,3.03003003003003,-0.0398378022185773,-0.03714290880276805,-0.02866654883583397
1,middle_500_1000,31,3.0285285285285286,-0.03990947304072351,-0.036917420390543576,-0.028679922604641417
1,middle_500_1000,31,3.027027027027027,-0.040002941267886005,-0.03674593207710475,-0.028732035149336255
1,middle_500_1000,31,3.0255255255255253,-0.04007141490843169,-0.03673719357798977,-0.028785460116044048
1,middle_500_1000,31,3.024024024024024,-0.04012916871515887,-0.0367994051351378,-0.02875112366063981
1,middle_500_1000,31,3.0225225225225225,-0.040235592983298984,-0.03693740305316173,-0.028776744108993835
1,middle_500_1000,31,3.021021021021021,-0.04037470432242651,-0.03714098559877799,-0.028908745893121146
1,middle_500_1000,31,3.0195195195195197,-0.04049139597772233,-0.037274936086934995,-0.02897117676995492
1,middle_500_1000,31,3.018018018018018,-0.0405773658502111,-0.03712642214010953,-0.028987727843889977
1,middle_500_1000,31,3.0165165165165164,-0.040661239546559924,-0.036752336764966476,-0.02903424004638988
1,middle_500_1000,31,3.015015015015015,-0.04077990512529506,-0.036779304195713625,-0.02906135404805532
1,middle_500_1000,31,3.0135135135135136,-0.04091566594089596,-0.03669233743572753,-0.029087927863976737
1,middle_500_1000,31,3.012012012012012,-0.041014818151604404,-0.03678240445831893,-0.02919354741645319
1,middle_500_1000,31,3.0105105105105103,-0.04108067113760022,-0.03688392958522668,-0.029270860566002532
1,middle_500_1000,31,3.009009009009009,-0.04117911667895219,-0.03692803531925781,-0.02937498956790574
1,middle_500_1000,31,3.0075075075075075,-0.0413269132489586,-0.03693409253730651,-0.029523872593003597
1,middle_500_1000,31,3.006006006006006,-0.04144920947214398,-0.03690696654521708,-0.02964330359108297
1,middle_500_1000,31,3.0045045045045047,-0.0415156201674855,-0.036814646484367386,-0.029732346351721062
1,middle_500_1000,31,3.003003003003003,-0.04159199934152713,-0.03681150868068661,-0.029834358116473447
1,middle_500_1000,31,3.0015015015015014,-0.04172104439596691,-0.03687937999702373,-0.029953192206443213
1,middle_500_1000,31,3.0,-0.04186971726220157,-0.036965454743261184,-0.030018509441189167
1,middle_500_1000,31,2.9984984984984986,-0.04200630136996997,-0.03702074176347725,-0.030050472054720057
1,middle_500_1000,31,2.996996996996997,-0.04214181762181407,-0.037039305600407024,-0.03006506066158865
1,middle_500_1000,31,2.9954954954954953,-0.04229103603528339,-0.037057667051279664,-0.030164664059191326
1,middle_500_1000,31,2.993993993993994,-0.04244853913935753,-0.03706639697569403,-0.030420418291268903
1,middle_500_1000,31,2.9924924924924925,-0.04260173016314056,-0.037064811901512895,-0.03068525644339959
1,middle_500_1000,31,2.990990990990991,-0.04272703548801493,-0.03708978397521423,-0.03082799161279437
1,middle_500_1000,31,2.9894894894894897,-0.04281622985802913,-0.03711869578038063,-0.030935932907878716
1,middle_500_1000,31,2.987987987987988,-0.04289078150105313,-0.03712608651530014,-0.031013442665590585
1,middle_500_1000,31,2.9864864864864864,-0.042998838411724194,-0.037161968890654595,-0.031089196887360282
1,middle_500_1000,31,2.984984984984985,-0.043164729856660033,-0.03726771228244763,-0.031097816055202454
1,middle_500_1000,31,2.9834834834834836,-0.04335679077892057,-0.03739041529787113,-0.03111456465643142
1,middle_500_1000,31,2.981981981981982,-0.04351883311024052,-0.03748311621899425,-0.03121682086078198
1,middle_500_1000,31,2.9804804804804803,-0.04362619713859983,-0.03757632924547005,-0.03140123909813819
1,middle_500_1000,31,2.978978978978979,-0.04370083435059291,-0.03768634430971651,-0.03161065046685119
1,middle_500_1000,31,2.9774774774774775,-0.04377019667813292,-0.03776022294084924,-0.0317895107149207
1,middle_500_1000,31,2.975975975975976,-0.043849372168774214,-0.03774023137697624,-0.031935992830979365
1,middle_500_1000,31,2.9744744744744747,-0.043949026596899976,-0.03793884413977777,-0.032068612119070916
1,middle_500_1000,31,2.972972972972973,-0.04407734576132638,-0.03813791316439685,-0.032200397695219485
1,middle_500_1000,31,2.9714714714714714,-0.04422590248181274,-0.03829435507130652,-0.03232682211071519
1,middle_500_1000,31,2.96996996996997,-0.0443618390382895,-0.03838184294071956,-0.03243453922550604
1,middle_500_1000,31,2.9684684684684686,-0.04445530999913533,-0.038417776387211555,-0.032565445595527265
1,middle_500_1000,31,2.966966966966967,-0.04451216192759955,-0.038449355912519856,-0.03269674211683532
1,middle_500_1000,31,2.9654654654654653,-0.04456184580785305,-0.03850558996099929,-0.03280936436773918
1,middle_500_1000,31,2.963963963963964,-0.04463281237934996,-0.03857712759275478,-0.032915688216270333
1,middle_500_1000,31,2.9624624624624625,-0.04472366489893803,-0.03863426155240257,-0.03304477308015086
1,middle_500_1000,31,2.960960960960961,-0.04481503084693844,-0.038660639395168284,-0.033177021915471894
1,middle_500_1000,31,2.9594594594594597,-0.04488343291055874,-0.03866254704854222,-0.03332490752269851
1,middle_500_1000,31,2.957957957957958,-0.04491988651989964,-0.03865928131429319,-0.03347628157207555
1,middle_500_1000,31,2.9564564564564564,-0.044926943662213115,-0.03867055240465411,-0.03361389109445534
1,middle_500_1000,31,2.954954954954955,-0.0449152064441809,-0.038710164795709656,-0.033737908100631375
1,middle_500_1000,31,2.9534534534534536,-0.04489810877180406,-0.038788285293765545,-0.03386294416066232
1,middle_500_1000,31,2.951951951951952,-0.04488611746059129,-0.03891109919510427,-0.0339938574791937
1,middle_500_1000,31,2.9504504504504503,-0.04488745911811998,-0.03906408476690648,-0.03412454610589183
1,middle_500_1000,31,2.948948948948949,-0.044904676362275464,-0.039219201130481496,-0.034243667056091665
1,middle_500_1000,31,2.9474474474474475,-0.04493569457391983,-0.039339092921124696,-0.034343559516014754
1,middle_500_1000,31,2.945945945945946,-0.044972257054350984,-0.03940198193701194,-0.03442950305779652
1,middle_500_1000,31,2.9444444444444446,-0.04500599128065147,-0.03941813922552684,-0.034508909860325065
1,middle_500_1000,31,2.942942942942943,-0.0450280832425779,-0.03940679284880477,-0.034585574837835975
1,middle_500_1000,31,2.9414414414414414,-0.04499389361991213,-0.03939885746460259,-0.034657791581138575
1,middle_500_1000,31,2.93993993993994,-0.044931742328378654,-0.03941171409659816,-0.03471827325656279
1,middle_500_1000,31,2.9384384384384385,-0.044907579174265355,-0.039437737933031625,-0.03476308723761867
1,middle_500_1000,31,2.936936936936937,-0.04489967941125883,-0.03946519974632534,-0.034794073030863515
1,middle_500_1000,31,2.9354354354354353,-0.04490515167894521,-0.03947820648424727,-0.03482259816362715
1,middle_500_1000,31,2.933933933933934,-0.04492518247507338,-0.03946908394779025,-0.0348623408147935
1,middle_500_1000,31,2.9324324324324325,-0.0449552176064395,-0.039447268480589215,-0.03492451255896156
1,middle_500_1000,31,2.930930930930931,-0.04498397466816506,-0.039423843591822605,-0.03500942052795036
1,middle_500_1000,31,2.9294294294294296,-0.04499972645996525,-0.039408333405261176,-0.03510331821459656
1,middle_500_1000,31,2.9279279279279278,-0.044990506359118165,-0.03940810888681223,-0.0351810821432289
1,middle_500_1000,31,2.9264264264264264,-0.0449511966339059,-0.039419196493563846,-0.0352119063936952
1,middle_500_1000,31,2.924924924924925,-0.04489150684994858,-0.039432896440660725,-0.035148102040032436
1,middle_500_1000,31,2.9234234234234235,-0.04482340183790523,-0.03944122647007864,-0.035071250820488176
1,middle_500_1000,31,2.921921921921922,-0.04475919959440822,-0.039437385195011054,-0.034996489889057514
1,middle_500_1000,31,2.9204204204204203,-0.044743488461722825,-0.03941720547969163,-0.034926831068021025
1,middle_500_1000,31,2.918918918918919,-0.04474606870432979,-0.03938278259093675,-0.0348639248524909
1,middle_500_1000,31,2.9174174174174174,-0.04472954363095982,-0.0393371809758033,-0.034809147440956645
1,middle_500_1000,31,2.915915915915916,-0.04468832615717555,-0.0392838883056833,-0.034762944735321155
1,middle_500_1000,31,2.9144144144144146,-0.04466838538485951,-0.039226840818957776,-0.03472326892883737
1,middle_500_1000,31,2.9129129129129128,-0.04466688568259247,-0.039169724312239196,-0.0346874098748553
1,middle_500_1000,31,2.9114114114114114,-0.04465794539188861,-0.039114696111090086,-0.03465274827671966
1,middle_500_1000,31,2.90990990990991,-0.044639672441897926,-0.039063379834836875,-0.0346160063125181
1,middle_500_1000,31,2.9084084084084085,-0.04461077011469877,-0.03901734410384816,-0.0345734151936512
1,middle_500_1000,31,2.906906906906907,-0.044601949369990956,-0.038978039977103585,-0.034522567396902626
1,middle_500_1000,31,2.9054054054054053,-0.04458534819160703,-0.03894687820773335,-0.03446251513981691
1,middle_500_1000,31,2.903903903903904,-0.04455554247397253,-0.03892406749335153,-0.03439244900002314
1,middle_500_1000,31,2.9024024024024024,-0.044518417014414946,-0.038908106716309954,-0.03431203425165258
1,middle_500_1000,31,2.900900900900901,-0.04446554923192292,-0.03889724912066572,-0.03422167765127404
1,middle_500_1000,31,2.8993993993993996,-0.0443909748758774,-0.038888106184631455,-0.03412182957072196
1,middle_500_1000,31,2.8978978978978978,-0.0442950880988735,-0.038876065692418305,-0.034013979985739407
1,middle_500_1000,31,2.8963963963963963,-0.04418448839666789,-0.03881015815439437,-0.03390091623653879
1,middle_500_1000,31,2.894894894894895,-0.04407606993435137,-0.038754696426307356,-0.033785511291447856
1,middle_500_1000,31,2.8933933933933935,-0.04404379836767103,-0.03870697716522853,-0.03367026837622239
1,middle_500_1000,31,2.891891891891892,-0.04401675684850037,-0.03867220011672978,-0.03355771483273523
1,middle_500_1000,31,2.8903903903903903,-0.04399372231315729,-0.038636269976012105,-0.03345183260102297
1,middle_500_1000,31,2.888888888888889,-0.04397348164450876,-0.038591979978851,-0.033355750316944655
1,middle_500_1000,31,2.8873873873873874,-0.043953963819883424,-0.038515160282859284,-0.0332692172254444
1,middle_500_1000,31,2.885885885885886,-0.04393292481691319,-0.03843716640872563,-0.0331910377821068
1,middle_500_1000,31,2.8843843843843846,-0.043908092710068125,-0.03835964010300019,-0.033120022544763594
1,middle_500_1000,31,2.8828828828828827,-0.043877225491798066,-0.0382829653103981,-0.033054970480847656
1,middle_500_1000,31,2.8813813813813813,-0.043838412759392986,-0.038207279396124116,-0.032992419729875044
1,middle_500_1000,31,2.87987987987988,-0.04379084693946489,-0.03813184780612566,-0.03292740057712806
1,middle_500_1000,31,2.8783783783783785,-0.04373280744062186,-0.03805570657893631,-0.032856550190206
1,middle_500_1000,31,2.876876876876877,-0.04366611147172461,-0.03797789175201094,-0.032778846538648154
1,middle_500_1000,31,2.8753753753753752,-0.04359685782203282,-0.03789765382351262,-0.032693499140452276
1,middle_500_1000,31,2.873873873873874,-0.04352527161064251,-0.03781544590821184,-0.03259975554626465
1,middle_500_1000,31,2.8723723723723724,-0.04345523515466615,-0.03773213443197698,-0.032497781240453105
1,middle_500_1000,31,2.870870870870871,-0.043389207825449416,-0.037648200468701876,-0.032390437992568855
1,middle_500_1000,31,2.8693693693693696,-0.043321240080508416,-0.03756349732943409,-0.03228106141330239
1,middle_500_1000,31,2.8678678678678677,-0.04325122467609965,-0.03747782068391059,-0.032172061537866725
1,middle_500_1000,31,2.8663663663663663,-0.04317881303336507,-0.03739096553122678,-0.032065666757444045
1,middle_500_1000,31,2.864864864864865,-0.043104750983610385,-0.03730237864492392,-0.03196412299695861
1,middle_500_1000,31,2.8633633633633635,-0.043029368255303735,-0.03721058995326776,-0.03186956205254521
1,middle_500_1000,31,2.861861861861862,-0.04295269944286095,-0.03719286681534417,-0.031782842126210575
1,middle_500_1000,31,2.8603603603603602,-0.04287477911173099,-0.037165395510906696,-0.03170321849808583
1,middle_500_1000,31,2.858858858858859,-0.04279564182736284,-0.03712801918719211,-0.031629787872801796
1,middle_500_1000,31,2.8573573573573574,-0.0427155245592124,-0.037083523030411736,-0.03156065028693522
1,middle_500_1000,31,2.855855855855856,-0.04263494248227323,-0.03703549892207747,-0.03149327411651576
1,middle_500_1000,31,2.8543543543543546,-0.04255315971623885,-0.03698741430959063,-0.03142512287667465
1,middle_500_1000,31,2.8528528528528527,-0.04246995462465181,-0.036940942199602866,-0.03135375576930982
1,middle_500_1000,31,2.8513513513513513,-0.042385183342968036,-0.03685734709260624,-0.03127773187100391
1,middle_500_1000,31,2.84984984984985,-0.042298702006643873,-0.0367708629544129,-0.031196290249282166
1,middle_500_1000,31,2.8483483483483485,-0.04221036582095922,-0.03668764930676838,-0.031108775326332827
1,middle_500_1000,31,2.846846846846847,-0.04211959900977297,-0.03660709175609522,-0.031015421268048238
1,middle_500_1000,31,2.8453453453453452,-0.04202584849992291,-0.036527916777674196,-0.03091668312459328
1,middle_500_1000,31,2.843843843843844,-0.041929967456655115,-0.036448848261247724,-0.03081303146691705
1,middle_500_1000,31,2.8423423423423424,-0.04183300062764361,-0.03636861009655823,-0.030704918416818217
1,middle_500_1000,31,2.840840840840841,-0.041735995691674244,-0.036285926173347915,-0.030592133035187652
1,middle_500_1000,31,2.8393393393393396,-0.04164000032753279,-0.036199521372375476,-0.030474417448731972
1,middle_500_1000,31,2.8378378378378377,-0.04154608836953794,-0.036108685326040724,-0.030352771887237895
1,middle_500_1000,31,2.8363363363363363,-0.04145587926361072,-0.03601429562209146,-0.0302287446816083
1,middle_500_1000,31,2.834834834834835,-0.041370272262836016,-0.03591750909366731,-0.030103880942339456
1,middle_500_1000,31,2.8333333333333335,-0.04128835115498297,-0.03581948257390766,-0.029979796915266643
1,middle_500_1000,31,2.831831831831832,-0.04120882343115123,-0.0357213728959519,-0.029858506215798497
1,middle_500_1000,31,2.83033033033033,-0.04113039651374617,-0.03562433689293931,-0.02974238952071573
1,middle_500_1000,31,2.828828828828829,-0.04105177782517305,-0.035529593796204684,-0.029633482101871722
1,middle_500_1000,31,2.8273273273273274,-0.040971600524978835,-0.035437742242185544,-0.029531958352150556
1,middle_500_1000,31,2.825825825825826,-0.04088819944040434,-0.03534796835104159,-0.029437317495779103
1,middle_500_1000,31,2.8243243243243246,-0.040801120035287186,-0.0352593504557156,-0.029349039548260514
1,middle_500_1000,31,2.8228228228228227,-0.04071112900547569,-0.03517096688915078,-0.029265893920890795
1,middle_500_1000,31,2.8213213213213213,-0.0406191191384489,-0.03508189598428979,-0.029185698591670195
1,middle_500_1000,31,2.81981981981982,-0.040525983221685435,-0.034991216074075626,-0.02910625090711677
1,middle_500_1000,31,2.8183183183183185,-0.040432614045583626,-0.03489785079811325,-0.02902545280216373
1,middle_500_1000,31,2.816816816816817,-0.040339902357439894,-0.03480164383897566,-0.02894201967255705
1,middle_500_1000,31,2.815315315315315,-0.04024794948857113,-0.034703494070808194,-0.02885488872409331
1,middle_500_1000,31,2.813813813813814,-0.04015548085275206,-0.034604316219886355,-0.02876311741104176
1,middle_500_1000,31,2.8123123123123124,-0.04006086481368698,-0.034505025012485424,-0.02866716751749504
1,middle_500_1000,31,2.810810810810811,-0.039962459621728064,-0.03440653517488079,-0.028568171952177424
1,middle_500_1000,31,2.8093093093093096,-0.03985862352722791,-0.03430977475786223,-0.02846722546895669
1,middle_500_1000,31,2.8078078078078077,-0.03974773117381791,-0.03421606528433485,-0.028365527618229025
1,middle_500_1000,31,2.8063063063063063,-0.03962895586832543,-0.03412577171270759,-0.028263900487139615
1,middle_500_1000,31,2.804804804804805,-0.03950393349188874,-0.034038736271398196,-0.028163114336593686
1,middle_500_1000,31,2.8033033033033035,-0.039375567743823225,-0.033954801188823436,-0.02806372237898791
1,middle_500_1000,31,2.801801801801802,-0.03924682897937054,-0.03387380869340084,-0.027965382606573164
1,middle_500_1000,31,2.8003003003003,-0.03912068710268435,-0.03379560101354773,-0.027867506044161994
1,middle_500_1000,31,2.798798798798799,-0.03900011201791903,-0.03371982070446378,-0.02776946967915811
1,middle_500_1000,31,2.7972972972972974,-0.038887974124612146,-0.033644342935266414,-0.027671057751892658
1,middle_500_1000,31,2.795795795795796,-0.0387852721959116,-0.03356686475916837,-0.027572515370363926
1,middle_500_1000,31,2.7942942942942945,-0.038690074538035024,-0.033485218794661376,-0.027474096761854194
1,middle_500_1000,31,2.7927927927927927,-0.038600186883489374,-0.03339723766023783,-0.0273758579635468
1,middle_500_1000,31,2.7912912912912913,-0.03851358856629633,-0.03330075397438936,-0.027277862225722982
1,middle_500_1000,31,2.78978978978979,-0.0384282589241568,-0.03319360035560848,-0.027180572264254355
1,middle_500_1000,31,2.7882882882882885,-0.03834217729477174,-0.03307465181789615,-0.027084436016461655
1,middle_500_1000,31,2.786786786786787,-0.038253625603021923,-0.03294744007725103,-0.026989033009781893
1,middle_500_1000,31,2.785285285285285,-0.03816286887478809,-0.032816558566492016,-0.026893587427178123
1,middle_500_1000,31,2.7837837837837838,-0.03807127478697109,-0.032686584950329944,-0.02679737664611348
1,middle_500_1000,31,2.7822822822822824,-0.0379793105587225,-0.032562096893475445,-0.02670039143977021
1,middle_500_1000,31,2.7807807807807805,-0.0378873079920542,-0.03244767206063881,-0.026602456399696384
1,middle_500_1000,31,2.7792792792792795,-0.03779559888897838,-0.03234786553428626,-0.026503004993599255
1,middle_500_1000,31,2.7777777777777777,-0.03770451008107889,-0.032264067810963915,-0.02640195525464989
1,middle_500_1000,31,2.7762762762762763,-0.03761381018508042,-0.03219134574011706,-0.02630065774953899
1,middle_500_1000,31,2.774774774774775,-0.037521863031252156,-0.03212403136248154,-0.026200687536539202
1,middle_500_1000,31,2.773273273273273,-0.037427398378383214,-0.03205645675885305,-0.0261034552243406
1,middle_500_1000,31,2.771771771771772,-0.03733019400455195,-0.03198295401002793,-0.026009709618401766
1,middle_500_1000,31,2.77027027027027,-0.03723007936144018,-0.03189785519680233,-0.02592081403729618
1,middle_500_1000,31,2.7687687687687688,-0.03712688390072949,-0.031795739638423304,-0.025838086193837595
1,middle_500_1000,31,2.7672672672672673,-0.037020498149563597,-0.03167649945123596,-0.025760761028327583
1,middle_500_1000,31,2.7657657657657655,-0.03691173160115324,-0.03154567251842133,-0.02568658411266389
1,middle_500_1000,31,2.7642642642642645,-0.03680216070378417,-0.03140914673839934,-0.025613247184481214
1,middle_500_1000,31,2.7627627627627627,-0.03669265825815288,-0.031272810009589924,-0.025538868178027696
1,middle_500_1000,31,2.7612612612612613,-0.036583586453485195,-0.031142550230414012,-0.02546190806240367
1,middle_500_1000,31,2.75975975975976,-0.03647530483869693,-0.031024255299291426,-0.025380053255455004
1,middle_500_1000,31,2.758258258258258,-0.03636817296270384,-0.0309231345206622,-0.02529204176848332
1,middle_500_1000,31,2.756756756756757,-0.0362625669614422,-0.03083808301192925,-0.025199614039347673
1,middle_500_1000,31,2.755255255255255,-0.036159114374907764,-0.030763987453352515,-0.02510518411924284
1,middle_500_1000,31,2.7537537537537538,-0.03605854026085953,-0.030695625927469217,-0.025011146474126944
1,middle_500_1000,31,2.7522522522522523,-0.03596182653873742,-0.030627776516816807,-0.02491925934601108
1,middle_500_1000,31,2.7507507507507505,-0.035870115889576226,-0.030555217303932625,-0.02483141378821324
1,middle_500_1000,31,2.7492492492492495,-0.035784550994411524,-0.03047272751745389,-0.024749932811953257
1,middle_500_1000,31,2.7477477477477477,-0.03570627453421926,-0.03037648344913635,-0.024675108505304078
1,middle_500_1000,31,2.7462462462462462,-0.035635636422108985,-0.030268653112224042,-0.024604929689923893
1,middle_500_1000,31,2.744744744744745,-0.03553601735320161,-0.03015333816707,-0.024537194423359332
1,middle_500_1000,31,2.743243243243243,-0.0354276935905406,-0.030034646335959647,-0.024469764561067364
1,middle_500_1000,31,2.741741741741742,-0.03532436990370691,-0.029916685341178972,-0.02440097244797962
1,middle_500_1000,31,2.74024024024024,-0.0352260523120303,-0.02980356290501407,-0.024328482091426906
1,middle_500_1000,31,2.7387387387387387,-0.035132394685588486,-0.029699351274543484,-0.02425000289254986
1,middle_500_1000,31,2.7372372372372373,-0.035043039528261766,-0.02960597058950687,-0.024165767077593547
1,middle_500_1000,31,2.7357357357357355,-0.034957608492750425,-0.029521128580442868,-0.024077233858329716
1,middle_500_1000,31,2.7342342342342345,-0.034875222323869304,-0.029441961977153097,-0.02398588608454222
1,middle_500_1000,31,2.7327327327327327,-0.03479344925209449,-0.02936560750943884,-0.0238931214029402
1,middle_500_1000,31,2.7312312312312312,-0.03471007084673661,-0.029289201907101492,-0.023800504527913158
1,middle_500_1000,31,2.72972972972973,-0.034623716950049455,-0.029209881899942447,-0.023710626715019223
1,middle_500_1000,31,2.728228228228228,-0.03453320778069974,-0.02912495005251836,-0.023625533758546258
1,middle_500_1000,31,2.726726726726727,-0.03443736434996586,-0.029034050779415455,-0.023545250262677286
1,middle_500_1000,31,2.725225225225225,-0.034335222786360975,-0.028938796817730594,-0.023469393091916535
1,middle_500_1000,31,2.7237237237237237,-0.03422744081529211,-0.02884087872971819,-0.02339757888473326
1,middle_500_1000,31,2.7222222222222223,-0.03411643154841981,-0.02874198707763298,-0.023329478607462373
1,middle_500_1000,31,2.7207207207207205,-0.03400429763934354,-0.028643812423729487,-0.023263849573588846
1,middle_500_1000,31,2.7192192192192195,-0.03389253445031898,-0.028548045330262783,-0.023198299354121987
1,middle_500_1000,31,2.7177177177177176,-0.03378253485747024,-0.028456130986257544,-0.023130894135835134
1,middle_500_1000,31,2.7162162162162162,-0.03367568286823219,-0.028368115333635813,-0.023060301013246964
1,middle_500_1000,31,2.714714714714715,-0.03357301015599373,-0.028283464565026395,-0.022985182925974734
1,middle_500_1000,31,2.713213213213213,-0.03347406863005975,-0.02820163965772604,-0.022904206079662592
1,middle_500_1000,31,2.7117117117117115,-0.03337758820788983,-0.028122101589031723,-0.022816287406460245
1,middle_500_1000,31,2.71021021021021,-0.03328304001168231,-0.028044311336239747,-0.022722367019066825
1,middle_500_1000,31,2.7087087087087087,-0.03319056517953972,-0.027967728890494592,-0.02262450065279209
1,middle_500_1000,31,2.7072072072072073,-0.033100348216953124,-0.027891613154987338,-0.022525195917735497
1,middle_500_1000,31,2.7057057057057055,-0.03301252480955458,-0.02781467634698409,-0.022427827663794253
1,middle_500_1000,31,2.704204204204204,-0.032926880620418375,-0.02773552935234036,-0.022335876111182595
1,middle_500_1000,31,2.7027027027027026,-0.03284344455051841,-0.027652783056911212,-0.02225273225081348
1,middle_500_1000,31,2.701201201201201,-0.03276203514158349,-0.027565048346551824,-0.0221807352455079
1,middle_500_1000,31,2.6996996996997,-0.03268128638214163,-0.02747093610711704,-0.022119336175208337
1,middle_500_1000,31,2.698198198198198,-0.03259930769997732,-0.027369142342678954,-0.022067014386593753
1,middle_500_1000,31,2.6966966966966965,-0.032514203378743,-0.02726060369221761,-0.022020467967343582
1,middle_500_1000,31,2.695195195195195,-0.03242448621067101,-0.02714903101973931,-0.021975156907417137
1,middle_500_1000,31,2.6936936936936937,-0.03232991654292494,-0.027038339104809794,-0.02192650634482174
1,middle_500_1000,31,2.6921921921921923,-0.032230645035525085,-0.02693244272699491,-0.021870242224533043
1,middle_500_1000,31,2.6906906906906904,-0.032127360000784866,-0.026835256665859397,-0.021803947485229402
1,middle_500_1000,31,2.689189189189189,-0.03202163351537146,-0.02675069570096944,-0.021727531079200335
1,middle_500_1000,31,2.6876876876876876,-0.03191524026288167,-0.026682070081935017,-0.02164162876040876
1,middle_500_1000,31,2.686186186186186,-0.03180994441749979,-0.02662740328577584,-0.02154914565951538
1,middle_500_1000,31,2.684684684684685,-0.03170696481457702,-0.026581639406162205,-0.021453847862034525
1,middle_500_1000,31,2.683183183183183,-0.03160672437078427,-0.026539668723122967,-0.021359491332017866
1,middle_500_1000,31,2.6816816816816815,-0.03150944283755808,-0.026496381516686096,-0.021269497022257222
1,middle_500_1000,31,2.68018018018018,-0.03141499993786506,-0.026446668066880008,-0.02118603723566015
1,middle_500_1000,31,2.6786786786786787,-0.0313231979894501,-0.026385420191590292,-0.021110098631455188
1,middle_500_1000,31,2.6771771771771773,-0.031233835738487703,-0.026308949988951502,-0.02104159179694598
1,middle_500_1000,31,2.6756756756756754,-0.03114671802626473,-0.026219669239788468,-0.020978562496774766
1,middle_500_1000,31,2.674174174174174,-0.031061703811789798,-0.02612174467493955,-0.020918775161923087
1,middle_500_1000,31,2.6726726726726726,-0.030978315098916853,-0.026019343550856,-0.020859997145917908
1,middle_500_1000,31,2.671171171171171,-0.030896327847078964,-0.025916633123987953,-0.020800065597288753
1,middle_500_1000,31,2.66966966966967,-0.03081571685635376,-0.025817780650786437,-0.020737298972754115
1,middle_500_1000,31,2.668168168168168,-0.030736184296326907,-0.02572693129907222,-0.020670397631893378
1,middle_500_1000,31,2.6666666666666665,-0.03065742316852077,-0.025646059936300425,-0.02059957995139483
1,middle_500_1000,31,2.665165165165165,-0.03057917041649011,-0.025573125052399837,-0.02052623556772415
1,middle_500_1000,31,2.6636636636636637,-0.030501503398376928,-0.025505647117595176,-0.020451799293070505
1,middle_500_1000,31,2.6621621621621623,-0.030425110479659068,-0.025441146602110498,-0.020377753185768843
1,middle_500_1000,31,2.6606606606606604,-0.030349700722288264,-0.025377143976170524,-0.02030571221480948
1,middle_500_1000,31,2.659159159159159,-0.030274570856112126,-0.02531115970999953,-0.02023733082967849
1,middle_500_1000,31,2.6576576576576576,-0.030199070533516892,-0.02524083146834899,-0.020173909538005352
1,middle_500_1000,31,2.656156156156156,-0.030122549263511267,-0.025165795952388548,-0.02011523191652298
1,middle_500_1000,31,2.6546546546546548,-0.03004431980734501,-0.025087365168262377,-0.020060698775072106
1,middle_500_1000,31,2.653153153153153,-0.029963475204052903,-0.02500690292182406,-0.0200097054011672
1,middle_500_1000,31,2.6516516516516515,-0.029879174972248457,-0.02492577301892762,-0.01996145118178938
1,middle_500_1000,31,2.65015015015015,-0.029791942727369736,-0.024845339265427535,-0.01991462108349995
1,middle_500_1000,31,2.6486486486486487,-0.02970298653911857,-0.024766965467176938,-0.01986738823691847
1,middle_500_1000,31,2.6471471471471473,-0.029613583812023003,-0.02469172758559912,-0.019818221786183976
1,middle_500_1000,31,2.6456456456456454,-0.029525001195115863,-0.02461911897296165,-0.019765980755894863
1,middle_500_1000,31,2.644144144144144,-0.02943832336566099,-0.024548090990720972,-0.019709465428278672
1,middle_500_1000,31,2.6426426426426426,-0.02935439021342512,-0.02447759449462361,-0.019647544879920265
1,middle_500_1000,31,2.641141141141141,-0.029273420263553007,-0.02440658034041676,-0.01957983150764664
1,middle_500_1000,31,2.6396396396396398,-0.02919465695204959,-0.02433399938384717,-0.01950709265802053
1,middle_500_1000,31,2.638138138138138,-0.029116973340924168,-0.024258803343512048,-0.019430635233650295
1,middle_500_1000,31,2.6366366366366365,-0.029039226977163046,-0.024180485582951494,-0.01935204443873717
1,middle_500_1000,31,2.635135135135135,-0.028960352517742705,-0.024100052419169238,-0.019273707240243798
1,middle_500_1000,31,2.6336336336336337,-0.02887978064326857,-0.024018774802233134,-0.019198138957071453
1,middle_500_1000,31,2.6321321321321323,-0.02879745985887433,-0.023937923682211926,-0.019127526854409216
1,middle_500_1000,31,2.6306306306306304,-0.028714015749439825,-0.023858770009174357,-0.019062683252828783
1,middle_500_1000,31,2.629129129129129,-0.028630188200254703,-0.023782584733188727,-0.01900359466458479
1,middle_500_1000,31,2.6276276276276276,-0.028546625810161708,-0.023710608505827624,-0.018950024643064278
1,middle_500_1000,31,2.626126126126126,-0.028463975868793068,-0.02364296955919709,-0.018900754331288572
1,middle_500_1000,31,2.6246246246246248,-0.02838274433764787,-0.0235782175422532,-0.0188495273375493
1,middle_500_1000,31,2.623123123123123,-0.02830304797485622,-0.023514767895916444,-0.018796984171475795
1,middle_500_1000,31,2.6216216216216215,-0.028224674520007764,-0.02345103606110821,-0.01874412892847732
1,middle_500_1000,31,2.62012012012012,-0.028147170354029083,-0.023385437478749882,-0.018689761495205737
1,middle_500_1000,31,2.6186186186186187,-0.028070516725768713,-0.0233163875897624,-0.018632824999697983
1,middle_500_1000,31,2.6171171171171173,-0.02799479907414759,-0.02324251624976137,-0.018572600859482202
1,middle_500_1000,31,2.6156156156156154,-0.027920098257137593,-0.023164372270709555,-0.018509356626532414
1,middle_500_1000,31,2.614114114114114,-0.027846375714746074,-0.02308365875960039,-0.01844385278577787
1,middle_500_1000,31,2.6126126126126126,-0.02777360936785922,-0.023002104319680416,-0.018376952398905688
1,middle_500_1000,31,2.611111111111111,-0.027702079563225013,-0.02292143755419751,-0.018309825704044047
1,middle_500_1000,31,2.6096096096096097,-0.027631845119289733,-0.022843387066398657,-0.01824348374006657
1,middle_500_1000,31,2.608108108108108,-0.027562496027069283,-0.022769681459531288,-0.018178902699322652
1,middle_500_1000,31,2.6066066066066065,-0.027493587675934572,-0.022701531012344178,-0.018116875608094718
1,middle_500_1000,31,2.605105105105105,-0.027424757954755186,-0.02263780096862522,-0.018057634524377475
1,middle_500_1000,31,2.6036036036036037,-0.02735633512622715,-0.022576636046810483,-0.018001258696818234
1,middle_500_1000,31,2.6021021021021022,-0.027288364911860985,-0.02251617864340938,-0.01794751384123905
1,middle_500_1000,31,2.6006006006006004,-0.02722021343311637,-0.02245457115493088,-0.017895307389213855
1,middle_500_1000,31,2.599099099099099,-0.027151501314397752,-0.02238995597788418,-0.017843436327035778
1,middle_500_1000,31,2.5975975975975976,-0.02708210876806788,-0.022320504839453248,-0.017790775018702742
1,middle_500_1000,31,2.596096096096096,-0.027011919554103814,-0.022246119630362715,-0.017736466214350544
1,middle_500_1000,31,2.5945945945945947,-0.026940611688450078,-0.022169296507627445,-0.01767998123194292
1,middle_500_1000,31,2.593093093093093,-0.026867142387260068,-0.022092733276211085,-0.017620836234787718
1,middle_500_1000,31,2.5915915915915915,-0.02679152785558031,-0.022019127741077282,-0.017559195642732228
1,middle_500_1000,31,2.59009009009009,-0.026714856212672,-0.021951177707188796,-0.017496417546667864
1,middle_500_1000,31,2.5885885885885886,-0.02663836325539015,-0.021891580979509273,-0.01743397192554552
1,middle_500_1000,31,2.5870870870870872,-0.026563271558831647,-0.0218426745026552,-0.01737311948730491
1,middle_500_1000,31,2.5855855855855854,-0.02649080405828197,-0.021803075821230422,-0.017314744384898106
1,middle_500_1000,31,2.584084084084084,-0.026422230931476665,-0.021769429695717157,-0.017259373603484285
1,middle_500_1000,31,2.5825825825825826,-0.026358424195125796,-0.02173839016648005,-0.017207456909530516
1,middle_500_1000,31,2.581081081081081,-0.026298675262779958,-0.021706611273883958,-0.017158576060184116
1,middle_500_1000,31,2.5795795795795797,-0.026241133300960784,-0.02167074705829264,-0.017111567333586764
1,middle_500_1000,31,2.578078078078078,-0.026183494704814403,-0.02162745156101953,-0.017065271518206027
1,middle_500_1000,31,2.5765765765765765,-0.02612342450498062,-0.02157472722264986,-0.017018676737574845
1,middle_500_1000,31,2.575075075075075,-0.026058620656427833,-0.021514935598287988,-0.016971029687492645
1,middle_500_1000,31,2.5735735735735736,-0.02598752353330791,-0.021451007756905005,-0.016921720173038723
1,middle_500_1000,31,2.5720720720720722,-0.025910030908372406,-0.02138586427088085,-0.016870250471733184
1,middle_500_1000,31,2.5705705705705704,-0.025827679652740354,-0.02132242571259546,-0.016816654724655544
1,middle_500_1000,31,2.569069069069069,-0.02574306268251747,-0.021263612654427888,-0.01676108683976818
1,middle_500_1000,31,2.5675675675675675,-0.025659160927384517,-0.021212308469488184,-0.01670376707335708
1,middle_500_1000,31,2.566066066066066,-0.025578969114088523,-0.021168856449475193,-0.01664507311039276
1,middle_500_1000,31,2.5645645645645647,-0.02550530556721553,-0.021130225743313247,-0.01658538440373669
1,middle_500_1000,31,2.563063063063063,-0.025439625410231703,-0.021093309249179404,-0.01652507282429705
1,middle_500_1000,31,2.5615615615615615,-0.025382035183543206,-0.02105499986525028,-0.016464492877864334
1,middle_500_1000,31,2.56006006006006,-0.02533116856969142,-0.02101219048970293,-0.016404175857979375
1,middle_500_1000,31,2.5585585585585586,-0.025284419986437268,-0.020961774020713753,-0.016344725621709633
1,middle_500_1000,31,2.557057057057057,-0.025238917828114937,-0.020900940090408993,-0.01628646741445472
1,middle_500_1000,31,2.5555555555555554,-0.025191790089871824,-0.02083074384406558,-0.016229511840769262
1,middle_500_1000,31,2.554054054054054,-0.025140441134952174,-0.020754697820856594,-0.01617421371196881
1,middle_500_1000,31,2.5525525525525525,-0.02508323701094417,-0.020676319405783294,-0.016120958081557113
1,middle_500_1000,31,2.551051051051051,-0.025019355967537016,-0.020599125983847166,-0.016069674658988342
1,middle_500_1000,31,2.5495495495495497,-0.02494932870776323,-0.020526634940049693,-0.016019763204920157
1,middle_500_1000,31,2.548048048048048,-0.024874913780593144,-0.020462363659391913,-0.015970616432718465
1,middle_500_1000,31,2.5465465465465464,-0.024798030964051976,-0.02040909971208893,-0.015921884454803803
1,middle_500_1000,31,2.545045045045045,-0.02472059810328553,-0.0203653888180777,-0.01587300066054953
1,middle_500_1000,31,2.5435435435435436,-0.02464446296769951,-0.020328197340444554,-0.015822943865305916
1,middle_500_1000,31,2.542042042042042,-0.02457117825342936,-0.02029448505969067,-0.015770867772254782
1,middle_500_1000,31,2.5405405405405403,-0.024501793715686282,-0.020261211756317676,-0.015717262399932985
1,middle_500_1000,31,2.539039039039039,-0.02443652472417923,-0.020225337210826977,-0.015663164119882667
1,middle_500_1000,31,2.5375375375375375,-0.024374758256529683,-0.020183822515768002,-0.015609608722710333
1,middle_500_1000,31,2.536036036036036,-0.0243158434603018,-0.020134527869952068,-0.015557653767509838
1,middle_500_1000,31,2.5345345345345347,-0.024259110981980747,-0.020078519842967157,-0.015508792427469054
1,middle_500_1000,31,2.533033033033033,-0.02420374160172356,-0.020017784167178254,-0.015464839215429071
1,middle_500_1000,31,2.5315315315315314,-0.024149248000354118,-0.019954310703087508,-0.015426830604466257
1,middle_500_1000,31,2.53003003003003,-0.02409533880546255,-0.019890089311195736,-0.015393174408337318
1,middle_500_1000,31,2.5285285285285286,-0.024042200122907698,-0.01982710985200531,-0.015361667848863392
1,middle_500_1000,31,2.527027027027027,-0.023990395457967884,-0.019767358723480788,-0.015330117061797544
1,middle_500_1000,31,2.5255255255255253,-0.023940490793238456,-0.019712047307303804,-0.01529629842852287
1,middle_500_1000,31,2.524024024024024,-0.023892991833017185,-0.019660173798646596,-0.015257766067634848
1,middle_500_1000,31,2.5225225225225225,-0.023848145668485365,-0.01961032297153742,-0.015212016667981554
1,middle_500_1000,31,2.521021021021021,-0.02380556990521554,-0.01956107960000386,-0.0151581762097589
1,middle_500_1000,31,2.5195195195195197,-0.023764291704591822,-0.019511028458075064,-0.015098851226301613
1,middle_500_1000,31,2.518018018018018,-0.02372272432601885,-0.019458754319778393,-0.015037104312292437
1,middle_500_1000,31,2.5165165165165164,-0.02367914145412331,-0.0194028185433468,-0.014975911775013229
1,middle_500_1000,31,2.515015015015015,-0.023631819306284663,-0.019342410903270713,-0.014918125908292557
1,middle_500_1000,31,2.5135135135135136,-0.02357927146947303,-0.0192792904993897,-0.01486649344749813
1,middle_500_1000,31,2.512012012012012,-0.02352059141514229,-0.01921569943029744,-0.014823650934806198
1,middle_500_1000,31,2.5105105105105103,-0.023455894322998883,-0.01915387979458738,-0.014789898778428956
1,middle_500_1000,31,2.509009009009009,-0.023386645912191195,-0.019096073690852977,-0.014763117300383488
1,middle_500_1000,31,2.5075075075075075,-0.02331472294263559,-0.019044523217687903,-0.014740992057801106
1,middle_500_1000,31,2.506006006006006,-0.02324201998155817,-0.019001564639025803,-0.01472081778518719
1,middle_500_1000,31,2.5045045045045047,-0.023170431313103923,-0.01896776486587015,-0.014699892181025853
1,middle_500_1000,31,2.503003003003003,-0.023101844122211834,-0.01894060704270406,-0.014675636113627766
1,middle_500_1000,31,2.5015015015015014,-0.023037860705739543,-0.018917367027882603,-0.01464567295296293
1,middle_500_1000,31,2.5,-0.022978801844585228,-0.018895320679761074,-0.01460941987052733
1,middle_500_1000,31,2.4984984984984986,-0.02292385132193342,-0.018871743856694767,-0.014567255150423897
1,middle_500_1000,31,2.496996996996997,-0.022872114486107042,-0.018843912417038977,-0.014520056479670695
1,middle_500_1000,31,2.4954954954954953,-0.022822696771470974,-0.018808889174419807,-0.014469795072226121
1,middle_500_1000,31,2.493993993993994,-0.022774649112560885,-0.01876573132462389,-0.01441827840069898
1,middle_500_1000,31,2.4924924924924925,-0.022726480633247226,-0.018715629889715313,-0.014367098395750011
1,middle_500_1000,31,2.490990990990991,-0.02267683187569791,-0.018659815789904943,-0.014317601254822176
1,middle_500_1000,31,2.4894894894894897,-0.022625555061987046,-0.01859951994540343,-0.014270080821644049
1,middle_500_1000,31,2.487987987987988,-0.022573255990802843,-0.018535973276421425,-0.014224504919581715
1,middle_500_1000,31,2.4864864864864864,-0.022520601202612567,-0.018470427774927467,-0.014180033602287034
1,middle_500_1000,31,2.484984984984985,-0.022468257248349333,-0.018405009952190188,-0.014135131883202368
1,middle_500_1000,31,2.4834834834834836,-0.02241703352893154,-0.018341529500931708,-0.014089324491102673
1,middle_500_1000,31,2.481981981981982,-0.02236831425136976,-0.018281283290002115,-0.014042483608255218
1,middle_500_1000,31,2.4804804804804803,-0.022322926507573837,-0.01822556818824772,-0.013994823239285026
1,middle_500_1000,31,2.478978978978979,-0.022280371545092992,-0.018175681064515725,-0.013947339896781097
1,middle_500_1000,31,2.4774774774774775,-0.022239487425330773,-0.01813291878765244,-0.013901212775506266
1,middle_500_1000,31,2.475975975975976,-0.02219906985169462,-0.018098452628134254,-0.013858099516614542
1,middle_500_1000,31,2.4744744744744747,-0.022157914423664327,-0.018071769977977548,-0.013819190289311112
1,middle_500_1000,31,2.472972972972973,-0.02211479582788789,-0.01805127670647866,-0.01378406203726823
1,middle_500_1000,31,2.4714714714714714,-0.022068663468360117,-0.018035382445910964,-0.013752079638068015
1,middle_500_1000,31,2.46996996996997,-0.022019388368401338,-0.018022496828545842,-0.013722470090517414
1,middle_500_1000,31,2.4684684684684686,-0.021967931152787723,-0.01801102948665667,-0.01369395762467207
1,middle_500_1000,31,2.466966966966967,-0.02191540887074994,-0.017999390052515274,-0.013665210103861125
1,middle_500_1000,31,2.4654654654654653,-0.021862939020127148,-0.017985941628593682,-0.013634931418940344
1,middle_500_1000,31,2.463963963963964,-0.021811628939486183,-0.017968885080638097,-0.013602805736447454
1,middle_500_1000,31,2.4624624624624625,-0.02176221321763283,-0.01794649639246093,-0.013569742346485891
1,middle_500_1000,31,2.460960960960961,-0.021714688068678822,-0.01791706400929982,-0.013536459801527845
1,middle_500_1000,31,2.4594594594594597,-0.021668298277034537,-0.017878876376391517,-0.013502994581644834
1,middle_500_1000,31,2.457957957957958,-0.0216222435598743,-0.017830221938973656,-0.013469633999791952
1,middle_500_1000,31,2.4564564564564564,-0.021575985913016238,-0.017769389161648386,-0.013436652534331905
1,middle_500_1000,31,2.454954954954955,-0.021528988233958657,-0.017695558717878423,-0.01340419863056419
1,middle_500_1000,31,2.4534534534534536,-0.021480746311395627,-0.01761226525984627,-0.013371578795843053
1,middle_500_1000,31,2.451951951951952,-0.02143127492995356,-0.017524778871339297,-0.013337567858612731
1,middle_500_1000,31,2.4504504504504503,-0.021381401986532267,-0.017438393920273132,-0.01330168955745481
1,middle_500_1000,31,2.448948948948949,-0.021332455406653517,-0.01735840477456385,-0.013264293129476301
1,middle_500_1000,31,2.4474474474474475,-0.02128500197312777,-0.017290105802127087,-0.013225564261590828
1,middle_500_1000,31,2.445945945945946,-0.021239413149813924,-0.017238772019320336,-0.013185806896796937
1,middle_500_1000,31,2.4444444444444446,-0.02119606040057087,-0.01720771422246825,-0.013145464508262261
1,middle_500_1000,31,2.442942942942943,-0.021155217647324753,-0.017193905523365638,-0.013105393262253684
1,middle_500_1000,31,2.4414414414414414,-0.02111657703154657,-0.017191760921731136,-0.013066633091093682
1,middle_500_1000,31,2.43993993993994,-0.02107927095242934,-0.017195653610474038,-0.013029652677290282
1,middle_500_1000,31,2.4384384384384385,-0.021042148594602073,-0.017199956782502746,-0.012994731449662789
1,middle_500_1000,31,2.436936936936937,-0.02100445429838116,-0.01719904363072633,-0.012962130047959097
1,middle_500_1000,31,2.4354354354354353,-0.02096547140565075,-0.01718739186390117,-0.012931396340606138
1,middle_500_1000,31,2.433933933933934,-0.02092448632346222,-0.01716162183931047,-0.012901797052498387
1,middle_500_1000,31,2.4324324324324325,-0.020881339492328288,-0.017123604684712523,-0.01287237750873782
1,middle_500_1000,31,2.4309309309309306,-0.020836973092191347,-0.017076915711923712,-0.012842163035857168
1,middle_500_1000,31,2.4294294294294296,-0.020792341210525644,-0.017025135287591642,-0.012810561026626255
1,middle_500_1000,31,2.4279279279279278,-0.020748264653334347,-0.016959951435177922,-0.012776665437194024
1,middle_500_1000,31,2.4264264264264264,-0.020705270992963154,-0.01690240974327617,-0.012740028009276538
1,middle_500_1000,31,2.424924924924925,-0.020663883117311266,-0.01685758108712765,-0.012701641096061422
1,middle_500_1000,31,2.423423423423423,-0.020624555320582827,-0.016823981320958303,-0.012662834096356934
1,middle_500_1000,31,2.421921921921922,-0.02058625723853691,-0.016800082297267815,-0.012625276453789636
1,middle_500_1000,31,2.4204204204204203,-0.020546881878857448,-0.01677461519270218,-0.01259055495807615
1,middle_500_1000,31,2.418918918918919,-0.020504992673548883,-0.016746397013122527,-0.012559620690622775
1,middle_500_1000,31,2.4174174174174174,-0.02046035971269866,-0.01671698704554969,-0.012533358035221043
1,middle_500_1000,31,2.4159159159159156,-0.020413104677401206,-0.01668410231740003,-0.012511605365182255
1,middle_500_1000,31,2.4144144144144146,-0.020363349377143125,-0.01664540247807933,-0.012493038688764835
1,middle_500_1000,31,2.4129129129129128,-0.020311381235006976,-0.01659959628400398,-0.012476015115306938
1,middle_500_1000,31,2.4114114114114114,-0.020259106044971387,-0.016548642084474707,-0.012458542177314902
1,middle_500_1000,31,2.40990990990991,-0.020209225977950496,-0.0164950651105642,-0.012438872551085667
1,middle_500_1000,31,2.408408408408408,-0.020163104423462808,-0.01644139059334515,-0.012416623513108238
1,middle_500_1000,31,2.406906906906907,-0.02012025953616159,-0.016390143763889586,-0.012392014410972818
1,middle_500_1000,31,2.4054054054054053,-0.02008004262066465,-0.016343867004356305,-0.012365696587531727
1,middle_500_1000,31,2.403903903903904,-0.020041804981589806,-0.016305431928314906,-0.012338524751592361
1,middle_500_1000,31,2.4024024024024024,-0.02000476391178818,-0.016275538452884986,-0.012311434822289802
1,middle_500_1000,31,2.4009009009009006,-0.01996737144267091,-0.01625130094217342,-0.01228541759770685
1,middle_500_1000,31,2.3993993993993996,-0.019927656963622087,-0.016229561414510263,-0.012260746962898472
1,middle_500_1000,31,2.3978978978978978,-0.019885283672416265,-0.01620716188822513,-0.012235722837362073
1,middle_500_1000,31,2.3963963963963963,-0.019841262328045506,-0.016180944381647855,-0.012208405845908987
1,middle_500_1000,31,2.394894894894895,-0.019796641059733444,-0.01614774775778538,-0.012177781085209172
1,middle_500_1000,31,2.393393393393393,-0.019752466971301397,-0.01610363554130423,-0.012143056882165326
1,middle_500_1000,31,2.391891891891892,-0.019709614798018027,-0.016047500288035588,-0.012103755929021687
1,middle_500_1000,31,2.3903903903903903,-0.01966860301055351,-0.01599454668306577,-0.01205962232538671
1,middle_500_1000,31,2.388888888888889,-0.01962977585118686,-0.015937988975062822,-0.01201172450960497
1,middle_500_1000,31,2.3873873873873874,-0.019592302200726497,-0.015883427860356125,-0.011963277563612706
1,middle_500_1000,31,2.3858858858858856,-0.01955484414339148,-0.015836124812540486,-0.011916992140377447
1,middle_500_1000,31,2.3843843843843846,-0.019516061824656594,-0.015799909201638096,-0.01187444254088943
1,middle_500_1000,31,2.3828828828828827,-0.01947464644308461,-0.015777105139780367,-0.011837049731320493
1,middle_500_1000,31,2.3813813813813813,-0.019429847068289874,-0.015760661828888578,-0.011805773778142181
1,middle_500_1000,31,2.37987987987988,-0.01938153123854991,-0.015722791094295863,-0.011781197874381588
1,middle_500_1000,31,2.378378378378378,-0.019329836535935563,-0.015681008676444508,-0.01176185134703378
1,middle_500_1000,31,2.376876876876877,-0.019275184467550832,-0.015635831835005165,-0.011744678806538844
1,middle_500_1000,31,2.3753753753753752,-0.01921813645077719,-0.015587976289919814,-0.011727325751064166
1,middle_500_1000,31,2.373873873873874,-0.019159253980564617,-0.015538685943696118,-0.011708042905087535
1,middle_500_1000,31,2.3723723723723724,-0.019099093910363796,-0.015489338919405293,-0.01168522497424862
1,middle_500_1000,31,2.3708708708708706,-0.019038177679776336,-0.015441313340139207,-0.011657689418408834
1,middle_500_1000,31,2.3693693693693696,-0.018976949653166653,-0.01539755085717176,-0.011624769604263174
1,middle_500_1000,31,2.3678678678678677,-0.018916070564186427,-0.01537887619721845,-0.011587907405105735
1,middle_500_1000,31,2.3663663663663663,-0.018856566869459912,-0.01536462131395866,-0.011549474432207774
1,middle_500_1000,31,2.364864864864865,-0.018799487683397675,-0.015352782526623976,-0.011511129643064222
1,middle_500_1000,31,2.363363363363363,-0.018745881346203808,-0.015341322925362055,-0.011474203586943954
1,middle_500_1000,31,2.361861861861862,-0.018696456840164077,-0.015328205600276146,-0.011439931970298689
1,middle_500_1000,31,2.3603603603603602,-0.018651035695490426,-0.0153113199500865,-0.011409397284716127
1,middle_500_1000,31,2.358858858858859,-0.018609079670661277,-0.01528826801469596,-0.011383109787695522
1,middle_500_1000,31,2.3573573573573574,-0.01856930030050341,-0.015249264975874421,-0.011359864538927233
1,middle_500_1000,31,2.3558558558558556,-0.018529572683202877,-0.01520546809726131,-0.01133810091628451
1,middle_500_1000,31,2.3543543543543546,-0.018487710172124028,-0.015156508027774462,-0.011317355489070091
1,middle_500_1000,31,2.3528528528528527,-0.018441566434580614,-0.015097350674233345,-0.011297481595277548
1,middle_500_1000,31,2.3513513513513513,-0.018389968910823895,-0.015024493460317201,-0.01127805140305782
1,middle_500_1000,31,2.34984984984985,-0.018332818056110645,-0.014940534237108727,-0.01125820071153727
1,middle_500_1000,31,2.348348348348348,-0.018270365223012286,-0.01485178510916807,-0.01123759318408335
1,middle_500_1000,31,2.346846846846847,-0.01820366732529377,-0.014764783509378043,-0.01121698102357327
1,middle_500_1000,31,2.3453453453453452,-0.018134467818307298,-0.014686066870621017,-0.011196790076001273
1,middle_500_1000,31,2.343843843843844,-0.01806452923425106,-0.014622172625780028,-0.011176223441660582
1,middle_500_1000,31,2.3423423423423424,-0.017995426036559348,-0.014579635952165493,-0.011154369753239135
1,middle_500_1000,31,2.3408408408408405,-0.01792734401680718,-0.014562972396577,-0.011131194634456998
1,middle_500_1000,31,2.3393393393393396,-0.017859724501263163,-0.014569568165611946,-0.01110742527261388
1,middle_500_1000,31,2.3378378378378377,-0.017791737489941895,-0.014591576031142361,-0.011083042171168178
1,middle_500_1000,31,2.3363363363363363,-0.017722371661962777,-0.014620354238492617,-0.01105718273558609
1,middle_500_1000,31,2.334834834834835,-0.017650473186238025,-0.014620943497484662,-0.011029584931931069
1,middle_500_1000,31,2.333333333333333,-0.01757488833811116,-0.01460155455768164,-0.011000753773790062
1,middle_500_1000,31,2.331831831831832,-0.017494962809831427,-0.01458289217137354,-0.010971115902967843
1,middle_500_1000,31,2.33033033033033,-0.017411537063946936,-0.014564257116937318,-0.010939966149634328
1,middle_500_1000,31,2.328828828828829,-0.01732632595554595,-0.014544980820492937,-0.010906181457319475
1,middle_500_1000,31,2.3273273273273274,-0.017241857742156586,-0.014506540237407162,-0.010870084339967168
1,middle_500_1000,31,2.3258258258258255,-0.017160235612727837,-0.014415425464362919,-0.010832899910222515
1,middle_500_1000,31,2.3243243243243246,-0.017083495216184796,-0.014311567707963047,-0.010795358057682947
1,middle_500_1000,31,2.3228228228228227,-0.017013656043335268,-0.014199262472315066,-0.010757927397936018
1,middle_500_1000,31,2.3213213213213213,-0.01695185849512504,-0.014164269331762736,-0.01072125976104532
1,middle_500_1000,31,2.31981981981982,-0.01689788830385286,-0.014137501389726692,-0.010686919630413572
1,middle_500_1000,31,2.318318318318318,-0.01684990414323484,-0.014105306798310346,-0.010656392093902789
1,middle_500_1000,31,2.316816816816817,-0.016804513253856235,-0.014067860259017184,-0.010629388669680884
1,middle_500_1000,31,2.315315315315315,-0.016758661430888333,-0.014025629696772679,-0.010604739002121777
1,middle_500_1000,31,2.313813813813814,-0.016709322531430648,-0.013979083036503637,-0.010581462279300902
1,middle_500_1000,31,2.3123123123123124,-0.016653538656951183,-0.01392874647030462,-0.010558637644788593
1,middle_500_1000,31,2.3108108108108105,-0.01658938311535585,-0.013876160024167472,-0.010535103967178383
1,middle_500_1000,31,2.3093093093093096,-0.01651598423041878,-0.01382367492470249,-0.010509267736017347
1,middle_500_1000,31,2.3078078078078077,-0.01643486553553053,-0.013772567793072232,-0.010479899139080207
1,middle_500_1000,31,2.3063063063063063,-0.016348679117623055,-0.013723026022062434,-0.010447110135813786
1,middle_500_1000,31,2.304804804804805,-0.01626005466392888,-0.013675190624180766,-0.01041171941425223
1,middle_500_1000,31,2.303303303303303,-0.016171623366767918,-0.013629202611934454,-0.010374655075470973
1,middle_500_1000,31,2.301801801801802,-0.016085909648882235,-0.013585192312006722,-0.0103368592657066
1,middle_500_1000,31,2.3003003003003,-0.01600488969392,-0.013543036133341735,-0.010299412492854487
1,middle_500_1000,31,2.298798798798799,-0.01592993127836173,-0.013477482394691931,-0.010263622417847507
1,middle_500_1000,31,2.2972972972972974,-0.015860496947345815,-0.013409035458839424,-0.010230311843744455
1,middle_500_1000,31,2.2957957957957955,-0.015795396135895756,-0.013354807476021247,-0.010199498488062786
1,middle_500_1000,31,2.2942942942942945,-0.015733447437078163,-0.013311787915084361,-0.010170724608825732
1,middle_500_1000,31,2.2927927927927927,-0.015685107566159706,-0.01327677530142557,-0.01014317609118609
1,middle_500_1000,31,2.2912912912912913,-0.015657663326261062,-0.013246560897365978,-0.010116005806700246
1,middle_500_1000,31,2.28978978978979,-0.01562927387259383,-0.013217490213161653,-0.010088112705311292
1,middle_500_1000,31,2.288288288288288,-0.015596462274389156,-0.013185212050281114,-0.010058231349242885
1,middle_500_1000,31,2.286786786786787,-0.015557054937468062,-0.013145689274320471,-0.01002593571423338
1,middle_500_1000,31,2.285285285285285,-0.015510214994376548,-0.013098115677379063,-0.009991484141385176
1,middle_500_1000,31,2.2837837837837838,-0.015455225368636083,-0.013043335935741363,-0.009955770445993828
1,middle_500_1000,31,2.2822822822822824,-0.015391397944959473,-0.012982207994897799,-0.009920252267586527
1,middle_500_1000,31,2.2807807807807805,-0.015319225582056228,-0.012915663222476725,-0.009886425273252675
1,middle_500_1000,31,2.2792792792792795,-0.015240769052496272,-0.01284574734619337,-0.009856107961077498
1,middle_500_1000,31,2.2777777777777777,-0.015158365497663473,-0.012775372056335721,-0.009830903627486065
1,middle_500_1000,31,2.2762762762762763,-0.015074565663444117,-0.012707128952385238,-0.009810903672059501
1,middle_500_1000,31,2.274774774774775,-0.014990962427788967,-0.012641920307804533,-0.009795081130559713
1,middle_500_1000,31,2.273273273273273,-0.014908832290778662,-0.01258012896244498,-0.009781547594646778
1,middle_500_1000,31,2.271771771771772,-0.014829505103672314,-0.012522137614519924,-0.009768035257620267
1,middle_500_1000,31,2.27027027027027,-0.014754558259314932,-0.012468263525153178,-0.00975226228378423
1,middle_500_1000,31,2.2687687687687688,-0.014685556425047652,-0.01241816601174861,-0.009731642748582181
1,middle_500_1000,31,2.2672672672672673,-0.014623536265827908,-0.01237112367891946,-0.009703969571520865
1,middle_500_1000,31,2.2657657657657655,-0.014568842132046456,-0.012326366295263291,-0.009668821133369754
1,middle_500_1000,31,2.2642642642642645,-0.014521203318849318,-0.012283041453937882,-0.00962714642822049
1,middle_500_1000,31,2.2627627627627627,-0.014480097326498909,-0.012240287803467087,-0.009580575905914435
1,middle_500_1000,31,2.2612612612612613,-0.014444551485404244,-0.012197243992374096,-0.009530944337216463
1,middle_500_1000,31,2.25975975975976,-0.014411225969242936,-0.01215292515427202,-0.009480092413855501
1,middle_500_1000,31,2.258258258258258,-0.0143752564040317,-0.01210580470948086,-0.009430216953842718
1,middle_500_1000,31,2.256756756756757,-0.01433204090142115,-0.012054258418710884,-0.009383999799753573
1,middle_500_1000,31,2.255255255255255,-0.014277858703638624,-0.011997410309356082,-0.009343178671907482
1,middle_500_1000,31,2.2537537537537538,-0.014211267592978527,-0.01193495435979619,-0.009307969164642382
1,middle_500_1000,31,2.2522522522522523,-0.01413149170888195,-0.011866598863214728,-0.009277895028621086
1,middle_500_1000,31,2.2507507507507505,-0.014038565195562569,-0.011792053593922214,-0.009252388199425532
1,middle_500_1000,31,2.2492492492492495,-0.01393654189396043,-0.0117118379414618,-0.00923082789629448
1,middle_500_1000,31,2.2477477477477477,-0.013831118526189345,-0.011628619686208319,-0.009211682204524951
1,middle_500_1000,31,2.2462462462462462,-0.013754882476607055,-0.01154538596301058,-0.00919227669924183
1,middle_500_1000,31,2.244744744744745,-0.013682030962644198,-0.01146495351310417,-0.009170520097977586
1,middle_500_1000,31,2.243243243243243,-0.013609005240983407,-0.011390084254059962,-0.009145305585206542
1,middle_500_1000,31,2.241741741741742,-0.013538336351267888,-0.011323540077311733,-0.009116150540672718
1,middle_500_1000,31,2.24024024024024,-0.01347219194597038,-0.011268020638904863,-0.00908260500615421
1,middle_500_1000,31,2.2387387387387387,-0.013412326904233995,-0.011224119456887616,-0.00904428862325024
1,middle_500_1000,31,2.2372372372372373,-0.013382058155830379,-0.0111898607631431,-0.009001924819634022
1,middle_500_1000,31,2.2357357357357355,-0.01338226358212824,-0.011162632707279352,-0.008957272355041845
1,middle_500_1000,31,2.2342342342342345,-0.013396368984824547,-0.011138712147995777,-0.00891223688203735
1,middle_500_1000,31,2.2327327327327327,-0.013420456599324004,-0.01111421929156231,-0.008868134417036155
1,middle_500_1000,31,2.2312312312312312,-0.01344988734532393,-0.011085274344248885,-0.008825977474917535
1,middle_500_1000,31,2.22972972972973,-0.013478919085294971,-0.011048027425135443,-0.008786776865134405
1,middle_500_1000,31,2.228228228228228,-0.013499520259323328,-0.011000422821613176,-0.008751506972793477
1,middle_500_1000,31,2.226726726726727,-0.013503725281460377,-0.010943252900996958,-0.008720475084947332
1,middle_500_1000,31,2.225225225225225,-0.013484931256169341,-0.010878976332823642,-0.008693244973983938
1,middle_500_1000,31,2.2237237237237237,-0.01343906967730446,-0.01081141300293842,-0.00866902709005335
1,middle_500_1000,31,2.2222222222222223,-0.013367401819163627,-0.010744437065405288,-0.008647041321062976
1,middle_500_1000,31,2.2207207207207205,-0.013272254596519928,-0.010681922674287803,-0.008626520275488936
1,middle_500_1000,31,2.2192192192192195,-0.013160625070908094,-0.010627679413569568,-0.008606696561807015
1,middle_500_1000,31,2.2177177177177176,-0.013043187584692473,-0.010583928610885751,-0.00858681152651386
1,middle_500_1000,31,2.2162162162162162,-0.012930223974703337,-0.010550927072327188,-0.008566171310474435
1,middle_500_1000,31,2.214714714714715,-0.01283066170920133,-0.010526511000017225,-0.008543827419068006
1,middle_500_1000,31,2.213213213213213,-0.012751512518744068,-0.010507464739637262,-0.008518781961843302
1,middle_500_1000,31,2.211711711711712,-0.01269270530278055,-0.01049056764926104,-0.008490545016318074
1,middle_500_1000,31,2.21021021021021,-0.012651581857668903,-0.010472599086961631,-0.008458679597624919
1,middle_500_1000,31,2.2087087087087087,-0.012620962156101534,-0.010450464100454804,-0.008422749003109353
1,middle_500_1000,31,2.2072072072072073,-0.012591936985951069,-0.010421933386443483,-0.008382446171315117
1,middle_500_1000,31,2.2057057057057055,-0.01255609614281561,-0.01038604288418421,-0.008338437092916928
1,middle_500_1000,31,2.2042042042042045,-0.012506106274596696,-0.010344331446775268,-0.00829265047872918
1,middle_500_1000,31,2.2027027027027026,-0.012436165640342223,-0.010298768251321588,-0.00824696510298939
1,middle_500_1000,31,2.201201201201201,-0.012347359409039194,-0.010251322474928326,-0.008202847908082567
1,middle_500_1000,31,2.1996996996997,-0.012244250445118343,-0.010203963294700635,-0.008161747906139882
1,middle_500_1000,31,2.198198198198198,-0.012134431751108177,-0.010158512041621437,-0.008125103350000273
1,middle_500_1000,31,2.196696696696697,-0.012075135250493751,-0.010116078892194569,-0.0080937889054572
1,middle_500_1000,31,2.195195195195195,-0.0120320526985076,-0.01007652548360749,-0.008066733175620233
1,middle_500_1000,31,2.1936936936936937,-0.011990671452677848,-0.010040334713982357,-0.00804252006157602
1,middle_500_1000,31,2.1921921921921923,-0.011951573258626058,-0.010031526932036128,-0.008019940303718331
1,middle_500_1000,31,2.1906906906906904,-0.011915241095204032,-0.010017098926513368,-0.00799788989925132
1,middle_500_1000,31,2.1891891891891895,-0.011881300941377515,-0.009993817313830755,-0.007975267197948832
1,middle_500_1000,31,2.1876876876876876,-0.011848938627549876,-0.00995860946862237,-0.00795102882407428
1,middle_500_1000,31,2.186186186186186,-0.011817454264802074,-0.009911387617674183,-0.007925111544858199
1,middle_500_1000,31,2.184684684684685,-0.011786719260526102,-0.009887358691748505,-0.007899165577826661
1,middle_500_1000,31,2.183183183183183,-0.011770621302783502,-0.009874581263807691,-0.007873852081346389
1,middle_500_1000,31,2.181681681681682,-0.011772745974210741,-0.009848056532124172,-0.007849335123747414
1,middle_500_1000,31,2.18018018018018,-0.011761206436579186,-0.009809113457815544,-0.007825675531998089
1,middle_500_1000,31,2.1786786786786787,-0.011735972955448704,-0.009762131006375352,-0.007802933089009811
1,middle_500_1000,31,2.1771771771771773,-0.011699631198073712,-0.009718596529715962,-0.007780932462428947
1,middle_500_1000,31,2.1756756756756754,-0.011654915896140206,-0.00967208521464169,-0.007758409584339709
1,middle_500_1000,31,2.1741741741741745,-0.011604684042592739,-0.009629697085870692,-0.007733260882604065
1,middle_500_1000,31,2.1726726726726726,-0.011551867824137751,-0.009595492862813693,-0.007704804585047742
1,middle_500_1000,31,2.171171171171171,-0.011499398112466253,-0.009570550103384923,-0.007673380590891288
1,middle_500_1000,31,2.16966966966967,-0.01146544382704362,-0.009552744284867076,-0.007639545784456803
1,middle_500_1000,31,2.168168168168168,-0.011433884616962486,-0.009536830180528977,-0.007603860275797181
1,middle_500_1000,31,2.166666666666667,-0.011403142749214057,-0.009515737110059153,-0.00756712248664082
1,middle_500_1000,31,2.165165165165165,-0.01137343841000249,-0.009493862681461351,-0.00753080055149713
1,middle_500_1000,31,2.1636636636636637,-0.011344839866602396,-0.009469673820523994,-0.007496630202021293
1,middle_500_1000,31,2.1621621621621623,-0.011317377146273233,-0.009441637453035945,-0.007465395567796462
1,middle_500_1000,31,2.1606606606606604,-0.011291080705139955,-0.009408241675540552,-0.0074366988305648585
1,middle_500_1000,31,2.1591591591591595,-0.01126553354826354,-0.009368889146943227,-0.0074099056780904116
1,middle_500_1000,31,2.1576576576576576,-0.01123946096715811,-0.009324541611580583,-0.0073843846049670425
1,middle_500_1000,31,2.156156156156156,-0.011211491266886364,-0.009276373020242534,-0.00735953547279955
1,middle_500_1000,31,2.1546546546546548,-0.011180462261724311,-0.009225557323800704,-0.007334578342380937
1,middle_500_1000,31,2.153153153153153,-0.011146105626439473,-0.00917326847312605,-0.00730850565134844
1,middle_500_1000,31,2.151651651651652,-0.011107963443238944,-0.009120680419089977,-0.007280535851434622
1,middle_500_1000,31,2.15015015015015,-0.011065562836426013,-0.009068955782494559,-0.007250764973232182
1,middle_500_1000,31,2.1486486486486487,-0.01101980974201977,-0.009018974854409612,-0.007219462170154345
1,middle_500_1000,31,2.1471471471471473,-0.010972842023658003,-0.00898906474309591,-0.007186914947442946
1,middle_500_1000,31,2.1456456456456454,-0.01092684073657857,-0.00898948664998711,-0.007153562337706587
1,middle_500_1000,31,2.1441441441441444,-0.010883654294025713,-0.008989749959408266,-0.00712011738554863
1,middle_500_1000,31,2.1426426426426426,-0.010844620444730446,-0.008988215235236963,-0.007087412715164221
1,middle_500_1000,31,2.141141141141141,-0.010811671074231977,-0.008983223117042805,-0.007056205097118684
1,middle_500_1000,31,2.1396396396396398,-0.010786374375043595,-0.008973114244394731,-0.007027054286060319
1,middle_500_1000,31,2.138138138138138,-0.010767672238468418,-0.008956229256862347,-0.007000496586622829
1,middle_500_1000,31,2.136636636636637,-0.010753508859106087,-0.008930908819052341,-0.006976761528578734
1,middle_500_1000,31,2.135135135135135,-0.010741826502792873,-0.008895906928698016,-0.0069551590610102965
1,middle_500_1000,31,2.1336336336336337,-0.01073047446578912,-0.008852666682847676,-0.006934727251007966
1,middle_500_1000,31,2.1321321321321323,-0.010716679326071565,-0.008803920024960554,-0.006914609131213889
1,middle_500_1000,31,2.1306306306306304,-0.010697260402238395,-0.008752413262870684,-0.006894187730850598
1,middle_500_1000,31,2.1291291291291294,-0.01067013216312318,-0.008700892704414098,-0.006872512033452183
1,middle_500_1000,31,2.1276276276276276,-0.010636830869423686,-0.008652104657425053,-0.006848613655165425
1,middle_500_1000,31,2.126126126126126,-0.010599632423800576,-0.008619322036611088,-0.006836942247482547
1,middle_500_1000,31,2.1246246246246248,-0.010560813644191147,-0.008604461568865851,-0.006827614645442459
1,middle_500_1000,31,2.123123123123123,-0.010522987289861563,-0.008584854772428985,-0.006812650287822963
1,middle_500_1000,31,2.121621621621622,-0.01048945543408697,-0.008560089833098639,-0.006792739116973201
1,middle_500_1000,31,2.12012012012012,-0.010463437601948122,-0.008531195876424924,-0.0067686292653144076
1,middle_500_1000,31,2.1186186186186187,-0.010445520076432735,-0.008499225428243884,-0.006741068865266819
1,middle_500_1000,31,2.1171171171171173,-0.010432690737268158,-0.008478994561886166,-0.006710760154164719
1,middle_500_1000,31,2.1156156156156154,-0.010421677184174305,-0.008467334070024757,-0.0066778978145914936
1,middle_500_1000,31,2.1141141141141144,-0.01040920138592627,-0.008455102838514694,-0.006665676320887104
1,middle_500_1000,31,2.1126126126126126,-0.010391679204790671,-0.008441844128806553,-0.006649768894364527
1,middle_500_1000,31,2.111111111111111,-0.010365507562697052,-0.008427251397476798,-0.006627307162546225
1,middle_500_1000,31,2.1096096096096097,-0.010328129578772605,-0.008411018101102341,-0.006603427838687059
1,middle_500_1000,31,2.108108108108108,-0.01028092564313321,-0.00839283769625876,-0.0065782873702310285
1,middle_500_1000,31,2.106606606606607,-0.010227537373295181,-0.008372403639523407,-0.006552055105807586
1,middle_500_1000,31,2.105105105105105,-0.010171634732079937,-0.008349400721020972,-0.006524900394046851
1,middle_500_1000,31,2.1036036036036037,-0.010116892258253185,-0.008323557886188881,-0.006496992583578609
1,middle_500_1000,31,2.1021021021021022,-0.010067043888893124,-0.0082951808681484,-0.0064684348601843356
1,middle_500_1000,31,2.1006006006006004,-0.01002784433194781,-0.008264722846634154,-0.00643911600959457
1,middle_500_1000,31,2.0990990990990994,-0.010001457005575753,-0.008232637001380771,-0.006409354860815064
1,middle_500_1000,31,2.0975975975975976,-0.009984555582830956,-0.008199376512123324,-0.006379672238678857
1,middle_500_1000,31,2.096096096096096,-0.009974727277130113,-0.00816539455859644,-0.006344657203578796
1,middle_500_1000,31,2.0945945945945947,-0.009969516305066928,-0.0081311608173118,-0.006332967998142758
1,middle_500_1000,31,2.093093093093093,-0.009965832198085556,-0.008097422493040796,-0.006328522203794984
1,middle_500_1000,31,2.091591591591592,-0.009960115357015575,-0.008065046779057505,-0.006324310318238768
1,middle_500_1000,31,2.09009009009009,-0.0099491343614041,-0.008034880761347063,-0.006319507780898959
1,middle_500_1000,31,2.0885885885885886,-0.009931404129220112,-0.008007771525893714,-0.006313338884193276
1,middle_500_1000,31,2.0870870870870872,-0.009908051754863867,-0.007984566158682371,-0.0063050292931285945
1,middle_500_1000,31,2.0855855855855854,-0.009880478757421818,-0.007966111745697058,-0.006293691484981712
1,middle_500_1000,31,2.0840840840840844,-0.009850141697105186,-0.007953213172583906,-0.006278249816956127
1,middle_500_1000,31,2.0825825825825826,-0.009818912811568437,-0.007945632539101855,-0.006258269505022285
1,middle_500_1000,31,2.081081081081081,-0.009788849201793681,-0.007941881297266695,-0.006234244172525938
1,middle_500_1000,31,2.0795795795795797,-0.009761754651470556,-0.007940382935182733,-0.006206659317771535
1,middle_500_1000,31,2.078078078078078,-0.009738383629075753,-0.007939560940954493,-0.006175656399172058
1,middle_500_1000,31,2.076576576576577,-0.009717959761486594,-0.007937838802685615,-0.006141299919163679
1,middle_500_1000,31,2.075075075075075,-0.009699503912025786,-0.007933640008480847,-0.006104056283749659
1,middle_500_1000,31,2.0735735735735736,-0.009682090534499421,-0.007925489669391661,-0.006065003694000537
1,middle_500_1000,31,2.0720720720720722,-0.009664977328713964,-0.007913235287035914,-0.006025016794650617
1,middle_500_1000,31,2.0705705705705704,-0.00964746120980764,-0.007897587231748382,-0.005984928762742703
1,middle_500_1000,31,2.0690690690690694,-0.009628907478595239,-0.007879263696215055,-0.005945809797403445
1,middle_500_1000,31,2.0675675675675675,-0.009609093943407698,-0.0078589828731217,-0.005909135064644411
1,middle_500_1000,31,2.066066066066066,-0.009588600940664271,-0.007837462955154972,-0.0058764042510009995
1,middle_500_1000,31,2.0645645645645647,-0.009568238213279012,-0.007815422135000416,-0.005848545641154668
1,middle_500_1000,31,2.063063063063063,-0.009548601674849388,-0.007793357479318974,-0.005825841741754045
1,middle_500_1000,31,2.0615615615615615,-0.009529789213971851,-0.007770842145435886,-0.0058081169991560655
1,middle_500_1000,31,2.06006006006006,-0.009511828352502527,-0.00774795257834926,-0.005794580360504398
1,middle_500_1000,31,2.0585585585585586,-0.009494837395445432,-0.007724888056128476,-0.005784399937732276
1,middle_500_1000,31,2.057057057057057,-0.009478813932178087,-0.007701847856842914,-0.005776757299557178
1,middle_500_1000,31,2.0555555555555554,-0.009463171453894637,-0.0076790312585621745,-0.005770869950055935
1,middle_500_1000,31,2.054054054054054,-0.009447260465120233,-0.007656637539355193,-0.005766429936396977
1,middle_500_1000,31,2.0525525525525525,-0.009430664627388285,-0.0076349252171836746,-0.00576343216512476
1,middle_500_1000,31,2.051051051051051,-0.00941335122871556,-0.007614268635826704,-0.00576160328457842
1,middle_500_1000,31,2.0495495495495497,-0.009395323299942082,-0.007594672962825788,-0.005760980043814978
1,middle_500_1000,31,2.048048048048048,-0.00937652262119626,-0.007576096342634564,-0.005761292866272361
1,middle_500_1000,31,2.0465465465465464,-0.009356830528238769,-0.007558496919706004,-0.005761330086092142
1,middle_500_1000,31,2.045045045045045,-0.009336442487636765,-0.007541832838493523,-0.005759731947502678
1,middle_500_1000,31,2.0435435435435436,-0.0093155771808483,-0.0075260622434500934,-0.005755012202823817
1,middle_500_1000,31,2.042042042042042,-0.00929433803156643,-0.007511122673995452,-0.00574557182426394
1,middle_500_1000,31,2.0405405405405403,-0.009272738115714274,-0.007496838267965433,-0.005729796732565795
1,middle_500_1000,31,2.039039039039039,-0.00925078808949531,-0.007482996199744019,-0.005707173476382277
1,middle_500_1000,31,2.0375375375375375,-0.009228462443623187,-0.007469383771360416,-0.0056782453057867555
1,middle_500_1000,31,2.036036036036036,-0.009205735742026544,-0.007455788284845832,-0.005644778694588015
1,middle_500_1000,31,2.0345345345345347,-0.009182915358457056,-0.00744199704222992,-0.005608643119525136
1,middle_500_1000,31,2.033033033033033,-0.009160346903198113,-0.007427797345543219,-0.005571648847541799
1,middle_500_1000,31,2.0315315315315314,-0.009138376871583032,-0.007412952973920861,-0.005535596217823846
1,middle_500_1000,31,2.03003003003003,-0.00911735221779486,-0.007397329315327328,-0.005502728480947905
1,middle_500_1000,31,2.0285285285285286,-0.009097619987006422,-0.007381054498594164,-0.005473968374881455
1,middle_500_1000,31,2.027027027027027,-0.009079606625386538,-0.007364272298274077,-0.005449284222745043
1,middle_500_1000,31,2.0255255255255253,-0.009064120213727267,-0.007347126488920441,-0.005427783945663456
1,middle_500_1000,31,2.024024024024024,-0.00905180925829241,-0.007329760845086408,-0.005408196636533136
1,middle_500_1000,31,2.0225225225225225,-0.0090426008065293,-0.007312319141889789,-0.005389376442261118
1,middle_500_1000,31,2.021021021021021,-0.009036131732848118,-0.00729501531911847,-0.005370169446847095
1,middle_500_1000,31,2.0195195195195197,-0.009031986442218587,-0.007278086544173723,-0.005349652979128372
1,middle_500_1000,31,2.018018018018018,-0.009029746333873212,-0.007261678984736841,-0.00532842532232225
1,middle_500_1000,31,2.0165165165165164,-0.009028827582777121,-0.007245938146632325,-0.005307446352019074
1,middle_500_1000,31,2.015015015015015,-0.009028249254545595,-0.007231009535684896,-0.005292831036317169
1,middle_500_1000,31,2.0135135135135136,-0.009027196201978449,-0.007217038657719721,-0.005284514530473738
1,middle_500_1000,31,2.012012012012012,-0.009025309197757125,-0.00720417013002872,-0.005271266843622113
1,middle_500_1000,31,2.0105105105105103,-0.009022567658337421,-0.0071924402039786894,-0.005253605094890812
1,middle_500_1000,31,2.009009009009009,-0.009019006159338927,-0.007181693900884412,-0.005247683984737184
1,middle_500_1000,31,2.0075075075075075,-0.00901465927638223,-0.007171759299600122,-0.005249969437571278
1,middle_500_1000,31,2.006006006006006,-0.009009561585087034,-0.007162464478980279,-0.005256185964846449
1,middle_500_1000,31,2.0045045045045047,-0.009003747661073258,-0.007153637517879119,-0.005265448686620711
1,middle_500_1000,31,2.003003003003003,-0.008997252079961271,-0.007145106495150655,-0.005276872722952852
1,middle_500_1000,31,2.0015015015015014,-0.008990109417370662,-0.007136699489649789,-0.005289573193901442
1,middle_500_1000,31,2.0,-0.008982354248921687,-0.007128244580230314,-0.005302665219524827
1,long_gt1000,5,3.5,-0.00015139689317518912,-3.762094120557906e-05,2.179493323934507e-05
1,long_gt1000,5,3.4984984984984986,-0.00014273234876992463,-3.765614079377877e-05,2.218394459089346e-05
1,long_gt1000,5,3.496996996996997,-0.00013524054700512366,-3.7786402930427515e-05,2.1951098527596055e-05
1,long_gt1000,5,3.4954954954954953,-0.00012884509004885394,-3.7998331120873583e-05,2.118662387260437e-05
1,long_gt1000,5,3.493993993993994,-0.00012346958006918896,-3.827852887046488e-05,1.998074944907041e-05
1,long_gt1000,5,3.4924924924924925,-0.00011903761923419629,-3.8613599684549744e-05,1.842370408014569e-05
1,long_gt1000,5,3.490990990990991,-0.0001154728097119455,-3.899014706847619e-05,1.6605716588982103e-05
1,long_gt1000,5,3.4894894894894897,-0.00011269875367050643,-3.93947745275925e-05,1.4617015798731138e-05
1,long_gt1000,5,3.487987987987988,-0.0001106390532779481,-3.981408556724683e-05,1.2547830532543821e-05
1,long_gt1000,5,3.4864864864864864,-0.00010921731070234132,-4.0234683692787166e-05,1.0488389613573214e-05
1,long_gt1000,5,3.484984984984985,-0.00010835712811175506,-4.064317240956175e-05,8.52892186497029e-06
1,long_gt1000,5,3.4834834834834836,-0.00010798210767425907,-4.1026155222918716e-05,6.759656109886752e-06
1,long_gt1000,5,3.481981981981982,-0.00010801585155792287,-4.1370235638206246e-05,5.270821171474252e-06
1,long_gt1000,5,3.4804804804804803,-0.00010838196193081636,-4.166201716077257e-05,4.152645872884279e-06
1,long_gt1000,5,3.478978978978979,-0.00010900404096100889,-4.1894425910730704e-05,3.4953590372691057e-06
1,long_gt1000,5,3.4774774774774775,-0.00010980605824369922,-4.216278785108761e-05,3.393985552112061e-06
1,long_gt1000,5,3.475975975975976,-0.0001107206942004273,-4.261732053785906e-05,3.908710695198984e-06
1,long_gt1000,5,3.4744744744744747,-0.00011168948702111928,-4.327076818613014e-05,4.849937417469841e-06
1,long_gt1000,5,3.472972972972973,-0.00011265437171381778,-4.409247773272916e-05,5.972769805481868e-06
1,long_gt1000,5,3.4714714714714714,-0.00011355735989197117,-4.505178275489329e-05,7.0323119457918666e-06
1,long_gt1000,5,3.46996996996997,-0.00011438034165713731,-4.6118016829860796e-05,7.783667924957235e-06
1,long_gt1000,5,3.4684684684684686,-0.00011521024468926991,-4.725640743482581e-05,7.981941829535155e-06
1,long_gt1000,5,3.466966966966967,-0.00011614684625098289,-4.829362929245298e-05,7.379826956752382e-06
1,long_gt1000,5,3.4654654654654653,-0.00011717280484123936,-4.8963429123763066e-05,5.897839064318772e-06
1,long_gt1000,5,3.463963963963964,-0.00011814161608987177,-4.925052845274297e-05,3.7978337730795947e-06
1,long_gt1000,5,3.4624624624624625,-0.00011890011926531314,-4.919589712372094e-05,1.3758592795360541e-06
1,long_gt1000,5,3.460960960960961,-0.00011929649757842423,-4.884050498102485e-05,-1.0720362198104278e-06
1,long_gt1000,5,3.4594594594594597,-0.00011925074124480924,-4.8225321868982794e-05,-3.249804528458267e-06
1,long_gt1000,5,3.457957957957958,-0.00011878934107308157,-4.740051990661067e-05,-4.861397449906421e-06
1,long_gt1000,5,3.4564564564564564,-0.00011796641774199394,-4.651755770226278e-05,-5.624248300471735e-06
1,long_gt1000,5,3.454954954954955,-0.00011701577581836955,-4.574562068840424e-05,-5.568209667628052e-06
1,long_gt1000,5,3.4534534534534536,-0.00011627014617825637,-4.5150912707857304e-05,-5.02497796987301e-06
1,long_gt1000,5,3.451951951951952,-0.00011606328918476524,-4.478509289430443e-05,-4.338148216808399e-06
1,long_gt1000,5,3.4504504504504503,-0.00011670786248065132,-4.4699820381428196e-05,-3.851315418036336e-06
1,long_gt1000,5,3.448948948948949,-0.00011826212301902666,-4.494675430291128e-05,-3.908074583158718e-06
1,long_gt1000,5,3.4474474474474475,-0.00012061578048184975,-4.557991625386566e-05,-4.851972025264042e-06
1,long_gt1000,5,3.445945945945946,-0.00012363430370424466,-4.666663121478975e-05,-6.962564443232177e-06
1,long_gt1000,5,3.4444444444444446,-0.0001269942198222915,-4.8203408889058814e-05,-1.002907428958289e-05
1,long_gt1000,5,3.442942942942943,-0.00013027296452004398,-5.007844476547733e-05,-1.3554192419319233e-05
1,long_gt1000,5,3.4414414414414414,-0.00013304709906917503,-5.2171737511090555e-05,-1.703560026447429e-05
1,long_gt1000,5,3.43993993993994,-0.00013492390607049978,-5.436328579294571e-05,-1.9970979257085157e-05
1,long_gt1000,5,3.4384384384384385,-0.0001357267102293873,-5.6533088278088936e-05,-2.185801082918719e-05
1,long_gt1000,5,3.436936936936937,-0.0001353715436785692,-5.852968934658988e-05,-2.21957404325907e-05
1,long_gt1000,5,3.4354354354354353,-0.0001338690518394353,-6.006754185106187e-05,-2.0656069576797205e-05
1,long_gt1000,5,3.433933933933934,-0.00013153947725761013,-6.0978557011292936e-05,-1.7620895801828207e-05
1,long_gt1000,5,3.4324324324324325,-0.00012876653150013426,-6.133283166825823e-05,-1.3698654234756353e-05
1,long_gt1000,5,3.430930930930931,-0.0001259339416167344,-6.122078567721736e-05,-9.498042400759698e-06
1,long_gt1000,5,3.4294294294294296,-0.00012343444699001636,-6.073283889343017e-05,-5.62775782501565e-06
1,long_gt1000,5,3.4279279279279278,-0.00012168492707819323,-5.9959429813275737e-05,-2.6964980327009655e-06
1,long_gt1000,5,3.4264264264264264,-0.00012110625541022005,-5.9055301458014065e-05,-1.3049201468182635e-06
1,long_gt1000,5,3.424924924924925,-0.00012199616253150808,-5.837092530663955e-05,-1.7324448085285007e-06
1,long_gt1000,5,3.4234234234234235,-0.0001242104450697593,-5.809046548386262e-05,-3.637820813370959e-06
1,long_gt1000,5,3.421921921921922,-0.00012750579810711315,-5.822569703709457e-05,-6.593434849715314e-06
1,long_gt1000,5,3.4204204204204203,-0.00013163376176874566,-5.8783208865739126e-05,-1.0171673605932543e-05
1,long_gt1000,5,3.418918918918919,-0.00013619710711418667,-5.976958986920024e-05,-1.3944923770390803e-05
1,long_gt1000,5,3.4174174174174174,-0.0001406308264360794,-6.11907540697329e-05,-1.748557203146107e-05
1,long_gt1000,5,3.415915915915916,-0.0001443653053993122,-6.295102215778201e-05,-2.039917232670536e-05
1,long_gt1000,5,3.4144144144144146,-0.00014707452934423475,-6.476891577964806e-05,-2.2590168197253284e-05
1,long_gt1000,5,3.4129129129129128,-0.00014879981943562897,-6.648334051472101e-05,-2.4322067918682196e-05
1,long_gt1000,5,3.4114114114114114,-0.00014961292796971922,-6.798981581949103e-05,-2.5926125537311783e-05
1,long_gt1000,5,3.40990990990991,-0.00014960642245187214,-6.918398480613899e-05,-2.7733595517439452e-05
1,long_gt1000,5,3.4084084084084085,-0.00014905871779026568,-6.996149058684491e-05,-3.007573232336391e-05
1,long_gt1000,5,3.406906906906907,-0.00014834594033659313,-7.022726563503563e-05,-3.328379041938126e-05
1,long_gt1000,5,3.4054054054054053,-0.0001478395404106458,-7.006880648707716e-05,-3.760503570858975e-05
1,long_gt1000,5,3.403903903903904,-0.00014773840439444514,-6.971728185042013e-05,-4.286109075201392e-05
1,long_gt1000,5,3.4024024024024024,-0.00014803938410435638,-6.933816544561896e-05,-4.870954529571014e-05
1,long_gt1000,5,3.400900900900901,-0.00014872784543410508,-6.908303881624726e-05,-5.48006019043595e-05
1,long_gt1000,5,3.3993993993993996,-0.0001497740406806833,-6.910348350587904e-05,-6.078446314264222e-05
1,long_gt1000,5,3.3978978978978978,-0.00015104851154724291,-6.955108105808705e-05,-6.631133157524111e-05
1,long_gt1000,5,3.3963963963963963,-0.00015238140394263243,-7.103257462497342e-05,-7.056126095664715e-05
1,long_gt1000,5,3.394894894894895,-0.00015361377553581865,-7.474446919045197e-05,-7.207098971832512e-05
1,long_gt1000,5,3.3933933933933935,-0.00015469003489024594,-7.745131218076786e-05,-7.389392643650542e-05
1,long_gt1000,5,3.391891891891892,-0.0001556111043769905,-7.908193940926646e-05,-7.586443655328064e-05
1,long_gt1000,5,3.3903903903903903,-0.00015637848186955206,-7.955739372872113e-05,-7.782014296203515e-05
1,long_gt1000,5,3.388888888888889,-0.00015701343379494973,-7.959866855615158e-05,-7.879871799190523e-05
1,long_gt1000,5,3.3873873873873874,-0.00015760960757367926,-8.103763622901343e-05,-7.672695505159255e-05
1,long_gt1000,5,3.385885885885886,-0.00015827721201579648,-8.200288958620664e-05,-7.326362232538616e-05
1,long_gt1000,5,3.3843843843843846,-0.00015911986294393646,-8.254527599429974e-05,-6.836021117666465e-05
1,long_gt1000,5,3.3828828828828827,-0.00016020094999993082,-8.281480028717514e-05,-6.228752303858017e-05
1,long_gt1000,5,3.3813813813813813,-0.0001615686939113012,-8.299434396814246e-05,-5.560025119389321e-05
1,long_gt1000,5,3.37987987987988,-0.00016326959371541772,-8.326897518235506e-05,-4.8864054024079506e-05
1,long_gt1000,5,3.3783783783783785,-0.00016526965758088385,-8.382376207497107e-05,-4.264458991061915e-05
1,long_gt1000,5,3.376876876876877,-0.00016742097194483337,-8.484373485852497e-05,-3.7507517234992675e-05
1,long_gt1000,5,3.3753753753753752,-0.00016956701418989126,-8.646177576150573e-05,-3.4008145622975786e-05
1,long_gt1000,5,3.373873873873874,-0.00017155713423170054,-8.864351715312958e-05,-3.2588523056913815e-05
1,long_gt1000,5,3.3723723723723724,-0.00017325409118818837,-9.120696420092302e-05,-3.318126412027011e-05
1,long_gt1000,5,3.370870870870871,-0.0001745225070521163,-9.390104612177087e-05,-3.518574263092298e-05
1,long_gt1000,5,3.3693693693693696,-0.00017524148495632295,-9.647383678315635e-05,-3.797102725678313e-05
1,long_gt1000,5,3.3678678678678677,-0.00017551523969381883,-9.8673410052561e-05,-4.090618666576038e-05
1,long_gt1000,5,3.3663663663663663,-0.0001756256932513578,-0.00010024931804453793,-4.3360289522545795e-05
1,long_gt1000,5,3.364864864864865,-0.00017586061319727498,-0.00010102168969554869,-4.470165711362682e-05
1,long_gt1000,5,3.3633633633633635,-0.0001765282644579395,-0.0001009461350543828,-4.435898318004734e-05
1,long_gt1000,5,3.361861861861862,-0.00017795597702835193,-0.00010020224742818967,-4.262291349565496e-05
1,long_gt1000,5,3.3603603603603602,-0.0001804718057951656,-9.90513516255535e-05,-4.0407971103608234e-05
1,long_gt1000,5,3.358858858858859,-0.00018431994292742847,-9.775492429819465e-05,-3.864256883674439e-05
1,long_gt1000,5,3.3573573573573574,-0.00018929855739848941,-9.657444209783001e-05,-3.825511952789892e-05
1,long_gt1000,5,3.355855855855856,-0.00019505811945137817,-9.576702343432487e-05,-4.01727305164197e-05
1,long_gt1000,5,3.3543543543543546,-0.00020123540537995543,-9.554260070309285e-05,-4.5253731294725603e-05
1,long_gt1000,5,3.3528528528528527,-0.00020735280192140607,-9.599726164351112e-05,-5.399925740486554e-05
1,long_gt1000,5,3.3513513513513513,-0.00021287543859890498,-9.703552417424186e-05,-6.543862329690727e-05
1,long_gt1000,5,3.34984984984985,-0.000217268286426822,-9.85359426892143e-05,-7.808132599601558e-05
1,long_gt1000,5,3.3483483483483485,-0.00022016315325116154,-0.00010037707158235768,-9.04362421090708e-05
1,long_gt1000,5,3.346846846846847,-0.00022164314680904462,-0.00010243746524760036,-0.00010101224824295672
1,long_gt1000,5,3.3453453453453452,-0.00022186693510801818,-0.00010835670050438669,-0.00010460445229318934
1,long_gt1000,5,3.343843843843844,-0.0002210424942726743,-0.00011145686801385547,-0.00010682052890457084
1,long_gt1000,5,3.3423423423423424,-0.00021958321647388632,-0.00011027819744085544,-0.00010910068048496611
1,long_gt1000,5,3.340840840840841,-0.00021795597796748795,-0.00011151524954393453,-0.00010648211532153767
1,long_gt1000,5,3.3393393393393396,-0.00021662467844381621,-0.00011413720543743296,-0.00010198036019791554
1,long_gt1000,5,3.3378378378378377,-0.00021593688615808865,-0.00011703951752141742,-9.868467061200509e-05
1,long_gt1000,5,3.3363363363363363,-0.00021608869542751562,-0.00012029494327102028,-9.850678510582231e-05
1,long_gt1000,5,3.334834834834835,-0.0002172656012277615,-0.0001239084358962408,-0.00010314738826946567
1,long_gt1000,5,3.3333333333333335,-0.00021959635989964987,-0.00012771828820844384,-0.00011332881468461686
1,long_gt1000,5,3.3318318318318316,-0.00022309761739400247,-0.0001315200245082613,-0.00012847504862871853
1,long_gt1000,5,3.33033033033033,-0.0002277728674697707,-0.0001459708914986809,-0.0001351000980369145
1,long_gt1000,5,3.328828828828829,-0.00023360327685975277,-0.0001629583601238955,-0.00013824489722821624
1,long_gt1000,5,3.3273273273273274,-0.00024034476448445835,-0.00017657947133374423,-0.0001407408105159741
1,long_gt1000,5,3.325825825825826,-0.0002476227152843208,-0.0001839797365722276,-0.00014237888443269058
1,long_gt1000,5,3.324324324324324,-0.0002550585539856272,-0.00018285615367454044,-0.00014313020479099492
1,long_gt1000,5,3.3228228228228227,-0.00026221963857742114,-0.00017218568508318294,-0.00014321687129873958
1,long_gt1000,5,3.3213213213213213,-0.00026861940336593386,-0.00015347009541077233,-0.00014293878069579144
1,long_gt1000,5,3.31981981981982,-0.00027376894931470733,-0.00014260948302141467,-0.00013028102938263814
1,long_gt1000,5,3.3183183183183185,-0.00027729446398225104,-0.0001425425283148752,-0.00010625905396347175
1,long_gt1000,5,3.3168168168168166,-0.0002793198219281385,-0.0001430514666154372,-8.50447361179698e-05
1,long_gt1000,5,3.315315315315315,-0.0002801033995893064,-0.00014443380384531954,-7.025133095414637e-05
1,long_gt1000,5,3.313813813813814,-0.00027994038368412723,-0.00014677921419685783,-6.473964378125689e-05
1,long_gt1000,5,3.3123123123123124,-0.00027941210371541444,-0.00014990619757088673,-6.99553456240988e-05
1,long_gt1000,5,3.310810810810811,-0.00027923387553353135,-0.0001534521401699556,-8.40536500828614e-05
1,long_gt1000,5,3.309309309309309,-0.0002801198239120277,-0.00015704146864266473,-0.00010407162936845044
1,long_gt1000,5,3.3078078078078077,-0.0002825326947084542,-0.00016029860963761265,-0.00012704532240197242
1,long_gt1000,5,3.3063063063063063,-0.0002864389192506877,-0.00016284798980340486,-0.00015001076810454428
1,long_gt1000,5,3.304804804804805,-0.0002917466663547707,-0.0001700335433760143,-0.0001643682107176081
1,long_gt1000,5,3.3033033033033035,-0.0002982202722985987,-0.00018462153548817056,-0.00016482562226177548
1,long_gt1000,5,3.3018018018018016,-0.0003051895003187196,-0.00019260696097073843,-0.00016461242268436295
1,long_gt1000,5,3.3003003003003,-0.0003119023598610795,-0.00019490050757076972,-0.00016434429320288414
1,long_gt1000,5,3.298798798798799,-0.00031763090088215637,-0.00019267214999617137,-0.00016464054914371203
1,long_gt1000,5,3.2972972972972974,-0.00032211758897362185,-0.00018709186295484508,-0.0001661205058332057
1,long_gt1000,5,3.295795795795796,-0.00032553357297701417,-0.00017932962115469776,-0.00016940294524567592
1,long_gt1000,5,3.294294294294294,-0.0003280739832282782,-0.00017497203408924772,-0.00017054909437331893
1,long_gt1000,5,3.2927927927927927,-0.00033020678452226615,-0.00018286302789332666,-0.0001618550840412191
1,long_gt1000,5,3.2912912912912913,-0.0003327277731702879,-0.00019252092189896673,-0.0001540568303710927
1,long_gt1000,5,3.28978978978979,-0.00033645217134806865,-0.00020325479827389484,-0.00014752011222883728
1,long_gt1000,5,3.2882882882882885,-0.0003420480027610841,-0.0002143737391858292,-0.0001425689305075417
1,long_gt1000,5,3.2867867867867866,-0.00034929750126825275,-0.0002251868268025002,-0.0001395272861002897
1,long_gt1000,5,3.285285285285285,-0.0003576531426525472,-0.00023501297717948635,-0.00013871926118330657
1,long_gt1000,5,3.2837837837837838,-0.00036656005206565576,-0.00024343330496716907,-0.00014065708273038394
1,long_gt1000,5,3.2822822822822824,-0.000375403563337021,-0.00025044297782602504,-0.00014641812611355075
1,long_gt1000,5,3.280780780780781,-0.00038353794656646387,-0.00025628043216650333,-0.00015676750785831653
1,long_gt1000,5,3.279279279279279,-0.0003903173372050619,-0.0002612068488470846,-0.00017210896609264753
1,long_gt1000,5,3.2777777777777777,-0.00039539579885357334,-0.0002654834087262442,-0.00019283487226476846
1,long_gt1000,5,3.2762762762762763,-0.0003993671581769779,-0.00026937129266246286,-0.00021933759782292832
1,long_gt1000,5,3.274774774774775,-0.00040300881004539865,-0.00027310572951386516,-0.00025196793679346796
1,long_gt1000,5,3.2732732732732734,-0.00040702779190301616,-0.0002895641741266636,-0.00027669918857730486
1,long_gt1000,5,3.2717717717717716,-0.000411850399587025,-0.0003290384609177417,-0.0002801432039035087
1,long_gt1000,5,3.27027027027027,-0.0004178329151366539,-0.00036706052791056834,-0.0002835231703865425
1,long_gt1000,5,3.2687687687687688,-0.00042531795741361164,-0.00040025370921671286,-0.00028692847920543454
1,long_gt1000,5,3.2672672672672673,-0.00043414440694764314,-0.0004252412422630081,-0.0002904485215392237
1,long_gt1000,5,3.265765765765766,-0.00044351220432767985,-0.00043864636447628336,-0.0002941727159608866
1,long_gt1000,5,3.264264264264264,-0.0004525830620326493,-0.0004371887410600517,-0.00029832299213799
1,long_gt1000,5,3.2627627627627627,-0.00046085128839960104,-0.0004204765903682989,-0.00030352941278297824
1,long_gt1000,5,3.2612612612612613,-0.00046844410804863443,-0.000392443925874366,-0.00031029036891291537
1,long_gt1000,5,3.25975975975976,-0.0004755596769634371,-0.00035956987014981734,-0.00031900750496834107
1,long_gt1000,5,3.2582582582582584,-0.0004824286449539132,-0.00033008207018233107,-0.0003286695865121203
1,long_gt1000,5,3.2567567567567566,-0.0004896269978479674,-0.0003439153137879611,-0.00030655823827873546
1,long_gt1000,5,3.255255255255255,-0.0004979390386656846,-0.0003609026268119181,-0.00030005098876714417
1,long_gt1000,5,3.2537537537537538,-0.0005081184158504427,-0.0003810816162205695,-0.0003152634130714517
1,long_gt1000,5,3.2522522522522523,-0.0005202791601580832,-0.00040378128739013835,-0.00035252345314136166
1,long_gt1000,5,3.250750750750751,-0.0005339612278434692,-0.00042780028949445867,-0.0004073216167343914
1,long_gt1000,5,3.249249249249249,-0.0005486842014716248,-0.0004724124865804445,-0.000451841007075085
1,long_gt1000,5,3.2477477477477477,-0.0005639213971234368,-0.0005403600677190423,-0.000474605824673565
1,long_gt1000,5,3.2462462462462462,-0.0006037283651897617,-0.0005789665107631611,-0.0004947971268314706
1,long_gt1000,5,3.244744744744745,-0.0006550813840321724,-0.0005930696549494574,-0.0005111936462620023
1,long_gt1000,5,3.2432432432432434,-0.0006879560547077661,-0.0006056891171505839,-0.0005234869741409277
1,long_gt1000,5,3.2417417417417416,-0.0007031430950145204,-0.0006175232179494901,-0.0005324080606669834
1,long_gt1000,5,3.24024024024024,-0.0007054721816268823,-0.0006297275446334148,-0.0005392808535841544
1,long_gt1000,5,3.2387387387387387,-0.0007002645408759473,-0.000643453977692908,-0.0005454678928040434
1,long_gt1000,5,3.2372372372372373,-0.0006928469960270044,-0.0006596071634252972,-0.0005523317182382567
1,long_gt1000,5,3.235735735735736,-0.0006885463703453325,-0.0006787187842406187,-0.0005612348697983938
1,long_gt1000,5,3.234234234234234,-0.0007012886047887516,-0.0006926863782482848,-0.0005735331982684097
1,long_gt1000,5,3.2327327327327327,-0.0007274978446035578,-0.0007073772124193724,-0.0005904522487201226
1,long_gt1000,5,3.2312312312312312,-0.0007567562881733922,-0.0007265397340484314,-0.0006122104857482769
1,long_gt1000,5,3.22972972972973,-0.0007883592306384829,-0.0007467913446952239,-0.0006384472217524396
1,long_gt1000,5,3.2282282282282284,-0.0008216131033243097,-0.0007658360295987633,-0.0006687946425491358
1,long_gt1000,5,3.2267267267267266,-0.0008559816403239835,-0.0007813777739980772,-0.0007028849339548969
1,long_gt1000,5,3.225225225225225,-0.0008910450676988119,-0.0007911205631321652,-0.000740356391321341
1,long_gt1000,5,3.2237237237237237,-0.0009264382390847051,-0.0007928355568856266,-0.000781442443323687
1,long_gt1000,5,3.2222222222222223,-0.0009630636829017769,-0.0008274201642240742,-0.0007898770373096047
1,long_gt1000,5,3.220720720720721,-0.001003134318764986,-0.0008795340239288255,-0.0007942559171592624
1,long_gt1000,5,3.219219219219219,-0.0010489234975775662,-0.0009389957480878675,-0.0008144346142926473
1,long_gt1000,5,3.2177177177177176,-0.0011024142613019969,-0.0010070170623510469,-0.0008576411528240027
1,long_gt1000,5,3.2162162162162162,-0.0011638134880948836,-0.0010848096923683076,-0.0009311035269966295
1,long_gt1000,5,3.214714714714715,-0.0012326565674166748,-0.0011734619774348906,-0.0010420497310538665
1,long_gt1000,5,3.2132132132132134,-0.001308382206302236,-0.0012722179987630852,-0.0011966196614005414
1,long_gt1000,5,3.2117117117117115,-0.0013897596320765968,-0.0013863156980000943,-0.0013776482254864025
1,long_gt1000,5,3.21021021021021,-0.0015951967011893983,-0.0014843082248979789,-0.001475271463697983
1,long_gt1000,5,3.2087087087087087,-0.0018123603952658676,-0.001586584198090095,-0.001563399496183053
1,long_gt1000,5,3.2072072072072073,-0.0020274195980410775,-0.0016788623461550037,-0.0016526833737747007
1,long_gt1000,5,3.205705705705706,-0.0022299871273266103,-0.0017560788240068709,-0.0017417928045166536
1,long_gt1000,5,3.204204204204204,-0.002409675800934069,-0.0018294607399788124,-0.0018253697630249283
1,long_gt1000,5,3.2027027027027026,-0.002557255236211274,-0.0019170639059158737,-0.0019055705947118654
1,long_gt1000,5,3.201201201201201,-0.0026737048505030003,-0.0020151045751788735,-0.0020100283915844078
1,long_gt1000,5,3.1996996996997,-0.0027652445111695165,-0.002172191687850121,-0.002114106917726302
1,long_gt1000,5,3.198198198198198,-0.00283813376933386,-0.0023912583824810124,-0.0022319075840543656
1,long_gt1000,5,3.1966966966966965,-0.002901517273852114,-0.0026637387137316143,-0.0023593018045030487
1,long_gt1000,5,3.195195195195195,-0.0029908234561547703,-0.002969828847652012,-0.0024953381913157824
1,long_gt1000,5,3.1936936936936937,-0.0032888800713578026,-0.003149358923494709,-0.0026435099502494577
1,long_gt1000,5,3.1921921921921923,-0.0036394161158133168,-0.003419291616106497,-0.002809302617632875
1,long_gt1000,5,3.1906906906906904,-0.004066570850035971,-0.003813257327288627,-0.0030126414651417965
1,long_gt1000,5,3.189189189189189,-0.0045670261915884275,-0.004268273751976824,-0.003273660813864536
1,long_gt1000,5,3.1876876876876876,-0.005017286530240493,-0.0047119492543883645,-0.0036083858227094062
1,long_gt1000,5,3.186186186186186,-0.005309531445962613,-0.005142684889805217,-0.004019317216389193
1,long_gt1000,5,3.184684684684685,-0.005656238401584204,-0.0056214458982920545,-0.0045206188943951175
1,long_gt1000,5,3.183183183183183,-0.006323866273827139,-0.006218300837726787,-0.005128091192533803
1,long_gt1000,5,3.1816816816816815,-0.00721153158400252,-0.006983693978433944,-0.005750301062811866
1,long_gt1000,5,3.18018018018018,-0.008085343591982569,-0.008008511251777359,-0.006244329592856854
1,long_gt1000,5,3.1786786786786787,-0.008968825069128356,-0.008860157105972613,-0.00668316765569231
1,long_gt1000,5,3.1771771771771773,-0.009782728524315748,-0.009561544777123246,-0.00724283595546675
1,long_gt1000,5,3.1756756756756754,-0.010750144943514145,-0.010400557069418628,-0.008012607143131303
1,long_gt1000,5,3.174174174174174,-0.011597856228510589,-0.011586041036545161,-0.008933104443088771
1,long_gt1000,5,3.1726726726726726,-0.013333867259947854,-0.012276887469583359,-0.009872852598327708
1,long_gt1000,5,3.171171171171171,-0.014673412534341415,-0.013187193573830094,-0.01084233358977471
1,long_gt1000,5,3.16966966966967,-0.014480150205015294,-0.014247269864406067,-0.011747954630967325
1,long_gt1000,5,3.168168168168168,-0.015145925994180492,-0.01412172197420146,-0.012679663339117284
1,long_gt1000,5,3.1666666666666665,-0.015569570286623147,-0.014821384307835223,-0.013807330518846278
1,long_gt1000,5,3.165165165165165,-0.016249664344813952,-0.01594725639110084,-0.014894393304932738
1,long_gt1000,5,3.1636636636636637,-0.017079190650305665,-0.016506091715376203,-0.015502142010314274
1,long_gt1000,5,3.1621621621621623,-0.01804888072176583,-0.017070545675527238,-0.015619875245012599
1,long_gt1000,5,3.1606606606606604,-0.01881635460081965,-0.017836119132457917,-0.01549302567840366
1,long_gt1000,5,3.159159159159159,-0.01940781308895942,-0.018161360042283692,-0.015850365655185272
1,long_gt1000,5,3.1576576576576576,-0.020825887651164332,-0.0178964396937262,-0.017291583455083054
1,long_gt1000,5,3.156156156156156,-0.0217857076026019,-0.01851160578578709,-0.01772740069867837
1,long_gt1000,5,3.1546546546546548,-0.02089129943416737,-0.019231178827933598,-0.01811018298854697
1,long_gt1000,5,3.153153153153153,-0.020106885194623753,-0.019460460000499086,-0.018676642169972724
1,long_gt1000,5,3.1516516516516515,-0.02021879040170474,-0.019121527051460835,-0.01881790074508302
1,long_gt1000,5,3.15015015015015,-0.0208714481863973,-0.01912059390311574,-0.01893761419838036
1,long_gt1000,5,3.1486486486486487,-0.021211500510849052,-0.019433954164521372,-0.019277701052067026
1,long_gt1000,5,3.1471471471471473,-0.02095515148234564,-0.019869791426836564,-0.01946554796488098
1,long_gt1000,5,3.1456456456456454,-0.021187524009647907,-0.0203706834642364,-0.01955170470994766
1,long_gt1000,5,3.144144144144144,-0.021186986430197674,-0.020730243423280587,-0.019391453252876
1,long_gt1000,5,3.1426426426426426,-0.021523471814185624,-0.021176823951734536,-0.018979111233283996
1,long_gt1000,5,3.141141141141141,-0.022124383960375194,-0.0214664653705956,-0.01889546291582528
1,long_gt1000,5,3.1396396396396398,-0.021585711187742607,-0.02128543607841693,-0.019174851047514707
1,long_gt1000,5,3.138138138138138,-0.021064858004460896,-0.020956677218493536,-0.01947693418916474
1,long_gt1000,5,3.1366366366366365,-0.021225531207197834,-0.02077783702565239,-0.019840628796940152
1,long_gt1000,5,3.135135135135135,-0.021288049743038828,-0.02072751836911868,-0.02031254182444653
1,long_gt1000,5,3.1336336336336337,-0.021369871441401456,-0.021051886682992238,-0.02069248040399707
1,long_gt1000,5,3.1321321321321323,-0.021412611954343075,-0.021253298460693737,-0.020863907209121346
1,long_gt1000,5,3.1306306306306304,-0.021994507728119006,-0.021463002227608163,-0.020751679716736637
1,long_gt1000,5,3.129129129129129,-0.02255123656985414,-0.021593311640706492,-0.020736477322287727
1,long_gt1000,5,3.1276276276276276,-0.023163583699768953,-0.02166076054510524,-0.020936942330309127
1,long_gt1000,5,3.126126126126126,-0.022611518650404505,-0.021643271096221994,-0.021091941735373765
1,long_gt1000,5,3.1246246246246248,-0.02224979165791857,-0.021772460112693903,-0.02120184646441664
1,long_gt1000,5,3.123123123123123,-0.023055064046255735,-0.02182186483961618,-0.02122553288861312
1,long_gt1000,5,3.1216216216216215,-0.023101256908684475,-0.02193910340393629,-0.02122745586592778
1,long_gt1000,5,3.12012012012012,-0.022673225062605884,-0.02224080921492677,-0.021184757807609977
1,long_gt1000,5,3.1186186186186187,-0.02298833911963194,-0.022597184594336073,-0.021124331209276592
1,long_gt1000,5,3.1171171171171173,-0.023235542405104725,-0.022665779620597182,-0.021021707648415655
1,long_gt1000,5,3.1156156156156154,-0.022511163712292892,-0.022351080235787635,-0.021054496352132857
1,long_gt1000,5,3.114114114114114,-0.022439614754777015,-0.02152279197417989,-0.021205542724673787
1,long_gt1000,5,3.1126126126126126,-0.02240414666393148,-0.02176737970315573,-0.021545691491359653
1,long_gt1000,5,3.111111111111111,-0.022763273818590335,-0.0224344105484508,-0.021972720981322913
1,long_gt1000,5,3.1096096096096097,-0.023241902874617082,-0.022669138897098984,-0.022189787005393424
1,long_gt1000,5,3.108108108108108,-0.023415376836221857,-0.02296658033466492,-0.022228584827157727
1,long_gt1000,5,3.1066066066066065,-0.023187137654643253,-0.02284214971065457,-0.022295219146372003
1,long_gt1000,5,3.105105105105105,-0.02262885444516266,-0.022474541215642907,-0.022441186156921977
1,long_gt1000,5,3.1036036036036037,-0.022641982651924797,-0.022460642094227157,-0.02191938396789722
1,long_gt1000,5,3.1021021021021022,-0.02275499342563464,-0.022728644770759643,-0.02254545751852227
1,long_gt1000,5,3.1006006006006004,-0.023078764230992976,-0.02273562470402113,-0.022542106106174742
1,long_gt1000,5,3.099099099099099,-0.023222121659595585,-0.022672222094238803,-0.02237528317126769
1,long_gt1000,5,3.0975975975975976,-0.023373142727097562,-0.022869837511186764,-0.02255983904105041
1,long_gt1000,5,3.096096096096096,-0.023549586359474906,-0.023165143780071062,-0.02293462415028924
1,long_gt1000,5,3.0945945945945947,-0.023781738453470758,-0.02353536920869337,-0.023064866613280777
1,long_gt1000,5,3.093093093093093,-0.02391762852126078,-0.023692527601148372,-0.02295340441358762
1,long_gt1000,5,3.0915915915915915,-0.02384445321649109,-0.023193628208092565,-0.022691670377943618
1,long_gt1000,5,3.09009009009009,-0.023961636798092822,-0.023058134512163098,-0.022660528700842786
1,long_gt1000,5,3.0885885885885886,-0.024412896111492888,-0.02372897150867126,-0.022776276308779098
1,long_gt1000,5,3.0870870870870872,-0.02477230067070224,-0.024170756978985075,-0.022714952314594195
1,long_gt1000,5,3.0855855855855854,-0.024803802969706967,-0.02400542652643123,-0.02303777908337734
1,long_gt1000,5,3.084084084084084,-0.024523101481950138,-0.02380815407341519,-0.023313935659466267
1,long_gt1000,5,3.0825825825825826,-0.024502603392231537,-0.0236381052078104,-0.02289617058065052
1,long_gt1000,5,3.081081081081081,-0.024595678293398926,-0.023850081452560845,-0.022502939903194075
1,long_gt1000,5,3.0795795795795797,-0.02471715307343647,-0.024218648453917302,-0.023106789820911078
1,long_gt1000,5,3.078078078078078,-0.024842545929747994,-0.024489977810179808,-0.023929379952112084
1,long_gt1000,5,3.0765765765765765,-0.025101756737227032,-0.024671270949818025,-0.023812476413661465
1,long_gt1000,5,3.075075075075075,-0.025268369583534844,-0.024645369319746924,-0.023541446085915574
1,long_gt1000,5,3.0735735735735736,-0.025456422122441813,-0.024525659423803026,-0.02355097383509064
1,long_gt1000,5,3.0720720720720722,-0.025489663663634365,-0.02447572961084299,-0.02372610860028057
1,long_gt1000,5,3.0705705705705704,-0.025430148468784552,-0.024621908701395356,-0.02340094136917048
1,long_gt1000,5,3.069069069069069,-0.02532037102800011,-0.024842453783177287,-0.022994623470204645
1,long_gt1000,5,3.0675675675675675,-0.025309624113559193,-0.024980983531560974,-0.023003751010601148
1,long_gt1000,5,3.066066066066066,-0.02529732254905903,-0.024958321931993988,-0.02323962634081389
1,long_gt1000,5,3.0645645645645647,-0.02526859456027164,-0.02481849578840678,-0.023173126685035017
1,long_gt1000,5,3.063063063063063,-0.02544700534343758,-0.024641669351849194,-0.02296790177712904
1,long_gt1000,5,3.0615615615615615,-0.025814606146630115,-0.02466350567411746,-0.023134054602190313
1,long_gt1000,5,3.06006006006006,-0.026061355597413405,-0.024828164919920126,-0.023361172641949812
1,long_gt1000,5,3.0585585585585586,-0.026156788578364454,-0.024829016112292823,-0.02316739127332801
1,long_gt1000,5,3.057057057057057,-0.02618029661373733,-0.024703520192605133,-0.022606512421413316
1,long_gt1000,5,3.0555555555555554,-0.026192664145120004,-0.024673196009497578,-0.02224257517237893
1,long_gt1000,5,3.054054054054054,-0.026242085345826505,-0.024763332614189948,-0.022554727288898846
1,long_gt1000,5,3.0525525525525525,-0.02635077975224509,-0.024916528010987093,-0.02306762157141362
1,long_gt1000,5,3.051051051051051,-0.026329795774193587,-0.025135955534015153,-0.023618898197374727
1,long_gt1000,5,3.0495495495495497,-0.026200137568315296,-0.025141229170772328,-0.023960009037665375
1,long_gt1000,5,3.048048048048048,-0.026109953727176394,-0.024936712487337642,-0.023842510781254544
1,long_gt1000,5,3.0465465465465464,-0.026091109576220628,-0.02479838463877415,-0.02364741504763157
1,long_gt1000,5,3.045045045045045,-0.026112278334545658,-0.024772218798998047,-0.023319863205244262
1,long_gt1000,5,3.0435435435435436,-0.026090818599910692,-0.024877388725114136,-0.02264778771581555
1,long_gt1000,5,3.042042042042042,-0.026064612229981132,-0.02491984637545175,-0.021927739691675385
1,long_gt1000,5,3.0405405405405403,-0.026063345558885453,-0.024823890664733228,-0.022006064522756996
1,long_gt1000,5,3.039039039039039,-0.026224900013192,-0.02474844945050214,-0.022450904252177106
1,long_gt1000,5,3.0375375375375375,-0.026382292709730915,-0.02466156608767478,-0.022791994170882734
1,long_gt1000,5,3.036036036036036,-0.026387051459211386,-0.02453820715642019,-0.02314887899061846
1,long_gt1000,5,3.0345345345345347,-0.02636724589543127,-0.024500058774701405,-0.023222700894156234
1,long_gt1000,5,3.033033033033033,-0.026376135505884357,-0.024554635751653398,-0.022965928639010036
1,long_gt1000,5,3.0315315315315314,-0.026409893221316816,-0.024616097474465692,-0.022852259436264566
1,long_gt1000,5,3.03003003003003,-0.026450886905731497,-0.024640196893044197,-0.022621217404424687
1,long_gt1000,5,3.0285285285285286,-0.02648300517203417,-0.024652943323573484,-0.02222159538856172
1,long_gt1000,5,3.027027027027027,-0.026501531275702872,-0.02467190087930149,-0.02242202262110482
1,long_gt1000,5,3.0255255255255253,-0.026511763527380827,-0.024703045703931448,-0.02325969849074727
1,long_gt1000,5,3.024024024024024,-0.02653926281925678,-0.02472774542212608,-0.024200894228508796
1,long_gt1000,5,3.0225225225225225,-0.026595432207597303,-0.024720784246358263,-0.024720191012069237
1,long_gt1000,5,3.021021021021021,-0.026675026371405397,-0.024665921449610884,-0.02447450320740141
1,long_gt1000,5,3.0195195195195197,-0.026751488792736255,-0.024607532552225253,-0.02393527113024352
1,long_gt1000,5,3.018018018018018,-0.02678071523146719,-0.024578636040364255,-0.02362879347135649
1,long_gt1000,5,3.0165165165165164,-0.026740756354978967,-0.02455974832315022,-0.023612124538136103
1,long_gt1000,5,3.015015015015015,-0.02671317552982022,-0.024527121635534832,-0.023780494958847376
1,long_gt1000,5,3.0135135135135136,-0.026774759353956123,-0.024634043751797674,-0.023860540793122054
1,long_gt1000,5,3.012012012012012,-0.02684476588384177,-0.024925384765386194,-0.023789998581489447
1,long_gt1000,5,3.0105105105105103,-0.026839026709864378,-0.025096873395639818,-0.023799755992320204
1,long_gt1000,5,3.009009009009009,-0.02681293251659511,-0.025003391940823905,-0.024016568597129972
1,long_gt1000,5,3.0075075075075075,-0.026826452086738284,-0.024801921586545372,-0.02441428389196898
1,long_gt1000,5,3.006006006006006,-0.026858657062708624,-0.024874772219596664,-0.024659360946384656
1,long_gt1000,5,3.0045045045045047,-0.02692089710212575,-0.02516453460150958,-0.024635692674864318
1,long_gt1000,5,3.003003003003003,-0.0270148850526154,-0.025097985607545836,-0.024722914280797204
1,long_gt1000,5,3.0015015015015014,-0.02708000800644006,-0.02488983719050253,-0.024684157833095743
1,long_gt1000,5,3.0,-0.027095847587712885,-0.025058925445089586,-0.024291217008414634
1,long_gt1000,5,2.9984984984984986,-0.027146056441250344,-0.02516850841631013,-0.02435464261993825
1,long_gt1000,5,2.996996996996997,-0.02727402796318612,-0.025238239504768223,-0.024814422002059966
1,long_gt1000,5,2.9954954954954953,-0.027405400624445853,-0.025289386926768076,-0.025272833963357444
1,long_gt1000,5,2.993993993993994,-0.02746678618242715,-0.025435202478414576,-0.025342876751881516
1,long_gt1000,5,2.9924924924924925,-0.027496597196085437,-0.025427051696712222,-0.025412856234524606
1,long_gt1000,5,2.990990990990991,-0.027568193648372152,-0.025488526837132208,-0.02541408313846316
1,long_gt1000,5,2.9894894894894897,-0.02767297772133004,-0.025573582787576044,-0.025435230822404176
1,long_gt1000,5,2.987987987987988,-0.0277341094318162,-0.025683057664807496,-0.025508333022724705
1,long_gt1000,5,2.9864864864864864,-0.02772061658947711,-0.025827041304165355,-0.025693517640756447
1,long_gt1000,5,2.984984984984985,-0.0276886403634673,-0.026008932662079376,-0.025999343846659806
1,long_gt1000,5,2.9834834834834836,-0.027697706545978584,-0.026313939542744302,-0.026148002545762994
1,long_gt1000,5,2.981981981981982,-0.027748726333734708,-0.026372360698184605,-0.026200416019994455
1,long_gt1000,5,2.9804804804804803,-0.027785588737335165,-0.026186246915644196,-0.02601390410046045
1,long_gt1000,5,2.978978978978979,-0.027772722410150052,-0.0262187614889674,-0.025493344554957664
1,long_gt1000,5,2.9774774774774775,-0.02772503571204865,-0.026360926581488586,-0.02522991864546309
1,long_gt1000,5,2.975975975975976,-0.02770119098817736,-0.0265406093674877,-0.02533031479670922
1,long_gt1000,5,2.9744744744744747,-0.027750223871271906,-0.026664687497003348,-0.025669061455117048
1,long_gt1000,5,2.972972972972973,-0.02791760528605336,-0.026740868067843815,-0.026093848127141217
1,long_gt1000,5,2.9714714714714714,-0.02824215591272783,-0.026813992861443037,-0.026511987956481353
1,long_gt1000,5,2.96996996996997,-0.028716277849687,-0.026919104855553266,-0.026894845702094106
1,long_gt1000,5,2.9684684684684686,-0.028724475696229934,-0.027223187204255983,-0.027049366112787188
1,long_gt1000,5,2.966966966966967,-0.02747925542327101,-0.027180913633509274,-0.027141249204311046
1,long_gt1000,5,2.9654654654654653,-0.027627951267477524,-0.02729877910337042,-0.022914721623731205
1,long_gt1000,5,2.963963963963964,-0.02763935856230515,-0.027402073591398346,-0.022830014455931247
1,long_gt1000,5,2.9624624624624625,-0.027555832259262725,-0.027502497259014103,-0.022951890397649333
1,long_gt1000,5,2.960960960960961,-0.027611173557501645,-0.027463017864690298,-0.024483626004231596
1,long_gt1000,5,2.9594594594594597,-0.027734734612049672,-0.027445444243536232,-0.027220400555188262
1,long_gt1000,5,2.957957957957958,-0.028325168331825412,-0.027874446919633256,-0.027530465482350386
1,long_gt1000,5,2.9564564564564564,-0.028456528814368,-0.02802394578052847,-0.02767637795093314
1,long_gt1000,5,2.954954954954955,-0.028273512410019297,-0.028174973036523943,-0.02783769715989226
1,long_gt1000,5,2.9534534534534536,-0.028317307367488387,-0.02813788993861044,-0.027980804945151205
1,long_gt1000,5,2.951951951951952,-0.02844174169707281,-0.0280814272930604,-0.02807426289066739
1,long_gt1000,5,2.9504504504504503,-0.0285414988200674,-0.028114559003977968,-0.028073641816591888
1,long_gt1000,5,2.948948948948949,-0.028611696472221948,-0.028116901437169606,-0.028060629003715865
1,long_gt1000,5,2.9474474474474475,-0.028662547171953157,-0.028159501314083957,-0.02795406662441491
1,long_gt1000,5,2.945945945945946,-0.028713941235152807,-0.02815758853813133,-0.027861760527515433
1,long_gt1000,5,2.9444444444444446,-0.028786077519600384,-0.028118771998116188,-0.02785091381812521
1,long_gt1000,5,2.942942942942943,-0.02889082244707375,-0.02806095552754495,-0.02795624284974285
1,long_gt1000,5,2.9414414414414414,-0.029011465599820152,-0.028131102543867192,-0.028002036339638825
1,long_gt1000,5,2.93993993993994,-0.02912389091961609,-0.02831534227429633,-0.027955082512019946
1,long_gt1000,5,2.9384384384384385,-0.029204178363615108,-0.02845001286270532,-0.027919318410033478
1,long_gt1000,5,2.936936936936937,-0.029241562115720487,-0.02850629135902205,-0.027891369511056974
1,long_gt1000,5,2.9354354354354353,-0.02924708217100913,-0.028501927936825378,-0.02786786003954067
1,long_gt1000,5,2.933933933933934,-0.029233900109506883,-0.028461012572864486,-0.02784583083740466
1,long_gt1000,5,2.9324324324324325,-0.029215124366673062,-0.028407485501718344,-0.027824456920160667
1,long_gt1000,5,2.930930930930931,-0.02919986970366306,-0.028358023650993713,-0.027802099216277076
1,long_gt1000,5,2.9294294294294296,-0.02919054463724302,-0.028316189689032822,-0.02777688693161795
1,long_gt1000,5,2.9279279279279278,-0.029188915746039434,-0.028283341000591267,-0.027746949592547643
1,long_gt1000,5,2.9264264264264264,-0.029196749656194454,-0.02826083235691612,-0.027710666619147672
1,long_gt1000,5,2.924924924924925,-0.02921624722710392,-0.02825078410238735,-0.027668757194912685
1,long_gt1000,5,2.9234234234234235,-0.02925100719364071,-0.028254202756532232,-0.027623456634743304
1,long_gt1000,5,2.921921921921922,-0.029304903301810792,-0.028268597879884116,-0.02757703015827284
1,long_gt1000,5,2.9204204204204203,-0.029381809297620576,-0.028291296612628414,-0.027531731815934934
1,long_gt1000,5,2.918918918918919,-0.029485262904959675,-0.028319507909914554,-0.02748844254622318
1,long_gt1000,5,2.9174174174174174,-0.029609039314159036,-0.028347375169790467,-0.02744639824989803
1,long_gt1000,5,2.915915915915916,-0.0297357288624428,-0.028369499227063,-0.02740569162485984
1,long_gt1000,5,2.9144144144144146,-0.02984729737773173,-0.028382805695421398,-0.02736646932232223
1,long_gt1000,5,2.9129129129129128,-0.029925710687946916,-0.028384249175645526,-0.02732887799349837
1,long_gt1000,5,2.9114114114114114,-0.029953516931757296,-0.02837087947443173,-0.027293760323832905
1,long_gt1000,5,2.90990990990991,-0.029927365096345193,-0.028342649373904627,-0.027265056787024955
1,long_gt1000,5,2.9084084084084085,-0.029863282058157914,-0.028301309098782146,-0.02724221319696074
1,long_gt1000,5,2.906906906906907,-0.02977910680440532,-0.028247655809450767,-0.027222020961100934
1,long_gt1000,5,2.9054054054054053,-0.029692678322297605,-0.028182468593400012,-0.027201258059491362
1,long_gt1000,5,2.903903903903904,-0.029621789001374466,-0.02810652653811907,-0.02717669803707423
1,long_gt1000,5,2.9024024024024024,-0.029577779083854616,-0.028021297014841573,-0.02714421585118143
1,long_gt1000,5,2.900900900900901,-0.02955656285789643,-0.02793196613006077,-0.027098809149200376
1,long_gt1000,5,2.8993993993993996,-0.029551654570237118,-0.027844642086161775,-0.027041847298546084
1,long_gt1000,5,2.8978978978978978,-0.02955656846761312,-0.02776537804829704,-0.026977161113729275
1,long_gt1000,5,2.8963963963963963,-0.029564818796761427,-0.02770022718161924,-0.026908585449082367
1,long_gt1000,5,2.894894894894895,-0.029569920165432695,-0.027655242651280942,-0.02683995515878934
1,long_gt1000,5,2.8933933933933935,-0.029568614647095592,-0.027635679184463413,-0.026775091998657796
1,long_gt1000,5,2.891891891891892,-0.029562052242687153,-0.027638389544377473,-0.02671776570072304
1,long_gt1000,5,2.8903903903903903,-0.02955163567415031,-0.027655822905357508,-0.026670056889252836
1,long_gt1000,5,2.888888888888889,-0.029538767663428556,-0.027680460431589782,-0.02662960499359457
1,long_gt1000,5,2.8873873873873874,-0.029524850932464708,-0.027704783287261114,-0.026593322925619
1,long_gt1000,5,2.885885885885886,-0.029511316425222534,-0.02772127263655766,-0.026558123597197336
1,long_gt1000,5,2.8843843843843846,-0.029498308298593012,-0.02772287220251679,-0.026520923204670144
1,long_gt1000,5,2.8828828828828827,-0.0294837200937087,-0.027710197020281102,-0.026478838249461956
1,long_gt1000,5,2.8813813813813813,-0.029465278451581423,-0.027686691107825068,-0.02642936446877997
1,long_gt1000,5,2.87987987987988,-0.029440710013222904,-0.027655054774012644,-0.026371927103843062
1,long_gt1000,5,2.8783783783783785,-0.029407741419644418,-0.027617988327706677,-0.026308081130788863
1,long_gt1000,5,2.876876876876877,-0.029364099311857794,-0.027578192077770902,-0.02623949405865278
1,long_gt1000,5,2.8753753753753752,-0.029307804850236208,-0.02753836633306872,-0.026167833396470108
1,long_gt1000,5,2.873873873873874,-0.02924052919924436,-0.027500411572804917,-0.026094806983797292
1,long_gt1000,5,2.8723723723723724,-0.029166156705858426,-0.02746241928682147,-0.026022800786758227
1,long_gt1000,5,2.870870870870871,-0.029088595800445094,-0.027423778930555587,-0.02595446706401694
1,long_gt1000,5,2.8693693693693696,-0.029011754913371823,-0.027384182508269572,-0.025889916184911987
1,long_gt1000,5,2.8678678678678677,-0.028939542475005298,-0.027343322024225847,-0.025827951024897988
1,long_gt1000,5,2.8663663663663663,-0.028875865927705857,-0.027300889482686608,-0.025767363951388345
1,long_gt1000,5,2.864864864864865,-0.028823033932734554,-0.027256576887914052,-0.025706947331796903
1,long_gt1000,5,2.8633633633633635,-0.02877826644701198,-0.02721137448765565,-0.02564521955693022
1,long_gt1000,5,2.861861861861862,-0.028737766716802393,-0.027167442032690725,-0.02557922702077209
1,long_gt1000,5,2.8603603603603602,-0.028697737988370386,-0.02712536163031265,-0.02550656668613338
1,long_gt1000,5,2.858858858858859,-0.02865438350798033,-0.02708569162019725,-0.025428657673950306
1,long_gt1000,5,2.8573573573573574,-0.028603906521896816,-0.027048990342020462,-0.02534779472817994
1,long_gt1000,5,2.855855855855856,-0.028542606454182495,-0.027015816135457893,-0.025266272592779138
1,long_gt1000,5,2.8543543543543546,-0.02847028945883323,-0.026986668594411567,-0.025186388074833643
1,long_gt1000,5,2.8528528528528527,-0.02839121015426871,-0.026958782137463277,-0.025110721310922846
1,long_gt1000,5,2.8513513513513513,-0.028309911429977963,-0.026926651646784983,-0.025042376121685028
1,long_gt1000,5,2.84984984984985,-0.028230936175450028,-0.02688517001872437,-0.02498190488549057
1,long_gt1000,5,2.8483483483483485,-0.028158827280173826,-0.026829230149629235,-0.024925868615551017
1,long_gt1000,5,2.846846846846847,-0.02809812763363817,-0.026753724935846823,-0.024870492925332277
1,long_gt1000,5,2.8453453453453452,-0.028052757571725095,-0.026653547273725153,-0.024812003428300033
1,long_gt1000,5,2.843843843843844,-0.028020025741314347,-0.02652402372832019,-0.02474665737632953
1,long_gt1000,5,2.8423423423423424,-0.027993262073915615,-0.026367640226067968,-0.024671254202597637
1,long_gt1000,5,2.840840840840841,-0.027965742335217092,-0.02619270421301645,-0.024583355746806812
1,long_gt1000,5,2.8393393393393396,-0.027893534224370686,-0.02600768612589699,-0.024484405179569735
1,long_gt1000,5,2.8378378378378377,-0.027805740346652175,-0.025821056401441056,-0.024378491208256303
1,long_gt1000,5,2.8363363363363363,-0.027710091487175514,-0.025641285476380338,-0.024269753919869297
1,long_gt1000,5,2.834834834834835,-0.02760565285251604,-0.02547684378744608,-0.02416233340141194
1,long_gt1000,5,2.8333333333333335,-0.027493722746536275,-0.025335578462404085,-0.024060264109256102
1,long_gt1000,5,2.831831831831832,-0.02737589535457996,-0.025218659810518074,-0.023966961818983834
1,long_gt1000,5,2.83033033033033,-0.02725569892783508,-0.025123196674474046,-0.023954933489591768
1,long_gt1000,5,2.828828828828829,-0.027138025365174734,-0.025046239868532827,-0.02394020455865231
1,long_gt1000,5,2.8273273273273274,-0.027027795115000197,-0.024984840206955794,-0.02390781567241773
1,long_gt1000,5,2.825825825825826,-0.026929869822470365,-0.024936048504003994,-0.02385366439322345
1,long_gt1000,5,2.8243243243243246,-0.026846842809943317,-0.024896915507109263,-0.02377947245409906
1,long_gt1000,5,2.8228228228228227,-0.02677837094043667,-0.024863941232220577,-0.02368911385248107
1,long_gt1000,5,2.8213213213213213,-0.026723244490064024,-0.024832192238752104,-0.02358968826254504
1,long_gt1000,5,2.81981981981982,-0.026676383271544868,-0.024796564045387992,-0.023488700727168355
1,long_gt1000,5,2.8183183183183185,-0.026631322999549623,-0.024751952214748463,-0.023393656289228404
1,long_gt1000,5,2.816816816816817,-0.026581597646016863,-0.024693252309454072,-0.023311711570829785
1,long_gt1000,5,2.815315315315315,-0.026521018714390387,-0.024615359892125155,-0.023245104307370146
1,long_gt1000,5,2.813813813813814,-0.026445995008535395,-0.024513222235124532,-0.02319233195291215
1,long_gt1000,5,2.8123123123123124,-0.02635435490357063,-0.02438675237041088,-0.023149562652369893
1,long_gt1000,5,2.810810810810811,-0.02624541423967841,-0.024244886225791573,-0.023110738117650187
1,long_gt1000,5,2.8093093093093096,-0.026122879298338675,-0.024097515084121723,-0.023069704596557883
1,long_gt1000,5,2.8078078078078077,-0.025991270667495847,-0.023954530228255888,-0.023020308336897277
1,long_gt1000,5,2.8063063063063063,-0.025855108902935964,-0.023825822941048735,-0.022957589379430043
1,long_gt1000,5,2.804804804804805,-0.025718708311956218,-0.023721284505354934,-0.022882207919742492
1,long_gt1000,5,2.8033033033033035,-0.025585687213222852,-0.023650109288341215,-0.022796714539185414
1,long_gt1000,5,2.801801801801802,-0.025459464129480414,-0.023611204385107776,-0.022705294182793323
1,long_gt1000,5,2.8003003003003,-0.02534177432893847,-0.023595617757958598,-0.022612818059318696
1,long_gt1000,5,2.798798798798799,-0.0252323651182903,-0.02359419781323613,-0.0225241597398953
1,long_gt1000,5,2.7972972972972974,-0.025130869195586603,-0.023597792957283148,-0.022444174476620282
1,long_gt1000,5,2.795795795795796,-0.025036912474731166,-0.023597251596442548,-0.022375371649900333
1,long_gt1000,5,2.7942942942942945,-0.024949840427327175,-0.02358342213705622,-0.022315633398269474
1,long_gt1000,5,2.7927927927927927,-0.024868624248344906,-0.023548409984412544,-0.022262311019463743
1,long_gt1000,5,2.7912912912912913,-0.02479218373487102,-0.023492401859419587,-0.022212783310922912
1,long_gt1000,5,2.78978978978979,-0.0247191988085409,-0.023418782700349805,-0.02216443334758389
1,long_gt1000,5,2.7882882882882885,-0.02464821724559285,-0.023330945400312997,-0.022114644204382805
1,long_gt1000,5,2.786786786786787,-0.024577785444340305,-0.023232282852419517,-0.022060934757322626
1,long_gt1000,5,2.785285285285285,-0.02450645528899098,-0.023126187949779498,-0.022003209201292173
1,long_gt1000,5,2.7837837837837838,-0.024432847205931307,-0.023016055643814703,-0.021943375974892487
1,long_gt1000,5,2.7822822822822824,-0.024355628217291758,-0.02290566713262887,-0.02188249556388544
1,long_gt1000,5,2.7807807807807805,-0.024273801014926044,-0.022797016034696305,-0.02182059335824804
1,long_gt1000,5,2.7792792792792795,-0.02418799351166845,-0.022690586434204962,-0.021757638926248934
1,long_gt1000,5,2.7777777777777777,-0.024099326104672802,-0.022586853935410267,-0.021693601836156984
1,long_gt1000,5,2.7762762762762763,-0.024008919300221532,-0.022486294142567198,-0.021628261213763267
1,long_gt1000,5,2.774774774774775,-0.023917976672125252,-0.0223893826599314,-0.021560312426315398
1,long_gt1000,5,2.773273273273273,-0.023828079875706343,-0.022296535670603523,-0.021488205445731157
1,long_gt1000,5,2.771771771771772,-0.023740908875040545,-0.02220732294199368,-0.021411576216322392
1,long_gt1000,5,2.77027027027027,-0.023657209529836742,-0.02212203693777015,-0.021330667434520945
1,long_gt1000,5,2.7687687687687688,-0.023576002692975773,-0.02204136960345604,-0.021245726689493427
1,long_gt1000,5,2.7672672672672673,-0.023496122928675534,-0.021966012884573893,-0.021157002665275093
1,long_gt1000,5,2.7657657657657655,-0.023416400893857436,-0.021896658726646367,-0.021064954104613842
1,long_gt1000,5,2.7642642642642645,-0.023335272258706352,-0.02183399907519623,-0.020970498025810747
1,long_gt1000,5,2.7627627627627627,-0.023250444213636312,-0.0217787193740534,-0.02087477290900641
1,long_gt1000,5,2.7612612612612613,-0.023159682792674996,-0.02173021220164617,-0.020779542807743523
1,long_gt1000,5,2.75975975975976,-0.02306277368051346,-0.021684897567870953,-0.020686723661603068
1,long_gt1000,5,2.758258258258258,-0.02296103903641411,-0.021638766006625176,-0.020598231410165813
1,long_gt1000,5,2.756756756756757,-0.022855839502828323,-0.021587808051806046,-0.02051595392342409
1,long_gt1000,5,2.755255255255255,-0.022748605916608433,-0.021528014237310766,-0.020441194978954136
1,long_gt1000,5,2.7537537537537538,-0.022641945748340775,-0.021455375097036655,-0.020374695479912996
1,long_gt1000,5,2.7522522522522523,-0.02253944153435139,-0.021366142837379032,-0.020316312347934185
1,long_gt1000,5,2.7507507507507505,-0.022444185123984606,-0.02126149094556007,-0.020264435980808737
1,long_gt1000,5,2.7492492492492495,-0.022356638089549352,-0.02114638801655222,-0.020217314123132546
1,long_gt1000,5,2.7477477477477477,-0.022276432488646858,-0.02102571834820277,-0.02017319451950117
1,long_gt1000,5,2.7462462462462462,-0.022203200065401885,-0.020904366178859712,-0.02013042219019845
1,long_gt1000,5,2.744744744744745,-0.02213613413789295,-0.020787215746870924,-0.02008796667732593
1,long_gt1000,5,2.743243243243243,-0.022072117974325844,-0.020679151290584175,-0.020045007291464856
1,long_gt1000,5,2.741741741741742,-0.022007283046965975,-0.02058413431057904,-0.02000015798893151
1,long_gt1000,5,2.74024024024024,-0.02193875764386488,-0.02050112016154637,-0.019951591019668813
1,long_gt1000,5,2.7387387387387387,-0.02186574823939169,-0.020428197943422655,-0.01989746691770844
1,long_gt1000,5,2.7372372372372373,-0.02178772106576543,-0.020363600705725515,-0.0198359463343315
1,long_gt1000,5,2.7357357357357355,-0.021704153889619215,-0.020305561497972358,-0.019765225712749745
1,long_gt1000,5,2.7342342342342345,-0.021616128410476887,-0.020252313369680808,-0.019683587539152447
1,long_gt1000,5,2.7327327327327327,-0.021527960225302012,-0.020202092289946183,-0.0195902266496214
1,long_gt1000,5,2.7312312312312312,-0.02144423754806657,-0.020153950162172363,-0.019488718275451178
1,long_gt1000,5,2.72972972972973,-0.021367423605164637,-0.02010748485720426,-0.01938396883209914
1,long_gt1000,5,2.728228228228228,-0.02129812134761444,-0.020060749020269775,-0.019280885042659346
1,long_gt1000,5,2.726726726726727,-0.021236870887300974,-0.02001168274735554,-0.019184343740799248
1,long_gt1000,5,2.725225225225225,-0.021184055305496496,-0.019958226134448864,-0.019098564345058966
1,long_gt1000,5,2.7237237237237237,-0.02113643493187256,-0.01989831927753638,-0.019027095683911588
1,long_gt1000,5,2.7222222222222223,-0.021087141196362902,-0.019829885573865447,-0.01897037451624728
1,long_gt1000,5,2.7207207207207205,-0.021029874664301396,-0.019750692614919352,-0.018923086178981863
1,long_gt1000,5,2.7192192192192195,-0.020962583938126444,-0.01966112244449425,-0.0188792876378735
1,long_gt1000,5,2.7177177177177176,-0.02088475532975087,-0.019563230378108365,-0.018833035858680902
1,long_gt1000,5,2.7162162162162162,-0.020795877273113383,-0.01945908759865178,-0.018778710811741428
1,long_gt1000,5,2.714714714714715,-0.020696205102977316,-0.019350765289014804,-0.018712881968383943
1,long_gt1000,5,2.713213213213213,-0.020591384672725255,-0.019240334632087963,-0.018633284034224262
1,long_gt1000,5,2.7117117117117115,-0.020489365292332584,-0.019130146833936212,-0.018542361604511948
1,long_gt1000,5,2.71021021021021,-0.020395831633810424,-0.01902414010060194,-0.018446688357239616
1,long_gt1000,5,2.7087087087087087,-0.02031110027704952,-0.018925010244083884,-0.01835297802395841
1,long_gt1000,5,2.7072072072072073,-0.020234713316681363,-0.018834960956482627,-0.018267939126762167
1,long_gt1000,5,2.7057057057057055,-0.02016621191184087,-0.018756195929900077,-0.01819643542932803
1,long_gt1000,5,2.704204204204204,-0.02010374227033962,-0.018690918856437255,-0.01813877281271714
1,long_gt1000,5,2.7027027027027026,-0.020041254800222674,-0.018641332550689338,-0.018093829987944954
1,long_gt1000,5,2.701201201201201,-0.019972015599685866,-0.01860821887017461,-0.018056085454876136
1,long_gt1000,5,2.6996996996997,-0.01989315128149749,-0.018587676553664556,-0.018018388680314024
1,long_gt1000,5,2.698198198198198,-0.019806757941111863,-0.018574456994000954,-0.01797358648925962
1,long_gt1000,5,2.6966966966966965,-0.0197152592589227,-0.01856327423919768,-0.017914687512668115
1,long_gt1000,5,2.695195195195195,-0.01962111676445799,-0.018548842337269056,-0.01784023030923798
1,long_gt1000,5,2.6936936936936937,-0.01952807217143726,-0.01852587533622918,-0.017755526885763206
1,long_gt1000,5,2.6921921921921923,-0.01944142733722387,-0.018489099508431917,-0.01766721914367464
1,long_gt1000,5,2.6906906906906904,-0.019366157454975275,-0.018435042610629004,-0.017584513184379702
1,long_gt1000,5,2.689189189189189,-0.019302303388329722,-0.01836585985523942,-0.01751706017572885
1,long_gt1000,5,2.6876876876876876,-0.019246704442200002,-0.01828561123825012,-0.017474511285571204
1,long_gt1000,5,2.686186186186186,-0.01919614574214612,-0.018198378472729537,-0.017465393316256295
1,long_gt1000,5,2.684684684684685,-0.01914734047791855,-0.018108243271745872,-0.0174861783193605
1,long_gt1000,5,2.683183183183183,-0.01909632145384821,-0.018019287348367552,-0.017525993638115356
1,long_gt1000,5,2.6816816816816815,-0.019038746727993328,-0.017935584570312857,-0.017573105242291387
1,long_gt1000,5,2.68018018018018,-0.0189713867447594,-0.01786043634681822,-0.0176148880350131
1,long_gt1000,5,2.6786786786786787,-0.018895686952599577,-0.01779354595672844,-0.017638665965401312
1,long_gt1000,5,2.6771771771771773,-0.01881431645251852,-0.017732810070308913,-0.01763176298321656
1,long_gt1000,5,2.6756756756756754,-0.018729944349712868,-0.017676098327065404,-0.01758532341141472
1,long_gt1000,5,2.674174174174174,-0.01864539781427066,-0.017621280366503234,-0.017505521060398488
1,long_gt1000,5,2.6726726726726726,-0.0185641524936202,-0.017566225828129056,-0.017402086413488504
1,long_gt1000,5,2.671171171171171,-0.0184898267112501,-0.017508828459537717,-0.017283535464143185
1,long_gt1000,5,2.66966966966967,-0.018424039030901174,-0.017447874935376584,-0.01715775589407853
1,long_gt1000,5,2.668168168168168,-0.018364915959263373,-0.01738435345087086,-0.01703263010280187
1,long_gt1000,5,2.6666666666666665,-0.018310232547381178,-0.0173199057845268,-0.016915962639867166
1,long_gt1000,5,2.665165165165165,-0.01825776455600292,-0.017256176074244012,-0.016810757562690792
1,long_gt1000,5,2.6636636636636637,-0.01820540061562248,-0.017194808457921873,-0.01671250273538849
1,long_gt1000,5,2.6621621621621623,-0.018151264836194114,-0.017137447073459988,-0.01661701349189726
1,long_gt1000,5,2.6606606606606604,-0.018093611890937167,-0.017085424168270302,-0.01652433493542671
1,long_gt1000,5,2.659159159159159,-0.01803285793166509,-0.017037314405398574,-0.0164356496969551
1,long_gt1000,5,2.6576576576576576,-0.01797149342983073,-0.0169906177640633,-0.016352140422743355
1,long_gt1000,5,2.656156156156156,-0.01791209250596193,-0.01694292079233861,-0.01627504029308069
1,long_gt1000,5,2.6546546546546548,-0.017857110506824814,-0.016891810038298205,-0.01620648183271256
1,long_gt1000,5,2.653153153153153,-0.017806865588596343,-0.016834872050015548,-0.016149363115538495
1,long_gt1000,5,2.6516516516516515,-0.017759824645282363,-0.01676969337556522,-0.016104670110267394
1,long_gt1000,5,2.65015015015015,-0.017714258306399167,-0.016694664351077693,-0.016068964459812207
1,long_gt1000,5,2.6486486486486487,-0.017667480017895087,-0.016612400242820513,-0.0160381930554796
1,long_gt1000,5,2.6471471471471473,-0.017616389708560165,-0.01652626443832217,-0.016008302788576456
1,long_gt1000,5,2.6456456456456454,-0.017557885666598105,-0.016439516139836297,-0.015975495422361652
1,long_gt1000,5,2.644144144144144,-0.017489713292444753,-0.01635541454961653,-0.01593737845055987
1,long_gt1000,5,2.6426426426426426,-0.0174144571351178,-0.016277218869915844,-0.015892145285764103
1,long_gt1000,5,2.641141141141141,-0.017336417278124072,-0.01620818647843114,-0.015840168112251973
1,long_gt1000,5,2.6396396396396398,-0.017259576410117328,-0.016150131938932555,-0.015783886070316555
1,long_gt1000,5,2.638138138138138,-0.01718684395889114,-0.016101177856477022,-0.01572581990895272
1,long_gt1000,5,2.6366366366366365,-0.01712090417765233,-0.016059139544151835,-0.015668487722661162
1,long_gt1000,5,2.635135135135135,-0.017064440802264658,-0.016021850573468166,-0.015614024341424448
1,long_gt1000,5,2.6336336336336337,-0.017018560177000097,-0.015987144515936746,-0.015563784270762548
1,long_gt1000,5,2.6321321321321323,-0.01697930969639816,-0.01595285494306853,-0.01551878238206239
1,long_gt1000,5,2.6306306306306304,-0.01694174791094616,-0.015916845708830563,-0.015478255211832659
1,long_gt1000,5,2.629129129129129,-0.01690211511721129,-0.015877892366357838,-0.015440654022251143
1,long_gt1000,5,2.6276276276276276,-0.01685836922619166,-0.015835871080853936,-0.015404426616941524
1,long_gt1000,5,2.626126126126126,-0.01680860332618095,-0.01579075090229831,-0.015368012914437346
1,long_gt1000,5,2.6246246246246248,-0.016750945418725127,-0.015742501335453518,-0.015329691637644416
1,long_gt1000,5,2.623123123123123,-0.016685554704344074,-0.01569109188508233,-0.015287591974154413
1,long_gt1000,5,2.6216216216216215,-0.01661570270866841,-0.01563649205594797,-0.01524049364229807
1,long_gt1000,5,2.62012012012012,-0.016544792491326676,-0.015578700363545028,-0.015188918877950375
1,long_gt1000,5,2.6186186186186187,-0.016474550999680204,-0.015518208340017159,-0.015133675871359609
1,long_gt1000,5,2.6171171171171173,-0.016405552697879022,-0.015455497513491512,-0.015075572812774052
1,long_gt1000,5,2.6156156156156154,-0.016338349378268058,-0.01539090166413093,-0.01501558588782137
1,long_gt1000,5,2.614114114114114,-0.016273369014246697,-0.015324754566425014,-0.01495581767736942
1,long_gt1000,5,2.6126126126126126,-0.01620964276660275,-0.015257389994862702,-0.01489879816457873
1,long_gt1000,5,2.611111111111111,-0.016145320442972677,-0.015189141723933819,-0.014845884259020448
1,long_gt1000,5,2.6096096096096097,-0.01607893427379814,-0.015120266447710806,-0.014797019357757346
1,long_gt1000,5,2.608108108108108,-0.01601106271876107,-0.015050839353855983,-0.014752062886821626
1,long_gt1000,5,2.6066066066066065,-0.01594294281695996,-0.014981779530907291,-0.01471087279505201
1,long_gt1000,5,2.605105105105105,-0.015875811922575922,-0.01491421772037671,-0.014672602582810557
1,long_gt1000,5,2.6036036036036037,-0.01581098174980866,-0.014849284663775553,-0.014634575537090244
1,long_gt1000,5,2.6021021021021022,-0.015750060684391,-0.014788111102615797,-0.014594057181760212
1,long_gt1000,5,2.6006006006006004,-0.01569472719706888,-0.014731827439046219,-0.014550243380331729
1,long_gt1000,5,2.599099099099099,-0.015645798728237015,-0.014681429983911087,-0.014503275034522423
1,long_gt1000,5,2.5975975975975976,-0.01560215361273598,-0.014637148435299618,-0.01445329950930363
1,long_gt1000,5,2.596096096096096,-0.01556240499396866,-0.014598147659062644,-0.014400481960231692
1,long_gt1000,5,2.5945945945945947,-0.01552516346064814,-0.014563448041009508,-0.014345607931392834
1,long_gt1000,5,2.593093093093093,-0.01548883888008401,-0.014532069966950223,-0.0142902295554721
1,long_gt1000,5,2.5915915915915915,-0.015451499138587899,-0.01450303382269369,-0.01423518384433109
1,long_gt1000,5,2.59009009009009,-0.01541121604988005,-0.014475355793946543,-0.014178946120470881
1,long_gt1000,5,2.5885885885885886,-0.015367013941843144,-0.014447931714425044,-0.014119535937882732
1,long_gt1000,5,2.5870870870870872,-0.015318925768132763,-0.014420145904334714,-0.014054972850558345
1,long_gt1000,5,2.5855855855855854,-0.015267032989811247,-0.014392071068925372,-0.013983540211622625
1,long_gt1000,5,2.584084084084084,-0.015211456251449818,-0.014363812665450393,-0.013905794649181624
1,long_gt1000,5,2.5825825825825826,-0.015153160456236714,-0.01433547615116293,-0.013823479588092269
1,long_gt1000,5,2.581081081081081,-0.015093924282902016,-0.014307166983316577,-0.01373937826389815
1,long_gt1000,5,2.5795795795795797,-0.015035448206514701,-0.014278995227858804,-0.013657626917790822
1,long_gt1000,5,2.578078078078078,-0.014978468150703694,-0.014250938914349698,-0.01358245367284705
1,long_gt1000,5,2.5765765765765765,-0.01492322511599542,-0.014221449335962255,-0.013518086612224867
1,long_gt1000,5,2.575075075075075,-0.014869956063644496,-0.014188270216759058,-0.013467396635396867
1,long_gt1000,5,2.5735735735735736,-0.014818821964147189,-0.014149142134099124,-0.013428320078958
1,long_gt1000,5,2.5720720720720722,-0.01476929463662624,-0.01410180566534236,-0.013397690403109674
1,long_gt1000,5,2.5705705705705704,-0.014720478943738513,-0.014044001387847782,-0.013372521112437141
1,long_gt1000,5,2.569069069069069,-0.014671757461107937,-0.013973808629499596,-0.013349928101001218
1,long_gt1000,5,2.5675675675675675,-0.014623816644635523,-0.013892385294219434,-0.013327028445250688
1,long_gt1000,5,2.566066066066066,-0.014577720694192386,-0.01380473897143042,-0.013300948627762654
1,long_gt1000,5,2.5645645645645647,-0.014534533750209189,-0.01371644855833809,-0.013270478820530895
1,long_gt1000,5,2.563063063063063,-0.014494949177439542,-0.013633092952146875,-0.013237970645027408
1,long_gt1000,5,2.5615615615615615,-0.014458452244465736,-0.013560251050062089,-0.013205914415506559
1,long_gt1000,5,2.56006006006006,-0.014424282134371413,-0.0135034993053329,-0.0131754056542559
1,long_gt1000,5,2.5585585585585586,-0.01439128526086586,-0.013467019980420325,-0.013147160793274715
1,long_gt1000,5,2.557057057057057,-0.014357193906624044,-0.01344883347472714,-0.01312189625699789
1,long_gt1000,5,2.5555555555555554,-0.014319544158769792,-0.01344264652206606,-0.013100271161703203
1,long_gt1000,5,2.554054054054054,-0.01427591610975476,-0.01344187793312912,-0.013081436278053138
1,long_gt1000,5,2.5525525525525525,-0.014225517160225465,-0.013439946518608581,-0.013062924563695066
1,long_gt1000,5,2.551051051051051,-0.014169621621169748,-0.013430271089195811,-0.013042531923870504
1,long_gt1000,5,2.5495495495495497,-0.014109638365510824,-0.013406319402436084,-0.013018634041582322
1,long_gt1000,5,2.548048048048048,-0.014047150827783739,-0.013363563969909231,-0.012989662538471114
1,long_gt1000,5,2.5465465465465464,-0.013984110002081662,-0.013303808698587272,-0.012954049036176585
1,long_gt1000,5,2.545045045045045,-0.013922513388087143,-0.01323170947442276,-0.012910426420666532
1,long_gt1000,5,2.5435435435435436,-0.013864232032141377,-0.013151963473412964,-0.012859768667626392
1,long_gt1000,5,2.542042042042042,-0.01380960320806568,-0.013069267871555379,-0.012804590198462362
1,long_gt1000,5,2.5405405405405403,-0.013757943520830818,-0.012988319844846163,-0.012747896501447809
1,long_gt1000,5,2.539039039039039,-0.013708568581789926,-0.012913839086695633,-0.012693065395212866
1,long_gt1000,5,2.5375375375375375,-0.013661174697585876,-0.0128498046729153,-0.012643485102964647
1,long_gt1000,5,2.536036036036036,-0.01361582746255885,-0.012795519604944516,-0.012602543847908931
1,long_gt1000,5,2.5345345345345347,-0.01357260766170354,-0.012748783274095343,-0.0125730474687058
1,long_gt1000,5,2.533033033033033,-0.013531697063234205,-0.012707394531215721,-0.012554630053643878
1,long_gt1000,5,2.5315315315315314,-0.013493749826233747,-0.012669152227154035,-0.012545611615178531
1,long_gt1000,5,2.53003003003003,-0.013459558126798665,-0.01263185521268917,-0.012542935759334517
1,long_gt1000,5,2.5285285285285286,-0.01342975952204184,-0.01259283880041906,-0.012543056078071935
1,long_gt1000,5,2.527027027027027,-0.013403996963011977,-0.012549902404844548,-0.01254242556441243
1,long_gt1000,5,2.5255255255255253,-0.013381519665147001,-0.01253749774723989,-0.012504923143663582
1,long_gt1000,5,2.524024024024024,-0.01336157407178673,-0.012524955318860442,-0.012460292794419736
1,long_gt1000,5,2.5225225225225225,-0.013342994347677717,-0.012502066664813238,-0.012418403134657252
1,long_gt1000,5,2.521021021021021,-0.01332367845943705,-0.012467269176721807,-0.01238164594191904
1,long_gt1000,5,2.5195195195195197,-0.0133013965024249,-0.012422221599129868,-0.012352414947049306
1,long_gt1000,5,2.518018018018018,-0.01327431911707766,-0.012369182350304486,-0.01233349444362597
1,long_gt1000,5,2.5165165165165164,-0.013241571129797736,-0.012325094217911392,-0.012310409848512505
1,long_gt1000,5,2.515015015015015,-0.013202416406461248,-0.012323987210171028,-0.012248239955839235
1,long_gt1000,5,2.5135135135135136,-0.013156212963842506,-0.012326813234159628,-0.012187035147174674
1,long_gt1000,5,2.512012012012012,-0.01310450518287909,-0.012330212103631277,-0.012133230482418211
1,long_gt1000,5,2.5105105105105103,-0.013051035479549,-0.012330823632340948,-0.012089766655032363
1,long_gt1000,5,2.509009009009009,-0.0129996272557924,-0.012325253193629981,-0.01205507664188632
1,long_gt1000,5,2.5075075075075075,-0.01295327410342706,-0.01230940175969808,-0.012027308702526884
1,long_gt1000,5,2.506006006006006,-0.012913737903934353,-0.012281444519181006,-0.012004611096501083
1,long_gt1000,5,2.5045045045045047,-0.012882680708079741,-0.012241197986680108,-0.011984921299713847
1,long_gt1000,5,2.503003003003003,-0.012861289255647224,-0.012188488065485892,-0.011963812018139341
1,long_gt1000,5,2.5015015015015014,-0.012846844523104473,-0.012123140658890197,-0.011935572432531849
1,long_gt1000,5,2.5,-0.012834710397837679,-0.012044981670184196,-0.011898454640040912
1,long_gt1000,5,2.4984984984984986,-0.012820422286521582,-0.011954300736124468,-0.01185435639543786
1,long_gt1000,5,2.496996996996997,-0.012801586926736386,-0.011855920155130928,-0.011805309674026931
1,long_gt1000,5,2.4954954954954953,-0.012777111930351692,-0.011756316420725055,-0.011753346451112368
1,long_gt1000,5,2.493993993993994,-0.012745925057771279,-0.011700499425190358,-0.011661703117863631
1,long_gt1000,5,2.4924924924924925,-0.012707725764494304,-0.01164880457069617,-0.011578293831503217
1,long_gt1000,5,2.490990990990991,-0.012665113795187866,-0.011600047373049094,-0.011512302146601039
1,long_gt1000,5,2.4894894894894897,-0.012621370128695242,-0.011554435853981637,-0.011469941648113657
1,long_gt1000,5,2.487987987987988,-0.012579200211516373,-0.011511567614337803,-0.011455935301880604
1,long_gt1000,5,2.4864864864864864,-0.012538591916336772,-0.011471038931478494,-0.011466596637829118
1,long_gt1000,5,2.484984984984985,-0.012498731775305583,-0.011494557232830438,-0.011432454936300962
1,long_gt1000,5,2.4834834834834836,-0.012458806084354457,-0.01153230101678826,-0.011396143911570178
1,long_gt1000,5,2.481981981981982,-0.012417978939048169,-0.011572311919607836,-0.011363681095776235
1,long_gt1000,5,2.4804804804804803,-0.012375366537231702,-0.01160707387119353,-0.01133619776728656
1,long_gt1000,5,2.478978978978979,-0.012330085509351774,-0.011629072735521495,-0.011313296640430348
1,long_gt1000,5,2.4774774774774775,-0.012282259574836862,-0.011632632514070318,-0.011294325749883205
1,long_gt1000,5,2.475975975975976,-0.012234086607903594,-0.011618155147488762,-0.011278633130320737
1,long_gt1000,5,2.4744744744744747,-0.012188020165376567,-0.011588728892621969,-0.011265492265241317
1,long_gt1000,5,2.472972972972973,-0.012146434816417084,-0.011547663180604184,-0.011252783658795229
1,long_gt1000,5,2.4714714714714714,-0.01210990296754999,-0.011498267442569876,-0.011237186716428482
1,long_gt1000,5,2.46996996996997,-0.012077202911125573,-0.011443851109653957,-0.011216452194212412
1,long_gt1000,5,2.4684684684684686,-0.01204701393732388,-0.011387710030453135,-0.011189675563854529
1,long_gt1000,5,2.466966966966967,-0.012017538189606825,-0.011332627976328391,-0.011156032547040118
1,long_gt1000,5,2.4654654654654653,-0.011986511629560992,-0.011280273344930869,-0.011114698865454686
1,long_gt1000,5,2.463963963963964,-0.01195165078790672,-0.01123179916913064,-0.011065058692235619
1,long_gt1000,5,2.4624624624624625,-0.011911171839316559,-0.011188339764684141,-0.011008497989906996
1,long_gt1000,5,2.460960960960961,-0.011866762685118104,-0.01115102944734847,-0.010947528457387001
1,long_gt1000,5,2.4594594594594597,-0.01182158482310891,-0.011121002532880286,-0.010884783482135507
1,long_gt1000,5,2.457957957957958,-0.011778637604844766,-0.01109925324749561,-0.010822965348940672
1,long_gt1000,5,2.4564564564564564,-0.011739838001255665,-0.011085407408131909,-0.010764777412336723
1,long_gt1000,5,2.454954954954955,-0.011706672679042684,-0.011077419041477965,-0.01071292302685789
1,long_gt1000,5,2.4534534534534536,-0.011680627207709682,-0.011072663152115636,-0.01066982930124305
1,long_gt1000,5,2.451951951951952,-0.01166238265418662,-0.011068507922715964,-0.0106367367442739
1,long_gt1000,5,2.4504504504504503,-0.011649177501088737,-0.011062321535950215,-0.010613795258851422
1,long_gt1000,5,2.448948948948949,-0.011637331060332823,-0.011051472174490318,-0.010597862837083305
1,long_gt1000,5,2.4474474474474475,-0.011623629431758875,-0.011033492436789416,-0.010584920271799803
1,long_gt1000,5,2.445945945945946,-0.011605987503205961,-0.011007771085641771,-0.010570948347895293
1,long_gt1000,5,2.4444444444444446,-0.011582487410875641,-0.010976148213490244,-0.010551923919175366
1,long_gt1000,5,2.442942942942943,-0.011551220166140075,-0.010940866010003658,-0.010523413118834979
1,long_gt1000,5,2.4414414414414414,-0.011511752248312357,-0.010904166664851722,-0.010480272949897396
1,long_gt1000,5,2.43993993993994,-0.011466762045878154,-0.01086829236770348,-0.01042137520366504
1,long_gt1000,5,2.4384384384384385,-0.011419320051398563,-0.010835485308227755,-0.010352417298113314
1,long_gt1000,5,2.436936936936937,-0.011372407432614251,-0.0108079114154227,-0.010279742831589944
1,long_gt1000,5,2.4354354354354353,-0.011328891467608626,-0.010786192368506864,-0.01020969540244221
1,long_gt1000,5,2.433933933933934,-0.011291632035163701,-0.010768860901020805,-0.010148649491039663
1,long_gt1000,5,2.4324324324324325,-0.011263376117596868,-0.010754273746144571,-0.010104032417360909
1,long_gt1000,5,2.4309309309309306,-0.011244230668374877,-0.010740787637058657,-0.010083985062633305
1,long_gt1000,5,2.4294294294294296,-0.011231638267760635,-0.010726759306942446,-0.010088240405183635
1,long_gt1000,5,2.4279279279279278,-0.011222897004314891,-0.010710537953030341,-0.010110052955837334
1,long_gt1000,5,2.4264264264264264,-0.011215053304180822,-0.01068969916917939,-0.010142513687402932
1,long_gt1000,5,2.424924924924925,-0.011205015472378621,-0.010662818831399745,-0.010178713572688736
1,long_gt1000,5,2.423423423423423,-0.011189690391295581,-0.0106315999743265,-0.010211616450484184
1,long_gt1000,5,2.421921921921922,-0.011166219032428204,-0.010597959083301856,-0.010233096064411251
1,long_gt1000,5,2.4204204204204203,-0.011134311792424079,-0.010563812643668236,-0.01023535236658768
1,long_gt1000,5,2.418918918918919,-0.011095267390020203,-0.010531077140767842,-0.010218667244626944
1,long_gt1000,5,2.4174174174174174,-0.011050548030280272,-0.010501675980287173,-0.010187672027786698
1,long_gt1000,5,2.4159159159159156,-0.011002189035902887,-0.01047823307436313,-0.010147039923708912
1,long_gt1000,5,2.4144144144144146,-0.010952372403125077,-0.010459853334648495,-0.010101444169374973
1,long_gt1000,5,2.4129129129129128,-0.0109032801281026,-0.010441881302203804,-0.010055888701552718
1,long_gt1000,5,2.4114114114114114,-0.01085699818004171,-0.010419584746177213,-0.010016527784616036
1,long_gt1000,5,2.40990990990991,-0.01081524168097725,-0.010388231435716211,-0.009988540465336593
1,long_gt1000,5,2.408408408408408,-0.010779627306830353,-0.010343089139968953,-0.009971267896521141
1,long_gt1000,5,2.406906906906907,-0.010751005422123372,-0.01027943480914928,-0.009962314315447696
1,long_gt1000,5,2.4054054054054053,-0.010728883060277195,-0.010195363539093005,-0.009959283670012198
1,long_gt1000,5,2.403903903903904,-0.010712631389308003,-0.010100063983347507,-0.009959755508713863
1,long_gt1000,5,2.4024024024024024,-0.01070161775866163,-0.01000560401333317,-0.009960095531658997
1,long_gt1000,5,2.4009009009009006,-0.010694257046233835,-0.009954939866473556,-0.00992405152482756
1,long_gt1000,5,2.3993993993993996,-0.01068676414627201,-0.009940898870383297,-0.009867474413608468
1,long_gt1000,5,2.3978978978978978,-0.010675185615941274,-0.009918488188185082,-0.009847940575453684
1,long_gt1000,5,2.3963963963963963,-0.010657681704250965,-0.009888646284909708,-0.00987698917016111
1,long_gt1000,5,2.394894894894895,-0.01063403949583841,-0.009954197029558243,-0.00985231162558664
1,long_gt1000,5,2.393393393393393,-0.010604087906540771,-0.010063777669916174,-0.009810549988666706
1,long_gt1000,5,2.391891891891892,-0.010567690833273247,-0.010188604332063145,-0.00976653814404349
1,long_gt1000,5,2.3903903903903903,-0.010526504795518754,-0.010311550256826063,-0.009725074394812516
1,long_gt1000,5,2.388888888888889,-0.010484801784002018,-0.010415488685032281,-0.009688441421863203
1,long_gt1000,5,2.3873873873873874,-0.01048329285751004,-0.010446557492979736,-0.00965640651653521
1,long_gt1000,5,2.3858858858858856,-0.010499874427666533,-0.010412607097733062,-0.009628631584389646
1,long_gt1000,5,2.3843843843843846,-0.010466735761309964,-0.010382576537171229,-0.009604778530987845
1,long_gt1000,5,2.3828828828828827,-0.010395060108677523,-0.010356089208534147,-0.009584143782041865
1,long_gt1000,5,2.3813813813813813,-0.010332742707330977,-0.010296273120266708,-0.00956404199756311
1,long_gt1000,5,2.37987987987988,-0.010311178179239988,-0.010181800446574796,-0.00954139057008363
1,long_gt1000,5,2.378378378378378,-0.010288820861992232,-0.010063067738099063,-0.009515381047257243
1,long_gt1000,5,2.376876876876877,-0.010264006802777947,-0.009951486404014664,-0.009486340473871868
1,long_gt1000,5,2.3753753753753752,-0.010238305752694687,-0.009855151939968332,-0.00945460426379463
1,long_gt1000,5,2.373873873873874,-0.010213946982700284,-0.00977409165809262,-0.009420511298471768
1,long_gt1000,5,2.3723723723723724,-0.010193159763752346,-0.009706977258585159,-0.009385157066914562
1,long_gt1000,5,2.3708708708708706,-0.010178119439650413,-0.009652479045167528,-0.009351335822379347
1,long_gt1000,5,2.3693693693693696,-0.010169836992688142,-0.009609267321560644,-0.009321868501144026
1,long_gt1000,5,2.3678678678678677,-0.010168161097210193,-0.009576012391485866,-0.009298673332186036
1,long_gt1000,5,2.3663663663663663,-0.010171087941499124,-0.009551402085113514,-0.009283419946949811
1,long_gt1000,5,2.364864864864865,-0.01017407375008239,-0.0095350341761673,-0.009277777969275425
1,long_gt1000,5,2.363363363363363,-0.010172384092620002,-0.009525602027472546,-0.009283372064402107
1,long_gt1000,5,2.361861861861862,-0.01016128453877263,-0.009520307522532523,-0.009299688760973313
1,long_gt1000,5,2.3603603603603602,-0.010136467319403097,-0.009516330832010977,-0.009323186566909225
1,long_gt1000,5,2.358858858858859,-0.010097443048891819,-0.009510852126571878,-0.009349271013605831
1,long_gt1000,5,2.3573573573573574,-0.010045931173082279,-0.009501051576878083,-0.009370989097394311
1,long_gt1000,5,2.3558558558558556,-0.009985980125800431,-0.009484103620241324,-0.009380968217993502
1,long_gt1000,5,2.3543543543543546,-0.009923136882802552,-0.009457629749973773,-0.009371835775122017
1,long_gt1000,5,2.3528528528528527,-0.009862973739141578,-0.009423818922819072,-0.009336564290336913
1,long_gt1000,5,2.3513513513513513,-0.009811062989870667,-0.009387157492974918,-0.009272981477109532
1,long_gt1000,5,2.34984984984985,-0.009772625872802143,-0.009352147792406562,-0.009182600437007915
1,long_gt1000,5,2.348348348348348,-0.009748986768405299,-0.00932329215307881,-0.009071668094732477
1,long_gt1000,5,2.346846846846847,-0.009738735059581893,-0.009305092906957135,-0.00895296027200465
1,long_gt1000,5,2.3453453453453452,-0.009738480700641095,-0.009301776098850967,-0.008839741973112769
1,long_gt1000,5,2.343843843843844,-0.009744073055542701,-0.009313813036196716,-0.008745278202345164
1,long_gt1000,5,2.3423423423423424,-0.009751359716376085,-0.009334289482328728,-0.008682292379089684
1,long_gt1000,5,2.3408408408408405,-0.009756188275230171,-0.00935478702177961,-0.008657253761776618
1,long_gt1000,5,2.3393393393393396,-0.009754926278368048,-0.009366887239084187,-0.00867176835580108
1,long_gt1000,5,2.3378378378378377,-0.00974629348835232,-0.009362171718775292,-0.008717976116785708
1,long_gt1000,5,2.3363363363363363,-0.009729849710450322,-0.009332225530716887,-0.008782163370200768
1,long_gt1000,5,2.334834834834835,-0.009706345938235827,-0.009271150239402726,-0.008850527932859675
1,long_gt1000,5,2.333333333333333,-0.00967702900685552,-0.009183472765184497,-0.008909267621575845
1,long_gt1000,5,2.331831831831832,-0.009643147381827921,-0.009080707971207858,-0.008945772754574088
1,long_gt1000,5,2.33033033033033,-0.009605949847609097,-0.008974893022380526,-0.008954550026434749
1,long_gt1000,5,2.328828828828829,-0.009566765418562495,-0.008934779968511553,-0.008878065083611109
1,long_gt1000,5,2.3273273273273274,-0.00952710873921836,-0.008893358855578404,-0.008802261319806659
1,long_gt1000,5,2.3258258258258255,-0.009488430976093198,-0.008839000224333038,-0.00875930009362369
1,long_gt1000,5,2.3243243243243246,-0.009451864846935276,-0.008780417611471858,-0.00875382845367012
1,long_gt1000,5,2.3228228228228227,-0.009418472398688316,-0.008778343838991676,-0.008726312713129403
1,long_gt1000,5,2.3213213213213213,-0.00938931567829715,-0.00882188574190046,-0.008683038930805909
1,long_gt1000,5,2.31981981981982,-0.009365437315801639,-0.008873423333501052,-0.008651777222391965
1,long_gt1000,5,2.318318318318318,-0.009346975895710097,-0.008921925784898033,-0.00863160598759527
1,long_gt1000,5,2.316816816816817,-0.009332800388592855,-0.008956362267195983,-0.008618768195418403
1,long_gt1000,5,2.315315315315315,-0.009321268275558126,-0.008966254127129591,-0.008609168788982435
1,long_gt1000,5,2.313813813813814,-0.00930963533452811,-0.008949041487672948,-0.008598712711408885
1,long_gt1000,5,2.3123123123123124,-0.009294977259755255,-0.008910382439785813,-0.00858341908100635
1,long_gt1000,5,2.3108108108108105,-0.009274369745491562,-0.008856999792825837,-0.008561491689770051
1,long_gt1000,5,2.3093093093093096,-0.009245046898577414,-0.008795616712338195,-0.008533145310262613
1,long_gt1000,5,2.3078078078078077,-0.009206189726443492,-0.008732956363867839,-0.008499867550211482
1,long_gt1000,5,2.3063063063063063,-0.00915830904399928,-0.00867574191296061,-0.008464427113693551
1,long_gt1000,5,2.304804804804805,-0.009103216231066469,-0.008630310747363978,-0.008429654931123798
1,long_gt1000,5,2.303303303303303,-0.00904468172080386,-0.008598956082364051,-0.008398381932916754
1,long_gt1000,5,2.301801801801802,-0.00898664223972001,-0.008580559178422043,-0.008373289314283827
1,long_gt1000,5,2.3003003003003,-0.008933034514323923,-0.008573752443804983,-0.008355868767473407
1,long_gt1000,5,2.298798798798799,-0.008887229908042471,-0.008577168286779902,-0.008346827948322755
1,long_gt1000,5,2.2972972972972974,-0.008850233860454138,-0.00858943911561405,-0.008344326692206083
1,long_gt1000,5,2.2957957957957955,-0.008822380977860478,-0.008609196971432365,-0.008344871031457757
1,long_gt1000,5,2.2942942942942945,-0.008802770113240932,-0.008634369472837466,-0.008344938876903685
1,long_gt1000,5,2.2927927927927927,-0.008789242390364826,-0.008661151435953363,-0.008341008140089201
1,long_gt1000,5,2.2912912912912913,-0.008779582497900673,-0.008685894084742074,-0.008329919742375846
1,long_gt1000,5,2.28978978978979,-0.008771578714649841,-0.008704982852434817,-0.008309912266183161
1,long_gt1000,5,2.288288288288288,-0.00876351803785469,-0.008714803172263474,-0.008280458346114461
1,long_gt1000,5,2.286786786786787,-0.00875469272595586,-0.008711740477459262,-0.008244989435727046
1,long_gt1000,5,2.285285285285285,-0.008744525972252504,-0.008692182733123222,-0.008208027904525128
1,long_gt1000,5,2.2837837837837838,-0.00873262661927754,-0.008654448176318663,-0.00817409615602216
1,long_gt1000,5,2.2822822822822824,-0.008718765962667296,-0.008601943815268909,-0.00814770847928914
1,long_gt1000,5,2.2807807807807805,-0.008702720780934925,-0.008538655856040966,-0.008131647428010869
1,long_gt1000,5,2.2792792792792795,-0.008684282479785033,-0.00846855172383787,-0.008124817855891697
1,long_gt1000,5,2.2777777777777777,-0.008663548600820858,-0.008395598843862873,-0.008124092144883077
1,long_gt1000,5,2.2762762762762763,-0.008640906883560673,-0.008323764641318787,-0.008123095711536354
1,long_gt1000,5,2.274774774774775,-0.008616788177793877,-0.008256962707154258,-0.008115032314279125
1,long_gt1000,5,2.273273273273273,-0.008591803615450422,-0.00819681780247783,-0.008093105711538984
1,long_gt1000,5,2.271771771771772,-0.008566628024077927,-0.00814284358416173,-0.008050827985532027
1,long_gt1000,5,2.27027027027027,-0.008541936304198972,-0.008095084616796422,-0.007987781131099991
1,long_gt1000,5,2.2687687687687688,-0.008518353757533514,-0.008053598913638993,-0.0079091448979689
1,long_gt1000,5,2.2672672672672673,-0.008495949685809023,-0.00801844448794764,-0.007821791649937238
1,long_gt1000,5,2.2657657657657655,-0.008474444222702271,-0.007989679352980339,-0.0077343629919464085
1,long_gt1000,5,2.2642642642642645,-0.008453585281102072,-0.007967526794457225,-0.0076556036032606745
1,long_gt1000,5,2.2627627627627627,-0.008433237115085035,-0.007953518645308355,-0.007594258163144518
1,long_gt1000,5,2.2612612612612613,-0.00841328946011255,-0.007948165751806124,-0.0075582889429750555
1,long_gt1000,5,2.25975975975976,-0.008393632051646449,-0.007951243708800737,-0.007547418681319806
1,long_gt1000,5,2.258258258258258,-0.008374139297915306,-0.007962526551720694,-0.007556306444701066
1,long_gt1000,5,2.256756756756757,-0.008354246098291496,-0.007981788315995608,-0.007578062410231734
1,long_gt1000,5,2.255255255255255,-0.008332893996713109,-0.008008803037054202,-0.0076048429876458545
1,long_gt1000,5,2.2537537537537538,-0.008309183238571771,-0.008043059246043871,-0.007628788800168929
1,long_gt1000,5,2.2522522522522523,-0.008282645176366898,-0.008080304098695423,-0.007642040471026679
1,long_gt1000,5,2.2507507507507505,-0.008252872452906956,-0.008115238311350748,-0.007637505086854901
1,long_gt1000,5,2.2492492492492495,-0.008219457711000189,-0.00814315560278156,-0.007614030621996948
1,long_gt1000,5,2.2477477477477477,-0.008182092304318545,-0.00815935001598711,-0.007573680160450902
1,long_gt1000,5,2.2462462462462462,-0.008159115593966648,-0.008141922417765235,-0.007520727911575875
1,long_gt1000,5,2.244744744744745,-0.008137746379719202,-0.008101162464684952,-0.007460130993964809
1,long_gt1000,5,2.243243243243243,-0.008091627293726367,-0.00806106400970985,-0.007396846743401797
1,long_gt1000,5,2.241741741741742,-0.008025218990371785,-0.008021853400723922,-0.0073358323993570895
1,long_gt1000,5,2.24024024024024,-0.007983709616064205,-0.007945154521905584,-0.007281536686201573
1,long_gt1000,5,2.2387387387387387,-0.007946811634067297,-0.00785737135792508,-0.007236712742497264
1,long_gt1000,5,2.2372372372372373,-0.007911294640962074,-0.007767804060336836,-0.0072030236382700785
1,long_gt1000,5,2.2357357357357355,-0.007876690159116961,-0.007682387191047857,-0.007179545273684473
1,long_gt1000,5,2.2342342342342345,-0.007842268963258014,-0.007607055237141447,-0.007164786248208044
1,long_gt1000,5,2.2327327327327327,-0.007808627551468605,-0.00754620309093057,-0.007157255161307274
1,long_gt1000,5,2.2312312312312312,-0.007776966388171491,-0.0074987575890947955,-0.007155444165064528
1,long_gt1000,5,2.22972972972973,-0.007748488902405759,-0.007462733424576928,-0.007157032090340687
1,long_gt1000,5,2.228228228228228,-0.0077243985232120504,-0.007436333638222825,-0.007158536253130343
1,long_gt1000,5,2.226726726726727,-0.007705673044536621,-0.007417763813851508,-0.007157139140044455
1,long_gt1000,5,2.225225225225225,-0.007691667134593683,-0.007405229535280444,-0.007151371045830857
1,long_gt1000,5,2.2237237237237237,-0.007680897409640952,-0.007396936224824957,-0.007139901560180739
1,long_gt1000,5,2.2222222222222223,-0.007671133803191621,-0.007391042874101528,-0.007121400272785294
1,long_gt1000,5,2.2207207207207205,-0.007659877567556039,-0.007385792433718397,-0.007094623251357568
1,long_gt1000,5,2.2192192192192195,-0.007644629589525831,-0.007380306589336527,-0.00706003378806308
1,long_gt1000,5,2.2177177177177176,-0.007622890755891731,-0.007373964429570501,-0.007019674985666136
1,long_gt1000,5,2.2162162162162162,-0.007592878794205449,-0.007366145066188601,-0.006975934197081424
1,long_gt1000,5,2.214714714714715,-0.007555921304569058,-0.00735622761095911,-0.0069314477019197795
1,long_gt1000,5,2.213213213213213,-0.007514221048265268,-0.007343594305091461,-0.006888860062515434
1,long_gt1000,5,2.211711711711712,-0.007470097644482809,-0.007328279470843357,-0.006850815841203506
1,long_gt1000,5,2.21021021021021,-0.007425897352143274,-0.007311542792897363,-0.006819724368306135
1,long_gt1000,5,2.2087087087087087,-0.007383966430167144,-0.007294363166571172,-0.006796073786550005
1,long_gt1000,5,2.2072072072072073,-0.00734664564107379,-0.007277659625732236,-0.006779296910740973
1,long_gt1000,5,2.2057057057057055,-0.007315170390443271,-0.007262351204248896,-0.00676747169883285
1,long_gt1000,5,2.2042042042042045,-0.007288339243515907,-0.007249356935988827,-0.006757812571362765
1,long_gt1000,5,2.2027027027027026,-0.00726490811781999,-0.007239589872768626,-0.006747519844295891
1,long_gt1000,5,2.201201201201201,-0.007244370173390857,-0.0072332178572092065,-0.006733793833598289
1,long_gt1000,5,2.1996996996997,-0.007228143133837461,-0.007226337221306833,-0.006714133319431381
1,long_gt1000,5,2.198198198198198,-0.007221124758851394,-0.007210421072645579,-0.006687660133668505
1,long_gt1000,5,2.196696696696697,-0.007208870174212789,-0.0071962401204361814,-0.0066547017877351955
1,long_gt1000,5,2.195195195195195,-0.007188086821884099,-0.007183921312583941,-0.0066181602286905505
1,long_gt1000,5,2.1936936936936937,-0.0071744127219717235,-0.0071554821438264415,-0.006581568045826103
1,long_gt1000,5,2.1921921921921923,-0.007167446999436278,-0.007107812376182299,-0.006548457828432275
1,long_gt1000,5,2.1906906906906904,-0.007161214010499961,-0.007043850181277289,-0.0065223587727574195
1,long_gt1000,5,2.1891891891891895,-0.007153813858040925,-0.006966961392943505,-0.0065062718590434
1,long_gt1000,5,2.1876876876876876,-0.007143346644937543,-0.006884969672420915,-0.006502086753069625
1,long_gt1000,5,2.186186186186186,-0.007127907391702548,-0.006806275025402986,-0.006509311406585949
1,long_gt1000,5,2.184684684684685,-0.007105506409007312,-0.0067392774575827374,-0.006522850505341626
1,long_gt1000,5,2.183183183183183,-0.007074388859522829,-0.006692376974652969,-0.0065370443676056045
1,long_gt1000,5,2.181681681681682,-0.007035300660864552,-0.00667364345656285,-0.006546233311647498
1,long_gt1000,5,2.18018018018018,-0.006990215496191832,-0.0066873690225399685,-0.006544766906712907
1,long_gt1000,5,2.1786786786786787,-0.006941115510962881,-0.0067310586575579645,-0.006527432066515626
1,long_gt1000,5,2.1771771771771773,-0.006889982850635024,-0.006794578647493887,-0.00648981305891172
1,long_gt1000,5,2.1756756756756754,-0.006867049212745391,-0.006838901731969216,-0.0064325902775010935
1,long_gt1000,5,2.1741741741741745,-0.006937590573709906,-0.006790681744134108,-0.006362062567351279
1,long_gt1000,5,2.1726726726726726,-0.006995322950785088,-0.006747791211092258,-0.006284822652271815
1,long_gt1000,5,2.171171171171171,-0.00702978796663789,-0.006710642332692807,-0.006207463256071133
1,long_gt1000,5,2.16966966966967,-0.007033120210457433,-0.006679244783760474,-0.006136544788043485
1,long_gt1000,5,2.168168168168168,-0.0070012369726060175,-0.006653608239119535,-0.006078272334453905
1,long_gt1000,5,2.166666666666667,-0.006940475986976891,-0.006633742373594265,-0.0060379088049438145
1,long_gt1000,5,2.165165165165165,-0.006859600104166308,-0.006619539680193576,-0.006014401208147335
1,long_gt1000,5,2.1636636636636637,-0.006767372174772079,-0.006609544050564242,-0.006003434949019892
1,long_gt1000,5,2.1621621621621623,-0.006672554816330445,-0.006601844791089162,-0.006000668138969267
1,long_gt1000,5,2.1606606606606604,-0.006595083489519649,-0.006583684460028216,-0.006001758889403241
1,long_gt1000,5,2.1591591591591595,-0.00658794180611233,-0.00650864893241998,-0.006002357270971981
1,long_gt1000,5,2.1576576576576576,-0.0065791014011242765,-0.006453971958892968,-0.00599805930605668
1,long_gt1000,5,2.156156156156156,-0.006567243934812783,-0.006418673563180599,-0.005985640296145345
1,long_gt1000,5,2.1546546546546548,-0.006551101356628841,-0.006398983705202976,-0.005965961587930391
1,long_gt1000,5,2.153153153153153,-0.006530276457035855,-0.006391127682642939,-0.005940752237075797
1,long_gt1000,5,2.151651651651652,-0.006505417305223693,-0.00639132738719983,-0.0059117412992470975
1,long_gt1000,5,2.15015015015015,-0.006477434587823794,-0.006395645564133634,-0.005880657830108493
1,long_gt1000,5,2.1486486486486487,-0.006447243959537774,-0.006399921267510544,-0.005849303721049415
1,long_gt1000,5,2.1471471471471473,-0.006415761075066584,-0.0064001082965015055,-0.005819858992752502
1,long_gt1000,5,2.1456456456456454,-0.006393677541435272,-0.006383901589111174,-0.00579339228148501
1,long_gt1000,5,2.1441441441441444,-0.006379073013991876,-0.00635258161976715,-0.005769050894042671
1,long_gt1000,5,2.1426426426426426,-0.006354754692705189,-0.006322591749873485,-0.00574581826663656
1,long_gt1000,5,2.141141141141141,-0.0063191829465734095,-0.006293589407259104,-0.005722677835477308
1,long_gt1000,5,2.1396396396396398,-0.006270939018961474,-0.006264728784042939,-0.00569861303691277
1,long_gt1000,5,2.138138138138138,-0.006235162442892683,-0.006208895504040912,-0.005672661285337721
1,long_gt1000,5,2.136636636636637,-0.006204042946474697,-0.006132815974711381,-0.005644127367962382
1,long_gt1000,5,2.135135135135135,-0.006170522857457339,-0.006046692794808184,-0.005613615263047711
1,long_gt1000,5,2.1336336336336337,-0.006133754745309972,-0.005955833953349643,-0.005582907364583001
1,long_gt1000,5,2.1321321321321323,-0.006093445477158399,-0.005865547858719733,-0.005553832063741604
1,long_gt1000,5,2.1306306306306304,-0.006051256629849622,-0.005781142919301985,-0.0055282177516975395
1,long_gt1000,5,2.1291291291291294,-0.006009265483319481,-0.005708114545293741,-0.0055078928196241606
1,long_gt1000,5,2.1276276276276276,-0.005969549175215416,-0.005652750358621228,-0.005494466116488184
1,long_gt1000,5,2.126126126126126,-0.005934184843184198,-0.005620896211551596,-0.005487967740674948
1,long_gt1000,5,2.1246246246246248,-0.0059052496248730435,-0.005611746945236806,-0.005486280530172749
1,long_gt1000,5,2.123123123123123,-0.005884812084650637,-0.005620607533097122,-0.005486275355714776
1,long_gt1000,5,2.121621621621622,-0.005873454035916659,-0.005642733969846381,-0.005484806174217649
1,long_gt1000,5,2.12012012012012,-0.005868529959814239,-0.0056733822429475556,-0.005478726942597545
1,long_gt1000,5,2.1186186186186187,-0.005866965874806285,-0.005707392777939635,-0.005464891617771528
1,long_gt1000,5,2.1171171171171173,-0.005865687799355479,-0.005738071268306388,-0.005440567177657396
1,long_gt1000,5,2.1156156156156154,-0.005861621751924062,-0.00575947729583115,-0.005405371812958748
1,long_gt1000,5,2.1141141141141144,-0.005851693750975162,-0.005771766825004354,-0.005361955991145528
1,long_gt1000,5,2.1126126126126126,-0.005832834420210986,-0.005777181227952122,-0.0053139504970805
1,long_gt1000,5,2.111111111111111,-0.005803266952421726,-0.005777963698999633,-0.0052649887627886915
1,long_gt1000,5,2.1096096096096097,-0.005776357431317214,-0.005765308988973095,-0.005218704220295356
1,long_gt1000,5,2.108108108108108,-0.005774558109630457,-0.005722250923062333,-0.005178728810295796
1,long_gt1000,5,2.106606606606607,-0.005774587636786288,-0.005677383644705047,-0.0051482465126970745
1,long_gt1000,5,2.105105105105105,-0.0057777229713522615,-0.005633998043917954,-0.005128835423233502
1,long_gt1000,5,2.1036036036036037,-0.005781954195866801,-0.005595385010716658,-0.005119447112391651
1,long_gt1000,5,2.1021021021021022,-0.005784314549291292,-0.005564803265052154,-0.005118317801614536
1,long_gt1000,5,2.1006006006006004,-0.0057818371618987285,-0.0055445237663556135,-0.005123683638171395
1,long_gt1000,5,2.0990990990990994,-0.005771563877267072,-0.005533677740690246,-0.005133780769331464
1,long_gt1000,5,2.0975975975975976,-0.005751702302997597,-0.005529164908416595,-0.005146827508094365
1,long_gt1000,5,2.096096096096096,-0.005722797725314921,-0.005527787479202795,-0.005160437173037158
1,long_gt1000,5,2.0945945945945947,-0.005686663363909661,-0.0055263476627174235,-0.005171645152778126
1,long_gt1000,5,2.093093093093093,-0.005646877355433233,-0.005521647668627727,-0.005177839278214691
1,long_gt1000,5,2.091591591591592,-0.005607199809316121,-0.005510557361986468,-0.005176467507368665
1,long_gt1000,5,2.09009009009009,-0.00557139083498881,-0.005491023318155097,-0.0051649777982616385
1,long_gt1000,5,2.0885885885885886,-0.0055431371053136225,-0.005463999829340649,-0.005140818108915202
1,long_gt1000,5,2.0870870870870872,-0.005524057150091188,-0.005431773371711746,-0.0051015503502951365
1,long_gt1000,5,2.0855855855855854,-0.00551346585820256,-0.005396642791706485,-0.005047308963670005
1,long_gt1000,5,2.0840840840840844,-0.005510173239044569,-0.005360906935763632,-0.004981737081425797
1,long_gt1000,5,2.0825825825825826,-0.005510929327245728,-0.005326864650322616,-0.004909866724040146
1,long_gt1000,5,2.081081081081081,-0.0055117966235112,-0.00529676300219073,-0.00483681357671184
1,long_gt1000,5,2.0795795795795797,-0.005508837149748036,-0.00527225560909228,-0.004767693324639888
1,long_gt1000,5,2.078078078078078,-0.0054982693619869405,-0.005253081135910831,-0.004707621653022631
1,long_gt1000,5,2.076576576576577,-0.00547838866505912,-0.0052377889074548545,-0.004661509642300832
1,long_gt1000,5,2.075075075075075,-0.005448964300389658,-0.005224902742694049,-0.004630603226902119
1,long_gt1000,5,2.0735735735735736,-0.005409823704940031,-0.005212946460597667,-0.004612452327924732
1,long_gt1000,5,2.0720720720720722,-0.005362262889893277,-0.005200443880135408,-0.004603831943103431
1,long_gt1000,5,2.0705705705705704,-0.005309775803912009,-0.005185894669092583,-0.0046014765032773575
1,long_gt1000,5,2.0690690690690694,-0.005256036595455704,-0.005167704113312688,-0.004602120439286539
1,long_gt1000,5,2.0675675675675675,-0.005204686824221483,-0.005145104075662044,-0.004602498181969006
1,long_gt1000,5,2.066066066066066,-0.005158251091348376,-0.005118688307287345,-0.004599552892798453
1,long_gt1000,5,2.0645645645645647,-0.005117884256935712,-0.005089171799079972,-0.004593399940143517
1,long_gt1000,5,2.063063063063063,-0.0050846473603338715,-0.005057269541931753,-0.004585285658481153
1,long_gt1000,5,2.0615615615615615,-0.005059427304515918,-0.005023696529731225,-0.0045750866100449095
1,long_gt1000,5,2.06006006006006,-0.005042963324145999,-0.004989283030624847,-0.004562614813052868
1,long_gt1000,5,2.0585585585585586,-0.005035989977695721,-0.004955280096853754,-0.004547682285723775
1,long_gt1000,5,2.057057057057057,-0.005039254286919537,-0.004922953497994653,-0.004530101046275936
1,long_gt1000,5,2.0555555555555554,-0.00505403744157773,-0.004892759612339592,-0.004509153083397388
1,long_gt1000,5,2.054054054054054,-0.0050823447126029375,-0.004864690451093168,-0.004481946966640615
1,long_gt1000,5,2.0525525525525525,-0.0051261938242317395,-0.0048387325132484005,-0.004448908842200172
1,long_gt1000,5,2.051051051051051,-0.005184193138387361,-0.00481487227816646,-0.004412314445245924
1,long_gt1000,5,2.0495495495495497,-0.0052489426189350485,-0.004793045963601639,-0.004374447469558174
1,long_gt1000,5,2.048048048048048,-0.0053124304108462805,-0.0047730308514997155,-0.004337591608918112
1,long_gt1000,5,2.0465465465465464,-0.0053666402588845585,-0.004754580530862196,-0.004304030557106486
1,long_gt1000,5,2.045045045045045,-0.005403409872496434,-0.00473777113132412,-0.00427625385538688
1,long_gt1000,5,2.0435435435435436,-0.00541440058217213,-0.0047231130022651335,-0.0042573333827269355
1,long_gt1000,5,2.042042042042042,-0.0053914568142550134,-0.00471114709680176,-0.004246097747396149
1,long_gt1000,5,2.0405405405405403,-0.005333811441297742,-0.004702406415551197,-0.004240100081311704
1,long_gt1000,5,2.039039039039039,-0.0052502155269837925,-0.004696861500158578,-0.004236893516391005
1,long_gt1000,5,2.0375375375375375,-0.005150048301260535,-0.004693558131457998,-0.004234031184551457
1,long_gt1000,5,2.036036036036036,-0.005042685102804256,-0.004691439042693091,-0.004229066217710464
1,long_gt1000,5,2.0345345345345347,-0.004937380735303254,-0.004688924819750362,-0.004219496734549244
1,long_gt1000,5,2.033033033033033,-0.004843249194228516,-0.004683828095498388,-0.004203238910773566
1,long_gt1000,5,2.0315315315315314,-0.004769392260676186,-0.004673927246295895,-0.004181202934484318
1,long_gt1000,5,2.03003003003003,-0.004721838527126154,-0.004657100710688367,-0.004154875105506495
1,long_gt1000,5,2.0285285285285286,-0.004698125792931496,-0.004633196014001584,-0.004125741723663978
1,long_gt1000,5,2.027027027027027,-0.004694337810064564,-0.004603861120331398,-0.0040952890887810955
1,long_gt1000,5,2.0255255255255253,-0.0047065576096863015,-0.004570811431949151,-0.00406500350068173
1,long_gt1000,5,2.024024024024024,-0.004730760416629343,-0.004535994218476613,-0.004036507703425007
1,long_gt1000,5,2.0225225225225225,-0.004762699976255558,-0.0045018643563172756,-0.00401148058698908
1,long_gt1000,5,2.021021021021021,-0.004798115380378665,-0.0044709439228118875,-0.003989881109804028
1,long_gt1000,5,2.0195195195195197,-0.004833204394816049,-0.004445394889815768,-0.003971436912644677
1,long_gt1000,5,2.018018018018018,-0.0048647438770654805,-0.0044249186296889675,-0.003955875636285633
1,long_gt1000,5,2.0165165165165164,-0.004889547746986356,-0.004408187617508386,-0.003942924921501723
1,long_gt1000,5,2.015015015015015,-0.004904459836089892,-0.004393870864698002,-0.003932312409067107
1,long_gt1000,5,2.0135135135135136,-0.004906942603198461,-0.0043806487585866805,-0.0039236700244158484
1,long_gt1000,5,2.012012012012012,-0.0048950409008632345,-0.0043672979622269015,-0.003916356864626103
1,long_gt1000,5,2.0105105105105103,-0.004867105899174273,-0.004352643575137538,-0.003910129623308167
1,long_gt1000,5,2.009009009009009,-0.004824166376929728,-0.004335791189904903,-0.003904792833999249
1,long_gt1000,5,2.0075075075075075,-0.004768723565347077,-0.004316910858334966,-0.003900151030236998
1,long_gt1000,5,2.006006006006006,-0.004703293960055754,-0.004296425430417639,-0.0038960087455592873
1,long_gt1000,5,2.0045045045045047,-0.004630394056684528,-0.004274757756143721,-0.0038921705135035456
1,long_gt1000,5,2.003003003003003,-0.004552540350862833,-0.004252330685503125,-0.0038884408676074234
1,long_gt1000,5,2.0015015015015014,-0.004472249338219436,-0.004229567068486428,-0.0038846243414083492
1,long_gt1000,5,2.0,-0.004392037514383773,-0.004206889755083543,-0.003880525468443974
2,short_lt500,28,3.5,-8.783966951034686e-05,-3.674731746629996e-05,1.6104841543649558e-05
2,short_lt500,28,3.4984984984984986,-8.934921580582987e-05,-3.8435750207384435e-05,1.5352910033633714e-05
2,short_lt500,28,3.496996996996997,-9.059036311392991e-05,-4.136113358848558e-05,1.2008997033885483e-05
2,short_lt500,28,3.4954954954954953,-9.579320943787951e-05,-4.377351407162316e-05,9.73563659949572e-06
2,short_lt500,28,3.493993993993994,-0.00010114315519160302,-4.649507535071023e-05,1.1467859460556303e-05
2,short_lt500,28,3.4924924924924925,-0.00010432126182246702,-4.9853502057883506e-05,1.3739509026415438e-05
2,short_lt500,28,3.490990990990991,-0.000106378712263241,-5.0631376447735096e-05,1.4817243100871868e-05
2,short_lt500,28,3.4894894894894897,-0.00010853870717031362,-5.0784682741357855e-05,1.4336349753608687e-05
2,short_lt500,28,3.487987987987988,-0.00011100646784917378,-5.0986190361363706e-05,1.4084245433088108e-05
2,short_lt500,28,3.4864864864864864,-0.00011369600378914133,-5.13654683332475e-05,1.4299048576716962e-05
2,short_lt500,28,3.484984984984985,-0.00011855171636409624,-5.1929936852032784e-05,1.384302026614187e-05
2,short_lt500,28,3.4834834834834836,-0.0001230887102477877,-5.268701611274325e-05,1.6337802798102446e-05
2,short_lt500,28,3.481981981981982,-0.0001270534126719405,-5.296259087721725e-05,1.6532345053664566e-05
2,short_lt500,28,3.4804804804804803,-0.00013035833282747978,-5.2513774757943974e-05,1.6201238470233814e-05
2,short_lt500,28,3.478978978978979,-0.00013300832831966228,-5.1869572678581546e-05,1.5346675493308626e-05
2,short_lt500,28,3.4774774774774775,-0.00013503137621642789,-5.1197235302862635e-05,1.3888507286943043e-05
2,short_lt500,28,3.475975975975976,-0.00013633303701101658,-5.0668308407289775e-05,1.1747461968615822e-05
2,short_lt500,28,3.4744744744744747,-0.00013707850609596158,-5.256462261666624e-05,4.9683464250670085e-06
2,short_lt500,28,3.472972972972973,-0.00013792846687629598,-5.4454572551516036e-05,2.9262541815889225e-06
2,short_lt500,28,3.4714714714714714,-0.00013908448493137296,-5.610893395763974e-05,-1.3160333055919394e-07
2,short_lt500,28,3.46996996996997,-0.00014521650997760302,-5.747734352241912e-05,1.390806132186908e-06
2,short_lt500,28,3.4684684684684686,-0.0001482790575355871,-5.9145005535646354e-05,3.1396765571990563e-06
2,short_lt500,28,3.466966966966967,-0.0001508287693219346,-6.133979792139613e-05,4.9141436657147285e-06
2,short_lt500,28,3.4654654654654653,-0.0001527516594180705,-6.359069383517685e-05,5.252673068142287e-06
2,short_lt500,28,3.463963963963964,-0.00015398289061680718,-6.5299700860798e-05,4.736245265753267e-06
2,short_lt500,28,3.4624624624624625,-0.00015413504972952013,-6.596966963817995e-05,3.95297052616393e-06
2,short_lt500,28,3.460960960960961,-0.00015400962797200866,-6.791555591278194e-05,2.9809398054937643e-06
2,short_lt500,28,3.4594594594594597,-0.0001529152712858747,-7.141819602517234e-05,1.930918587617704e-06
2,short_lt500,28,3.457957957957958,-0.00015140793503134464,-7.368461060984415e-05,9.163754894528744e-07
2,short_lt500,28,3.4564564564564564,-0.0001501428021184286,-7.489718627581046e-05,-6.517037746180685e-09
2,short_lt500,28,3.454954954954955,-0.00014932346077421856,-7.604776800671837e-05,-8.168863841452004e-07
2,short_lt500,28,3.4534534534534536,-0.0001490295165859999,-7.728995505701597e-05,-1.4942628166186433e-06
2,short_lt500,28,3.451951951951952,-0.00014928256538687288,-7.877294868994584e-05,-2.023122541682128e-06
2,short_lt500,28,3.4504504504504503,-0.00015009281576653196,-8.056925747929289e-05,-2.392935016012139e-06
2,short_lt500,28,3.448948948948949,-0.00015145671502621484,-8.265096627102882e-05,-2.5959397661152257e-06
2,short_lt500,28,3.4474474474474475,-0.00015319425718064307,-8.493673254784679e-05,-2.6561885949240977e-06
2,short_lt500,28,3.445945945945946,-0.00015501324751553675,-8.731457044975521e-05,-2.657045863658776e-06
2,short_lt500,28,3.4444444444444446,-0.00015673853392637237,-8.966670215298177e-05,-2.6741120446211212e-06
2,short_lt500,28,3.442942942942943,-0.00015828514947981812,-9.187534983375425e-05,-2.7825691702031033e-06
2,short_lt500,28,3.4414414414414414,-0.0001526027072770492,-9.383162617110813e-05,-3.1719809136691933e-06
2,short_lt500,28,3.43993993993994,-0.00015440828527803262,-9.550406879317661e-05,-3.848933312138004e-06
2,short_lt500,28,3.4384384384384385,-0.0001560138288209358,-8.861037448673831e-05,-4.860887857904904e-06
2,short_lt500,28,3.436936936936937,-0.00015735941311494225,-8.995791321162459e-05,-6.257126478087245e-06
2,short_lt500,28,3.4354354354354353,-0.00015841317574368614,-9.139995380262015e-05,-7.974508187245705e-06
2,short_lt500,28,3.433933933933934,-0.00015918813878189488,-9.303406242367959e-05,-9.935572131157424e-06
2,short_lt500,28,3.4324324324324325,-0.00015974597605171323,-9.495017252100909e-05,-1.206294695927317e-05
2,short_lt500,28,3.430930930930931,-0.00016015038795668145,-9.722495945148162e-05,-1.4279261321042188e-05
2,short_lt500,28,3.4294294294294296,-0.0001604668136696424,-9.985572602387279e-05,-1.6507143865914756e-05
2,short_lt500,28,3.4279279279279278,-0.00016077582053825067,-0.00010279053460324238,-1.8669083166338908e-05
2,short_lt500,28,3.4264264264264264,-0.00016115339292003313,-0.00010596840689281297,-2.071327481889437e-05
2,short_lt500,28,3.424924924924925,-0.00016165813377378216,-0.00010929431032183443,-2.2665271351249142e-05
2,short_lt500,28,3.4234234234234235,-0.00016230062530571578,-0.00011266821254812104,-2.456331249598738e-05
2,short_lt500,28,3.421921921921922,-0.00016304749095528363,-0.00011600867542379796,-2.64456358649643e-05
2,short_lt500,28,3.4204204204204203,-0.00016386378267293518,-0.00011924852823144607,-2.835047907003577e-05
2,short_lt500,28,3.418918918918919,-0.0001647152466489007,-0.00012234700006539677,-3.0316079723056023e-05
2,short_lt500,28,3.4174174174174174,-0.00016557078933538127,-0.00012527118835354623,-3.2380647858722546e-05
2,short_lt500,28,3.415915915915916,-0.0001663963841588747,-0.00012800883509722725,-3.456905315795181e-05
2,short_lt500,28,3.4144144144144146,-0.00016944661719235914,-0.00013059675904506418,-3.688584122893705e-05
2,short_lt500,28,3.4129129129129128,-0.00017255666406003985,-0.00013307294141881956,-3.933475636800916e-05
2,short_lt500,28,3.4114114114114114,-0.00017582445476681632,-0.00013546190858600648,-4.1919542871497175e-05
2,short_lt500,28,3.40990990990991,-0.0001792204862998449,-0.00013778591451677315,-4.4643945035731446e-05
2,short_lt500,28,3.4084084084084085,-0.00018269911022214416,-0.00014007404309832245,-4.751170715704188e-05
2,short_lt500,28,3.406906906906907,-0.00018620084377920067,-0.00014237017852896392,-5.0330676962186084e-05
2,short_lt500,28,3.4054054054054053,-0.00018963282314652372,-0.00014470364111096676,-5.194433916164934e-05
2,short_lt500,28,3.403903903903904,-0.00019204616645508525,-0.00014708187219222043,-5.3907684790745983e-05
2,short_lt500,28,3.4024024024024024,-0.00019284232076137453,-0.0001495126408132951,-5.6560415430818964e-05
2,short_lt500,28,3.400900900900901,-0.00019357137771244164,-0.00015200738213376214,-5.924585034966143e-05
2,short_lt500,28,3.3993993993993996,-0.00019447757286268814,-0.00015458374274954743,-6.197796801402783e-05
2,short_lt500,28,3.3978978978978978,-0.00019574488751109356,-0.00015726112197416244,-6.465653668690614e-05
2,short_lt500,28,3.3963963963963963,-0.00019755298846956752,-0.00016005630750003412,-6.592054756268239e-05
2,short_lt500,28,3.394894894894895,-0.0001999614423993202,-0.00016298247135482571,-6.688363162589829e-05
2,short_lt500,28,3.3933933933933935,-0.00020287126360870429,-0.00016604969520036248,-6.76942243503021e-05
2,short_lt500,28,3.391891891891892,-0.0002054100905335589,-0.0001692848554578953,-6.850773604686949e-05
2,short_lt500,28,3.3903903903903903,-0.0002074559062539181,-0.00017301181739811928,-6.947943355152129e-05
2,short_lt500,28,3.388888888888889,-0.0002095703862068359,-0.00017710011619185575,-7.075845127979129e-05
2,short_lt500,28,3.3873873873873874,-0.00021168100900342227,-0.0001811024778523389,-7.273156333695719e-05
2,short_lt500,28,3.385885885885886,-0.00021445464135930637,-0.00018440988804345514,-7.544750465493988e-05
2,short_lt500,28,3.3843843843843846,-0.00021807877845410242,-0.00018792540817131405,-7.862816623594436e-05
2,short_lt500,28,3.3828828828828827,-0.00022159510116220664,-0.00019146183984074965,-8.122647333808346e-05
2,short_lt500,28,3.3813813813813813,-0.00022420348742537065,-0.00019537692460205695,-8.177606877418447e-05
2,short_lt500,28,3.37987987987988,-0.00022869640536528888,-0.00019941681474453356,-8.216868477970611e-05
2,short_lt500,28,3.3783783783783785,-0.00023318459851083345,-0.00020322791897823297,-8.246485652579948e-05
2,short_lt500,28,3.376876876876877,-0.0002376502129464047,-0.00020662066783306557,-8.272919217516025e-05
2,short_lt500,28,3.3753753753753752,-0.00024213318598550766,-0.00020922551117548947,-8.300780117280189e-05
2,short_lt500,28,3.373873873873874,-0.000246681359642403,-0.00021153952573679498,-8.33641831483932e-05
2,short_lt500,28,3.3723723723723724,-0.000251337339868263,-0.00021364426575232664,-8.38807319221849e-05
2,short_lt500,28,3.370870870870871,-0.0002561112736377065,-0.00021558999994097158,-8.463997687223096e-05
2,short_lt500,28,3.3693693693693696,-0.00026100088640293884,-0.00021700030226207145,-8.687890287705207e-05
2,short_lt500,28,3.3678678678678677,-0.0002660036161846787,-0.0002184811908553983,-9.047099016061566e-05
2,short_lt500,28,3.3663663663663663,-0.00027110287873952413,-0.0002202262796358297,-9.403336740832868e-05
2,short_lt500,28,3.364864864864865,-0.0002762578668624638,-0.00022243035324357027,-9.758469094556656e-05
2,short_lt500,28,3.3633633633633635,-0.000280458188306563,-0.00022432085794332757,-0.0001010561678649487
2,short_lt500,28,3.361861861861862,-0.000282909689843242,-0.0002263526764515033,-0.00010443280047456576
2,short_lt500,28,3.3603603603603602,-0.00028684499603070786,-0.000229466601887416,-0.00010770617412807757
2,short_lt500,28,3.358858858858859,-0.00029189210624301436,-0.00023247949962393495,-0.00011100914865044961
2,short_lt500,28,3.3573573573573574,-0.00029635105998962073,-0.00023530158944608855,-0.00011443298727668557
2,short_lt500,28,3.355855855855856,-0.00029998067088405104,-0.00023787403272404646,-0.00011781485130229205
2,short_lt500,28,3.3543543543543546,-0.0003038163124225539,-0.00024028093678073572,-0.00012160454464384975
2,short_lt500,28,3.3528528528528527,-0.0003079022386300169,-0.00024262671670870423,-0.00012556217506513498
2,short_lt500,28,3.3513513513513513,-0.0003122704398045488,-0.0002450122823979763,-0.00012980680974647137
2,short_lt500,28,3.34984984984985,-0.00031689225222832724,-0.00024781025365227735,-0.00013425286024755729
2,short_lt500,28,3.3483483483483485,-0.0003217142914098451,-0.0002511291390689778,-0.000138923956129791
2,short_lt500,28,3.346846846846847,-0.0003263297370274705,-0.00025461702838814335,-0.0001439571649505067
2,short_lt500,28,3.3453453453453452,-0.0003310309916605906,-0.0002582635553644106,-0.00014945733668237466
2,short_lt500,28,3.343843843843844,-0.00033583473421753716,-0.0002620457434282385,-0.0001554345516107654
2,short_lt500,28,3.3423423423423424,-0.00034074442727358937,-0.0002659290258786853,-0.0001618494050140745
2,short_lt500,28,3.340840840840841,-0.0003448725370136065,-0.00026984746603192196,-0.00016862709726914865
2,short_lt500,28,3.3393393393393396,-0.00034883639694408106,-0.0002738277218142394,-0.0001756074406855379
2,short_lt500,28,3.3378378378378377,-0.00035273663915772044,-0.0002794360092529262,-0.00018261740782927528
2,short_lt500,28,3.3363363363363363,-0.00035659282838273673,-0.00028515988684869615,-0.00018948431456647114
2,short_lt500,28,3.334834834834835,-0.00036043347403631287,-0.00029091207484402935,-0.00019605825723369836
2,short_lt500,28,3.3333333333333335,-0.00036428708553563286,-0.00029675478862632373,-0.0002022893473697194
2,short_lt500,28,3.3318318318318316,-0.0003681842347828439,-0.0003026714859787889,-0.0002081596519126561
2,short_lt500,28,3.33033033033033,-0.0003722169472787722,-0.0003086365465226207,-0.0002137623128120789
2,short_lt500,28,3.328828828828829,-0.0003765343457667438,-0.000314623468327657,-0.00021931431053403031
2,short_lt500,28,3.3273273273273274,-0.0003821528157612578,-0.0003206055981569769,-0.00022503991757092268
2,short_lt500,28,3.325825825825826,-0.0003886455279434528,-0.00032655724898123656,-0.00023119566112217741
2,short_lt500,28,3.324324324324324,-0.000395637592355134,-0.000332449723943461,-0.0002380245233111586
2,short_lt500,28,3.3228228228228227,-0.00040317635795825884,-0.0003383070347845983,-0.000245642878157328
2,short_lt500,28,3.3213213213213213,-0.00041124556295357717,-0.0003440737314288067,-0.00025413330571162716
2,short_lt500,28,3.31981981981982,-0.00041955868936011586,-0.00034962329598095965,-0.00026351140251650636
2,short_lt500,28,3.3183183183183185,-0.00042629314683177884,-0.00035470840379006087,-0.0002734694730477474
2,short_lt500,28,3.3168168168168166,-0.0004329468471601476,-0.0003596487947058963,-0.00028367802748162363
2,short_lt500,28,3.315315315315315,-0.00043953445218164293,-0.0003647300616216268,-0.0002942182647765585
2,short_lt500,28,3.313813813813814,-0.00044607846792983847,-0.00037023077621524576,-0.0003006807176491621
2,short_lt500,28,3.3123123123123124,-0.00045260207066877495,-0.0003752778437923895,-0.00030544729984568293
2,short_lt500,28,3.310810810810811,-0.00045915505556935006,-0.00037984119864470454,-0.0003101726529107338
2,short_lt500,28,3.309309309309309,-0.00046583521770476215,-0.00038424655165865667,-0.0003150172709269613
2,short_lt500,28,3.3078078078078077,-0.0004727361357804061,-0.0003914631620993408,-0.0003201415477754642
2,short_lt500,28,3.3063063063063063,-0.0004802321135107916,-0.000402177602523565,-0.0003256816533311964
2,short_lt500,28,3.304804804804805,-0.000489881618064898,-0.0004086642465752615,-0.0003317566659535704
2,short_lt500,28,3.3033033033033035,-0.0004997228741374232,-0.0004153582411819843,-0.0003384978172756223
2,short_lt500,28,3.3018018018018016,-0.0005097580541677709,-0.0004227891120094753,-0.00034601108222551266
2,short_lt500,28,3.3003003003003,-0.0005199868989336767,-0.00043104216047398954,-0.00035451068925406587
2,short_lt500,28,3.298798798798799,-0.0005304104470030381,-0.0004404062078278625,-0.00036313917794501827
2,short_lt500,28,3.2972972972972974,-0.0005410531163073016,-0.000450650314344732,-0.00037165762449798464
2,short_lt500,28,3.295795795795796,-0.000551981166984121,-0.00046092521764575303,-0.0003799378872330612
2,short_lt500,28,3.294294294294294,-0.0005632805266426524,-0.00047113284328349596,-0.00038784989042243284
2,short_lt500,28,3.2927927927927927,-0.000574972226572476,-0.00048128010883568845,-0.0003952508731741686
2,short_lt500,28,3.2912912912912913,-0.0005871001646292466,-0.0004921237194939537,-0.0004023577126046323
2,short_lt500,28,3.28978978978979,-0.0005998879995532075,-0.0005031925463052592,-0.0004099349054244965
2,short_lt500,28,3.2882882882882885,-0.0006132463527701521,-0.0005143149188533034,-0.00042074298725488634
2,short_lt500,28,3.2867867867867866,-0.0006273723533597865,-0.000525516418635308,-0.0004329135221254796
2,short_lt500,28,3.285285285285285,-0.0006424293013777426,-0.0005371476148423879,-0.0004458163495711905
2,short_lt500,28,3.2837837837837838,-0.0006584995288097606,-0.0005514295019130727,-0.00045933525054940886
2,short_lt500,28,3.2822822822822824,-0.0006754753776043814,-0.0005664543728518181,-0.0004733725376118909
2,short_lt500,28,3.280780780780781,-0.0006932043610101213,-0.0005820979714985866,-0.00048783052371484566
2,short_lt500,28,3.279279279279279,-0.0007115563053661624,-0.000598260305300473,-0.0005026115218144814
2,short_lt500,28,3.2777777777777777,-0.000730403504727843,-0.0006148641943324266,-0.0005132354766369009
2,short_lt500,28,3.2762762762762763,-0.0007496246297020739,-0.0006318325842320496,-0.0005233091679360353
2,short_lt500,28,3.274774774774775,-0.0007691159186865295,-0.0006490901085617895,-0.0005339980065485438
2,short_lt500,28,3.2732732732732734,-0.0007888578096143743,-0.0006652783797056524,-0.0005457358517209979
2,short_lt500,28,3.2717717717717716,-0.0008089944930510101,-0.0006802765132049686,-0.0005583538047166645
2,short_lt500,28,3.27027027027027,-0.0008296760673725673,-0.0006940427758384236,-0.0005674977570662518
2,short_lt500,28,3.2687687687687688,-0.000851030701047961,-0.0007075535779147938,-0.0005792437697487171
2,short_lt500,28,3.2672672672672673,-0.0008731849542141347,-0.0007213326118994407,-0.0005951766270408596
2,short_lt500,28,3.265765765765766,-0.0008962463825760297,-0.000735361445612653,-0.0006138572658819187
2,short_lt500,28,3.264264264264264,-0.0009189850533595023,-0.0007516858059166322,-0.0006334454990982018
2,short_lt500,28,3.2627627627627627,-0.0009425354916142263,-0.0007689585904580125,-0.0006501505212865933
2,short_lt500,28,3.2612612612612613,-0.000967280247618686,-0.000785914117636068,-0.0006646375481480279
2,short_lt500,28,3.25975975975976,-0.0009905199483737819,-0.0008026130702888518,-0.0006797835397159497
2,short_lt500,28,3.2582582582582584,-0.0010152622861426715,-0.000819457066839788,-0.0006957607498865618
2,short_lt500,28,3.2567567567567566,-0.0010414126602856493,-0.0008368368569503914,-0.0007127044003804603
2,short_lt500,28,3.255255255255255,-0.001068329588108815,-0.0008579442268105992,-0.0007307314503627437
2,short_lt500,28,3.2537537537537538,-0.0010957133689875522,-0.0008804943153475266,-0.0007502781628575044
2,short_lt500,28,3.2522522522522523,-0.001124199780088187,-0.0009042508544790974,-0.000772560696084541
2,short_lt500,28,3.250750750750751,-0.001153750776437942,-0.0009294044594631862,-0.0007962203685494135
2,short_lt500,28,3.249249249249249,-0.0011843846907414303,-0.0009560035750646786,-0.0008213517756215545
2,short_lt500,28,3.2477477477477477,-0.0012162436384036577,-0.0009840260441084537,-0.000847983405794811
2,short_lt500,28,3.2462462462462462,-0.0012537087092056058,-0.001013702016362996,-0.0008759445425526478
2,short_lt500,28,3.244744744744745,-0.0012963043648828512,-0.0010453824654990413,-0.0009051159105710116
2,short_lt500,28,3.2432432432432434,-0.0013406715159130257,-0.0010793499093211256,-0.000935635753201651
2,short_lt500,28,3.2417417417417416,-0.0013863584972977402,-0.001115877948974905,-0.0009676904394135648
2,short_lt500,28,3.24024024024024,-0.0014345783205267845,-0.0011552411670866132,-0.0010014663381733247
2,short_lt500,28,3.2387387387387387,-0.0014858112124733775,-0.0011974366864370856,-0.0010371271868636171
2,short_lt500,28,3.2372372372372373,-0.0015381644402093341,-0.0012423437259745478,-0.0010781286741686378
2,short_lt500,28,3.235735735735736,-0.0015891857335408278,-0.0012897602910067717,-0.0011221829978596493
2,short_lt500,28,3.234234234234234,-0.0016424996962801286,-0.0013367276779143802,-0.001168622886026708
2,short_lt500,28,3.2327327327327327,-0.001699234431227774,-0.0013863212045974998,-0.0012177357189074693
2,short_lt500,28,3.2312312312312312,-0.0017655883082696808,-0.001440164661986744,-0.0012698156982197837
2,short_lt500,28,3.22972972972973,-0.0018387151101570808,-0.0014980132220566659,-0.0013251571546098661
2,short_lt500,28,3.2282282282282284,-0.0019136106345267441,-0.0015601469265594577,-0.001379195331236152
2,short_lt500,28,3.2267267267267266,-0.001994577126927662,-0.0016266279828067009,-0.0014247783847153028
2,short_lt500,28,3.225225225225225,-0.0020817527328173997,-0.001697329743732559,-0.0014786540116327393
2,short_lt500,28,3.2237237237237237,-0.0021750398211083464,-0.001772682858970833,-0.0015443488253137705
2,short_lt500,28,3.2222222222222223,-0.0022741885352491956,-0.0018532705144651204,-0.0016150549953674953
2,short_lt500,28,3.220720720720721,-0.0023764345598460664,-0.001940133263052651,-0.0016911010357348157
2,short_lt500,28,3.219219219219219,-0.002483712773497803,-0.002035576030036755,-0.0017724982183925722
2,short_lt500,28,3.2177177177177176,-0.0025982865897211695,-0.0021462693121569645,-0.0018587646174275758
2,short_lt500,28,3.2162162162162162,-0.0027213068958496763,-0.0022625210801398826,-0.0019494191848538952
2,short_lt500,28,3.214714714714715,-0.002854188943337958,-0.0023803813916677963,-0.0020446877698143025
2,short_lt500,28,3.2132132132132134,-0.0029986079036658318,-0.002505463326885702,-0.002147061613960919
2,short_lt500,28,3.2117117117117115,-0.0031562463293483244,-0.0026394238018932654,-0.00225955235494572
2,short_lt500,28,3.21021021021021,-0.0033289716986561503,-0.002784691385311504,-0.0023851603208062764
2,short_lt500,28,3.2087087087087087,-0.003518939546764497,-0.002943634849218151,-0.0025267445268199306
2,short_lt500,28,3.2072072072072073,-0.003728319625865324,-0.003118616876399437,-0.0026864052681883008
2,short_lt500,28,3.205705705705706,-0.003958946038883622,-0.0033120001496415898,-0.002865901519295694
2,short_lt500,28,3.204204204204204,-0.004212489914208525,-0.00352614157121995,-0.003065769054859252
2,short_lt500,28,3.2027027027027026,-0.004490711462518983,-0.0037639170790628868,-0.003286855048431774
2,short_lt500,28,3.201201201201201,-0.004797145756641898,-0.004035899175858653,-0.003530297427250669
2,short_lt500,28,3.1996996996997,-0.005162810630589739,-0.004339180090080781,-0.0037968456607544096
2,short_lt500,28,3.198198198198198,-0.005619116807497944,-0.004675999871724797,-0.004086811816848036
2,short_lt500,28,3.1966966966966965,-0.006096184896245216,-0.005051375854714858,-0.0044068968750402455
2,short_lt500,28,3.195195195195195,-0.006640448997117739,-0.00547620516968185,-0.004769791960840668
2,short_lt500,28,3.1936936936936937,-0.007313948817396918,-0.005979181189832226,-0.0051890775092687
2,short_lt500,28,3.1921921921921923,-0.008036934378997366,-0.006550220557308112,-0.005679771533295748
2,short_lt500,28,3.1906906906906904,-0.008865962839566132,-0.0071959779748237696,-0.006192363091935108
2,short_lt500,28,3.189189189189189,-0.009827852472980696,-0.007922569741189503,-0.006740038972758967
2,short_lt500,28,3.1876876876876876,-0.010879445381643968,-0.008749504996751575,-0.007363431794180638
2,short_lt500,28,3.186186186186186,-0.012063698809420277,-0.009699551567912294,-0.008086036014870655
2,short_lt500,28,3.184684684684685,-0.013361424010446179,-0.010808373393952114,-0.008919517053020362
2,short_lt500,28,3.183183183183183,-0.014808602412888625,-0.012123290443829676,-0.009867623801102553
2,short_lt500,28,3.1816816816816815,-0.01646962534577041,-0.013614345287081733,-0.010941548307452864
2,short_lt500,28,3.18018018018018,-0.01835080850025719,-0.015180685463783636,-0.012161106000903378
2,short_lt500,28,3.1786786786786787,-0.020424373774708893,-0.016907618524624073,-0.013542464424040408
2,short_lt500,28,3.1771771771771773,-0.022637942416667958,-0.01883501839406923,-0.015098556583206656
2,short_lt500,28,3.1756756756756754,-0.02500172389991703,-0.02088400214934926,-0.016830920165739366
2,short_lt500,28,3.174174174174174,-0.027563715321414446,-0.022978185742666128,-0.018690178868655694
2,short_lt500,28,3.1726726726726726,-0.030233920072259245,-0.025139675433271967,-0.020722938744335465
2,short_lt500,28,3.171171171171171,-0.03284473886309473,-0.027680166217618846,-0.02286673313646889
2,short_lt500,28,3.16966966966967,-0.035472915257257126,-0.030353132009549928,-0.025034697797832788
2,short_lt500,28,3.168168168168168,-0.037631467134877,-0.032987178974389804,-0.026555365882348737
2,short_lt500,28,3.1666666666666665,-0.039736614205352044,-0.0355419640687888,-0.027641061095200415
2,short_lt500,28,3.165165165165165,-0.04166906007218975,-0.03805084316221857,-0.028594014884406785
2,short_lt500,28,3.1636636636636637,-0.043431050848974695,-0.040383143183734066,-0.02941724548967694
2,short_lt500,28,3.1621621621621623,-0.045609174348380715,-0.042299981455535304,-0.030155864543188048
2,short_lt500,28,3.1606606606606604,-0.047981574928724915,-0.044247269906694815,-0.030821350361726556
2,short_lt500,28,3.159159159159159,-0.05026810045471406,-0.046170037637761785,-0.03141083860843178
2,short_lt500,28,3.1576576576576576,-0.05223942096197777,-0.04758157861686346,-0.03185911347593641
2,short_lt500,28,3.156156156156156,-0.05321645127883036,-0.04846656668546853,-0.03228239129275764
2,short_lt500,28,3.1546546546546548,-0.05389904016972211,-0.04910207350821992,-0.0327524215422077
2,short_lt500,28,3.153153153153153,-0.05479528789567302,-0.049518731677705874,-0.03333774176477787
2,short_lt500,28,3.1516516516516515,-0.05610496923503219,-0.049872284893604915,-0.03399212139995121
2,short_lt500,28,3.15015015015015,-0.057264207252304,-0.04999241061704403,-0.034607546163354756
2,short_lt500,28,3.1486486486486487,-0.0582524850708915,-0.05003798401864548,-0.03519181720258296
2,short_lt500,28,3.1471471471471473,-0.059163896581736895,-0.05027397144678199,-0.03581888154532755
2,short_lt500,28,3.1456456456456454,-0.05991202653878772,-0.050502062338289855,-0.03640872255227419
2,short_lt500,28,3.144144144144144,-0.060503183222810064,-0.05076808273856778,-0.03688199948079898
2,short_lt500,28,3.1426426426426426,-0.06102586244513241,-0.05104745017914712,-0.03738625306317249
2,short_lt500,28,3.141141141141141,-0.061422946012374725,-0.05127500093980564,-0.037970081670284955
2,short_lt500,28,3.1396396396396398,-0.06163685091459937,-0.05137437435518183,-0.03856288523035298
2,short_lt500,28,3.138138138138138,-0.061884663588700595,-0.05126414339096483,-0.0391063508028795
2,short_lt500,28,3.1366366366366365,-0.06215459250482171,-0.05093991388186411,-0.03958845419811119
2,short_lt500,28,3.135135135135135,-0.062347279572810804,-0.05066410882779754,-0.04010765619648522
2,short_lt500,28,3.1336336336336337,-0.06245446931022326,-0.05050803491346095,-0.04053739928576616
2,short_lt500,28,3.1321321321321323,-0.062425451992764294,-0.05030523438634302,-0.04091656939856858
2,short_lt500,28,3.1306306306306304,-0.06239911675575385,-0.05005276053437255,-0.04139403200334946
2,short_lt500,28,3.129129129129129,-0.06236091197269393,-0.04976928064423802,-0.041927222423154525
2,short_lt500,28,3.1276276276276276,-0.06222881220793186,-0.0495206894105418,-0.04245686098023696
2,short_lt500,28,3.126126126126126,-0.062106311645125256,-0.04931197128888748,-0.0429859360749863
2,short_lt500,28,3.1246246246246248,-0.06202331884933285,-0.04913580970624745,-0.04347380124651487
2,short_lt500,28,3.123123123123123,-0.06196470849779602,-0.04894974045171352,-0.0439789607819433
2,short_lt500,28,3.1216216216216215,-0.0619569763409423,-0.04873853953526058,-0.044381665803143094
2,short_lt500,28,3.12012012012012,-0.06194825908605198,-0.048575494179928375,-0.04474380784119979
2,short_lt500,28,3.1186186186186187,-0.06190797889137112,-0.048583814300580286,-0.045049102614768355
2,short_lt500,28,3.1171171171171173,-0.06188211198793865,-0.04859228198019133,-0.045068696807790715
2,short_lt500,28,3.1156156156156154,-0.06180814016213884,-0.04859771094987125,-0.04511525757142447
2,short_lt500,28,3.114114114114114,-0.06167934330673204,-0.04857002268030247,-0.04518052156860415
2,short_lt500,28,3.1126126126126126,-0.06159217391444577,-0.04852068502730772,-0.04523986515232126
2,short_lt500,28,3.111111111111111,-0.061570307511197006,-0.048579605286464295,-0.04534351173499876
2,short_lt500,28,3.1096096096096097,-0.06158287442083106,-0.04888186005973458,-0.045457604311978206
2,short_lt500,28,3.108108108108108,-0.06152842003447079,-0.04930749731985762,-0.04556690095087862
2,short_lt500,28,3.1066066066066065,-0.06145126416884099,-0.04971848377184007,-0.0456409813942899
2,short_lt500,28,3.105105105105105,-0.061405237916924676,-0.04995987817316033,-0.045517821940323736
2,short_lt500,28,3.1036036036036037,-0.06143295214375563,-0.05019078557594375,-0.04543935299794745
2,short_lt500,28,3.1021021021021022,-0.06152170038713409,-0.050367965981112955,-0.04542160724083012
2,short_lt500,28,3.1006006006006004,-0.061650998952771444,-0.050558200413127585,-0.045406902004442765
2,short_lt500,28,3.099099099099099,-0.061742640730577086,-0.05068969217661404,-0.04539305542679209
2,short_lt500,28,3.0975975975975976,-0.06186180141900369,-0.05077796709983484,-0.045357388395996096
2,short_lt500,28,3.096096096096096,-0.062031712395641245,-0.05081177664225853,-0.04532221237034001
2,short_lt500,28,3.0945945945945947,-0.06214999526982716,-0.05084144788109962,-0.04534758383337305
2,short_lt500,28,3.093093093093093,-0.06219123071120243,-0.05092983943678653,-0.04537634663310988
2,short_lt500,28,3.0915915915915915,-0.06224354029807114,-0.05105875847424829,-0.04542144980692517
2,short_lt500,28,3.09009009009009,-0.06237435131052943,-0.05116854680186417,-0.045542535628070396
2,short_lt500,28,3.0885885885885886,-0.06250019514181096,-0.05124939165678144,-0.045691071427927055
2,short_lt500,28,3.0870870870870872,-0.06254654857501768,-0.05134716671719125,-0.045875205512603545
2,short_lt500,28,3.0855855855855854,-0.06255651843740836,-0.05144065752046739,-0.04619198235505423
2,short_lt500,28,3.084084084084084,-0.06260262571796041,-0.05151373085561228,-0.04648683279283286
2,short_lt500,28,3.0825825825825826,-0.06268635109211956,-0.05154748244978752,-0.04676297443395469
2,short_lt500,28,3.081081081081081,-0.06273647978103586,-0.0515547838668482,-0.046956723085949365
2,short_lt500,28,3.0795795795795797,-0.06278914618975079,-0.051544722216183614,-0.04689607745982072
2,short_lt500,28,3.078078078078078,-0.0628910386278213,-0.05154599802791493,-0.04678903733432499
2,short_lt500,28,3.0765765765765765,-0.06298210904226079,-0.05154743968238823,-0.04663437227917261
2,short_lt500,28,3.075075075075075,-0.06305468689236857,-0.051519016322655875,-0.04645967946626414
2,short_lt500,28,3.0735735735735736,-0.06310934292644782,-0.0514313781054323,-0.04628739025398795
2,short_lt500,28,3.0720720720720722,-0.0631535153100505,-0.05138785928239559,-0.046138704670163955
2,short_lt500,28,3.0705705705705704,-0.06319841741505586,-0.05141095603569956,-0.04604540059552256
2,short_lt500,28,3.069069069069069,-0.06325269321845636,-0.051452213260478,-0.04610262536554627
2,short_lt500,28,3.0675675675675675,-0.06329599980598133,-0.05153777552032124,-0.046150211493951404
2,short_lt500,28,3.066066066066066,-0.06334895795489068,-0.051657358736184156,-0.04617277874920414
2,short_lt500,28,3.0645645645645647,-0.06338620806398701,-0.05175623014632397,-0.04624752917358796
2,short_lt500,28,3.063063063063063,-0.06340688365462585,-0.051822963987428305,-0.046281723579861045
2,short_lt500,28,3.0615615615615615,-0.06344389226699315,-0.05186401735137225,-0.04630340007706721
2,short_lt500,28,3.06006006006006,-0.06352002887603458,-0.05189428044588129,-0.046344766956303185
2,short_lt500,28,3.0585585585585586,-0.0635988592038198,-0.05193692083439466,-0.04638095028377209
2,short_lt500,28,3.057057057057057,-0.06364300406841589,-0.05202183153782558,-0.046418543298101966
2,short_lt500,28,3.0555555555555554,-0.06366361740108425,-0.052130636644733164,-0.04648701106828099
2,short_lt500,28,3.054054054054054,-0.0637056308287186,-0.05229089397105463,-0.04661683255642998
2,short_lt500,28,3.0525525525525525,-0.06372927866557274,-0.05243726756787637,-0.04674132017541119
2,short_lt500,28,3.051051051051051,-0.0637364120511785,-0.05256540194998632,-0.046843062400260344
2,short_lt500,28,3.0495495495495497,-0.06375418303686678,-0.05270365746555067,-0.04692398132926032
2,short_lt500,28,3.048048048048048,-0.06377455653782294,-0.05284983267184812,-0.04699426671082976
2,short_lt500,28,3.0465465465465464,-0.06384040613169384,-0.05295253841387615,-0.04704015209898696
2,short_lt500,28,3.045045045045045,-0.06393207910909601,-0.05296807527060188,-0.04708940669174258
2,short_lt500,28,3.0435435435435436,-0.06400240972812044,-0.05298400204479781,-0.04714678076529122
2,short_lt500,28,3.042042042042042,-0.06405221529445856,-0.0529836346168,-0.04721494169906418
2,short_lt500,28,3.0405405405405403,-0.06407657120493715,-0.0529685298022915,-0.04731322534532917
2,short_lt500,28,3.039039039039039,-0.06406770959960531,-0.052943138720545624,-0.047396274478856026
2,short_lt500,28,3.0375375375375375,-0.06404277627374969,-0.05291579605863056,-0.0474542402547983
2,short_lt500,28,3.036036036036036,-0.06402650280859873,-0.05289745442720856,-0.04750449714021143
2,short_lt500,28,3.0345345345345347,-0.06406159456554869,-0.0529010837166462,-0.047552004042820395
2,short_lt500,28,3.033033033033033,-0.06413607627475379,-0.05292440549182398,-0.04761177673428996
2,short_lt500,28,3.0315315315315314,-0.06423211307690799,-0.052942774743881205,-0.04768715866803827
2,short_lt500,28,3.03003003003003,-0.06433085625825388,-0.052944986061181754,-0.0478211200143962
2,short_lt500,28,3.0285285285285286,-0.06441821436567682,-0.05294690011154174,-0.047951357539194384
2,short_lt500,28,3.027027027027027,-0.06449546830131592,-0.05295621645677062,-0.04805621875228849
2,short_lt500,28,3.0255255255255253,-0.06451485444466332,-0.05295881405236558,-0.04813996376564225
2,short_lt500,28,3.024024024024024,-0.06452039529916631,-0.05294074047900965,-0.04821241299958462
2,short_lt500,28,3.0225225225225225,-0.06455517255824991,-0.05291571177836868,-0.048291598713973094
2,short_lt500,28,3.021021021021021,-0.06459411713073998,-0.05291408137327264,-0.04839240389440186
2,short_lt500,28,3.0195195195195197,-0.06459479991346825,-0.05292645598915047,-0.048505974982858996
2,short_lt500,28,3.018018018018018,-0.06457491685069283,-0.052927525336060766,-0.04861975097385912
2,short_lt500,28,3.0165165165165164,-0.06457569106239022,-0.05292512413998762,-0.048729916901603804
2,short_lt500,28,3.015015015015015,-0.06461408214968187,-0.052929522735917944,-0.048843189143785576
2,short_lt500,28,3.0135135135135136,-0.06465932130502205,-0.05293123086533663,-0.04897372231553268
2,short_lt500,28,3.012012012012012,-0.06472121922440141,-0.052930362460094915,-0.049120896650771684
2,short_lt500,28,3.0105105105105103,-0.06480418766927956,-0.05293339862302665,-0.049270012325052265
2,short_lt500,28,3.009009009009009,-0.06489627856849128,-0.05301202096699659,-0.049373658042870056
2,short_lt500,28,3.0075075075075075,-0.06497749954304552,-0.05309955074135991,-0.049418377694649324
2,short_lt500,28,3.006006006006006,-0.06503786989528113,-0.05318892956327481,-0.049465472309896646
2,short_lt500,28,3.0045045045045047,-0.06507419911526957,-0.05328000005151462,-0.0495638876424625
2,short_lt500,28,3.003003003003003,-0.06509930507619618,-0.05337005608138912,-0.04959826409217641
2,short_lt500,28,3.0015015015015014,-0.06513359885785927,-0.05345379285770263,-0.049631280022855856
2,short_lt500,28,3.0,-0.0651891315812285,-0.05353196625092077,-0.049670460504391556
2,short_lt500,28,2.9984984984984986,-0.06526262419449674,-0.05361108333165965,-0.049756195678268195
2,short_lt500,28,2.996996996996997,-0.06534455333728881,-0.05369806994001325,-0.049898251275039274
2,short_lt500,28,2.9954954954954953,-0.06543647388126067,-0.05379522283921917,-0.05005791085536318
2,short_lt500,28,2.993993993993994,-0.06553770994003524,-0.053901163394368845,-0.05025513214971272
2,short_lt500,28,2.9924924924924925,-0.06562445611966594,-0.05401198093520798,-0.05040851454748424
2,short_lt500,28,2.990990990990991,-0.06574336633214475,-0.05411595372737066,-0.05031695694192734
2,short_lt500,28,2.9894894894894897,-0.06588698962413211,-0.05420337831837785,-0.050351056417934414
2,short_lt500,28,2.987987987987988,-0.06599888114611532,-0.05427826024830851,-0.05046020766959511
2,short_lt500,28,2.9864864864864864,-0.06608265831290769,-0.054353575002865306,-0.050585793994170014
2,short_lt500,28,2.984984984984985,-0.06615495625594928,-0.05443545229801655,-0.050705169481107926
2,short_lt500,28,2.9834834834834836,-0.06623212546770244,-0.0545174614359461,-0.050820029253014876
2,short_lt500,28,2.981981981981982,-0.06631261506534192,-0.054592723483331496,-0.05093699767273807
2,short_lt500,28,2.9804804804804803,-0.06638680185255844,-0.05465725608184585,-0.05106023823074182
2,short_lt500,28,2.978978978978979,-0.06644797801611207,-0.05471208807887146,-0.05118776800987601
2,short_lt500,28,2.9774774774774775,-0.06649901566084052,-0.05476338168811262,-0.051311363395119464
2,short_lt500,28,2.975975975975976,-0.06654539473874788,-0.05482002703715544,-0.05142469962704499
2,short_lt500,28,2.9744744744744747,-0.06658840305147054,-0.05488201391994979,-0.05149315284404937
2,short_lt500,28,2.972972972972973,-0.06662675192660517,-0.054937972055409845,-0.051534493444456514
2,short_lt500,28,2.9714714714714714,-0.06665822350723621,-0.05497549328032475,-0.0515922404918798
2,short_lt500,28,2.96996996996997,-0.06668292366395581,-0.05499502074654483,-0.051649826680370825
2,short_lt500,28,2.9684684684684686,-0.06670329393532146,-0.05500924019058945,-0.051673517970357685
2,short_lt500,28,2.966966966966967,-0.06672316957230678,-0.05503106380626116,-0.05163714575072162
2,short_lt500,28,2.9654654654654653,-0.06674599063923337,-0.05506396348998366,-0.05153432003162592
2,short_lt500,28,2.963963963963964,-0.06677220931427025,-0.05510142508651589,-0.05142305083952259
2,short_lt500,28,2.9624624624624625,-0.06679956272549545,-0.05513517888566527,-0.051376938610771805
2,short_lt500,28,2.960960960960961,-0.06682534232240536,-0.055160038390393684,-0.051444997703503414
2,short_lt500,28,2.9594594594594597,-0.06684684322716475,-0.05517512772234345,-0.05159719377934879
2,short_lt500,28,2.957957957957958,-0.06686267287792513,-0.05523731303816348,-0.05178219753822655
2,short_lt500,28,2.9564564564564564,-0.06687271805210038,-0.05530295472155716,-0.05192753067197278
2,short_lt500,28,2.954954954954955,-0.06687763500449226,-0.055364368465311176,-0.05190291147527215
2,short_lt500,28,2.9534534534534536,-0.06687922991188822,-0.05542526307444401,-0.0518810093350876
2,short_lt500,28,2.951951951951952,-0.066877618433717,-0.055488320841862726,-0.05186152387196652
2,short_lt500,28,2.9504504504504503,-0.06687326801211968,-0.05555188235921943,-0.05184260825128309
2,short_lt500,28,2.948948948948949,-0.06686600134831308,-0.05561263783142245,-0.05185485677327362
2,short_lt500,28,2.9474474474474475,-0.0668551959977749,-0.05566765411296798,-0.051884249149006384
2,short_lt500,28,2.945945945945946,-0.06684207519813282,-0.055714914813425165,-0.051908681867887274
2,short_lt500,28,2.9444444444444446,-0.06682602549587763,-0.055755311502982685,-0.05192964294793087
2,short_lt500,28,2.942942942942943,-0.06680636878826496,-0.05571336939810878,-0.05194992913368687
2,short_lt500,28,2.9414414414414414,-0.06678278938156204,-0.055655016050289774,-0.051970685227945596
2,short_lt500,28,2.93993993993994,-0.06675485015901866,-0.05559585407791284,-0.051992940482070094
2,short_lt500,28,2.9384384384384385,-0.0667237511831055,-0.05553749155496179,-0.05201702812896883
2,short_lt500,28,2.936936936936937,-0.06669213480263422,-0.05548045586259265,-0.05204102166066904
2,short_lt500,28,2.9354354354354353,-0.06666223925408507,-0.055424794327965765,-0.0520625494464968
2,short_lt500,28,2.933933933933934,-0.06663557839552053,-0.05536962083211938,-0.05207927695185219
2,short_lt500,28,2.9324324324324325,-0.06661237467643721,-0.05531405859533178,-0.05208901796397189
2,short_lt500,28,2.930930930930931,-0.06659097903259442,-0.05525768896591865,-0.05208013263696756
2,short_lt500,28,2.9294294294294296,-0.06656914205268946,-0.05526380018254251,-0.052056755274229344
2,short_lt500,28,2.9279279279279278,-0.06654505007892664,-0.05528436426926564,-0.052029807129913064
2,short_lt500,28,2.9264264264264264,-0.06651726489293297,-0.055305952977933115,-0.05200107477858171
2,short_lt500,28,2.924924924924925,-0.06648523727468439,-0.055327916068524996,-0.05197773396175284
2,short_lt500,28,2.9234234234234235,-0.06644956675783553,-0.05534917577465187,-0.051966549782445526
2,short_lt500,28,2.921921921921922,-0.06641117775437202,-0.05536858708037684,-0.05195541341506468
2,short_lt500,28,2.9204204204204203,-0.06637075460694528,-0.05538511749496838,-0.0519431433678727
2,short_lt500,28,2.918918918918919,-0.06632890794890167,-0.05539848368029243,-0.05192910794849773
2,short_lt500,28,2.9174174174174174,-0.06628616913270194,-0.055408835204838025,-0.051912446177994426
2,short_lt500,28,2.915915915915916,-0.06624246410535112,-0.0554166342456085,-0.0518920989124384
2,short_lt500,28,2.9144144144144146,-0.0661977041851714,-0.05542242831837446,-0.051867503440990476
2,short_lt500,28,2.9129129129129128,-0.06615210357578838,-0.05542676198206781,-0.05182119422552384
2,short_lt500,28,2.9114114114114114,-0.0661059275648267,-0.05542983431466336,-0.05174672777605449
2,short_lt500,28,2.90990990990991,-0.06605943466673384,-0.05543144539169459,-0.05167337008329942
2,short_lt500,28,2.9084084084084085,-0.06601274208539235,-0.05543135581040365,-0.051601018899716855
2,short_lt500,28,2.906906906906907,-0.06596677880218191,-0.05542919215089659,-0.0515271619044152
2,short_lt500,28,2.9054054054054053,-0.06592470075195456,-0.055424571562228964,-0.05145237142813672
2,short_lt500,28,2.903903903903904,-0.06588114383339302,-0.05541717954135095,-0.05137693401486959
2,short_lt500,28,2.9024024024024024,-0.06583499852335942,-0.055407021378159116,-0.05130107543323342
2,short_lt500,28,2.900900900900901,-0.06578516818443478,-0.055394175527595846,-0.05122476363658626
2,short_lt500,28,2.8993993993993996,-0.06573107236213993,-0.05537855227464328,-0.05114750307029636
2,short_lt500,28,2.8978978978978978,-0.06567306877375206,-0.05536009449123508,-0.051068790688511057
2,short_lt500,28,2.8963963963963963,-0.06561183105413881,-0.0553387491040806,-0.05098848254332716
2,short_lt500,28,2.894894894894895,-0.06554805971499256,-0.05531441984326879,-0.05090669498090647
2,short_lt500,28,2.8933933933933935,-0.06548245526800542,-0.05528702330154961,-0.05082362447820035
2,short_lt500,28,2.891891891891892,-0.06541571830517959,-0.05525657678674839,-0.050739484715034755
2,short_lt500,28,2.8903903903903903,-0.06534848861925219,-0.055223254883440764,-0.05065296101890704
2,short_lt500,28,2.888888888888889,-0.06528083338068413,-0.05518731146391759,-0.050515656405016984
2,short_lt500,28,2.8873873873873874,-0.06521248820456899,-0.05514899457513811,-0.0503776916791239
2,short_lt500,28,2.885885885885886,-0.06514318487990034,-0.05510855682949184,-0.05023927829539854
2,short_lt500,28,2.8843843843843846,-0.06508883138665236,-0.05506624073691857,-0.05010053891260852
2,short_lt500,28,2.8828828828828827,-0.06503667576598526,-0.055022017664507206,-0.049961359816286244
2,short_lt500,28,2.8813813813813813,-0.06498318631756178,-0.05497577206854504,-0.0498216980100476
2,short_lt500,28,2.87987987987988,-0.06492849011359642,-0.05492742679169704,-0.049729201017263025
2,short_lt500,28,2.8783783783783785,-0.06487229885969478,-0.05487704943519062,-0.049639773826106154
2,short_lt500,28,2.876876876876877,-0.06481430105064648,-0.054824719643884745,-0.0495483338809459
2,short_lt500,28,2.8753753753753752,-0.0647541851931957,-0.05477051619810236,-0.04946363601300993
2,short_lt500,28,2.873873873873874,-0.06469163979408646,-0.054714673697675575,-0.04938959592488873
2,short_lt500,28,2.8723723723723724,-0.064626350368261,-0.05465766839244496,-0.04931327883255668
2,short_lt500,28,2.870870870870871,-0.06455797375556038,-0.054599910478169644,-0.04923471629813109
2,short_lt500,28,2.8693693693693696,-0.06448653085246353,-0.05454140617683578,-0.04915392090654305
2,short_lt500,28,2.8678678678678677,-0.06441238414622208,-0.05448197266341487,-0.049070980953237614
2,short_lt500,28,2.8663663663663663,-0.0643359097669807,-0.0544214248360419,-0.048986065767056136
2,short_lt500,28,2.864864864864865,-0.06425748384488339,-0.054359509307022935,-0.048899351370640526
2,short_lt500,28,2.8633633633633635,-0.06417748251007485,-0.05429571645779435,-0.04881101901422788
2,short_lt500,28,2.861861861861862,-0.06409628954957358,-0.054229463505721665,-0.04872130039073044
2,short_lt500,28,2.8603603603603602,-0.06401426033424318,-0.05416043198647391,-0.0486229489681671
2,short_lt500,28,2.858858858858859,-0.06393130282587811,-0.05408880952295925,-0.048519046119017806
2,short_lt500,28,2.8573573573573574,-0.06384714105987765,-0.05401488047763381,-0.048416201077592924
2,short_lt500,28,2.855855855855856,-0.06376149732085812,-0.05393893301054181,-0.0483141473241023
2,short_lt500,28,2.8543543543543546,-0.06367409389343545,-0.053861368825279865,-0.04821257176406882
2,short_lt500,28,2.8528528528528527,-0.063584653238247,-0.0537827093489357,-0.048111136184474296
2,short_lt500,28,2.8513513513513513,-0.06349296285153147,-0.053703438564433825,-0.04800934717337618
2,short_lt500,28,2.84984984984985,-0.06339913147996332,-0.053623678114071205,-0.04790665213933448
2,short_lt500,28,2.8483483483483485,-0.06330363975935799,-0.053543207017857364,-0.04780255122515034
2,short_lt500,28,2.846846846846847,-0.06320701317651081,-0.05346177774654148,-0.04769677728874666
2,short_lt500,28,2.8453453453453452,-0.06310977722597627,-0.05337913579800968,-0.04758920592727264
2,short_lt500,28,2.843843843843844,-0.0630124574023084,-0.053288163798968724,-0.04747972247674337
2,short_lt500,28,2.8423423423423424,-0.06291556460083245,-0.053192664055849714,-0.04736831728720364
2,short_lt500,28,2.840840840840841,-0.06281925606523792,-0.05309600294813405,-0.047255219993531106
2,short_lt500,28,2.8393393393393396,-0.06272313504941096,-0.052998299961780515,-0.047140692748913665
2,short_lt500,28,2.8378378378378377,-0.06262663344957889,-0.05289970558567708,-0.04702496313017204
2,short_lt500,28,2.8363363363363363,-0.06252918213292386,-0.052800521147163326,-0.046908139454986314
2,short_lt500,28,2.834834834834835,-0.06243021196662801,-0.05270105971500705,-0.046790275624969235
2,short_lt500,28,2.8333333333333335,-0.062329153817873545,-0.05260141366309817,-0.046671430779128525
2,short_lt500,28,2.831831831831832,-0.06222550240539487,-0.05250135844848264,-0.04655178531397047
2,short_lt500,28,2.83033033033033,-0.06211922885631041,-0.05240054423120816,-0.046431631036910476
2,short_lt500,28,2.828828828828829,-0.0620106924058092,-0.05229862007437386,-0.046311262209002224
2,short_lt500,28,2.8273273273273274,-0.061900323378273336,-0.052201785183050464,-0.04619099145866426
2,short_lt500,28,2.825825825825826,-0.06178855204259884,-0.052111111510273256,-0.046071275874801504
2,short_lt500,28,2.8243243243243246,-0.061675808667681825,-0.05201892334966879,-0.04595261546882884
2,short_lt500,28,2.8228228228228227,-0.061562523376157696,-0.05192542845190451,-0.04583544413630866
2,short_lt500,28,2.8213213213213213,-0.06144903382040465,-0.05183103537716205,-0.045723398256036635
2,short_lt500,28,2.81981981981982,-0.061335405868362364,-0.05173618827261772,-0.04561228134257589
2,short_lt500,28,2.8183183183183185,-0.061221605023105946,-0.051641311844239035,-0.04550081673250855
2,short_lt500,28,2.816816816816817,-0.06110759088656881,-0.051546527011536336,-0.04538896593268438
2,short_lt500,28,2.815315315315315,-0.06099332307529054,-0.05145172357877048,-0.04527661646243947
2,short_lt500,28,2.813813813813814,-0.06087876120581079,-0.051356788528399144,-0.04516364601154271
2,short_lt500,28,2.8123123123123124,-0.06076386849005924,-0.05126154202592148,-0.04505000154119898
2,short_lt500,28,2.810810810810811,-0.06064870856784868,-0.05116578657573567,-0.044935835042958394
2,short_lt500,28,2.8093093093093096,-0.0605334650122456,-0.05106932424263988,-0.04482133698550375
2,short_lt500,28,2.8078078078078077,-0.060418298788541436,-0.05097203924162502,-0.04470669453584902
2,short_lt500,28,2.8063063063063063,-0.060303361997172594,-0.05087427076844797,-0.04459215780936987
2,short_lt500,28,2.804804804804805,-0.06018880673857527,-0.050776406082827186,-0.04447803802201525
2,short_lt500,28,2.8033033033033035,-0.06007478511318623,-0.05067870630405541,-0.04436464413625488
2,short_lt500,28,2.801801801801802,-0.05996142195786586,-0.05058135825638688,-0.04425207667682185
2,short_lt500,28,2.8003003003003,-0.059848618505205536,-0.05048449961254381,-0.04414013786442292
2,short_lt500,28,2.798798798798799,-0.0597361192402634,-0.05038826651528794,-0.044028611050313804
2,short_lt500,28,2.7972972972972974,-0.05962368838230589,-0.05029265990551307,-0.0439173063977871
2,short_lt500,28,2.795795795795796,-0.05951109337381749,-0.05019740233972958,-0.04380597392871563
2,short_lt500,28,2.7942942942942945,-0.05939810165728249,-0.050102296415176106,-0.043694333825198606
2,short_lt500,28,2.7927927927927927,-0.05928448073012632,-0.05000714394089384,-0.04358212762826749
2,short_lt500,28,2.7912912912912913,-0.059170068921839236,-0.04991170427921615,-0.043469334364403756
2,short_lt500,28,2.78978978978979,-0.0590549293654922,-0.04981573476428447,-0.04335607836194366
2,short_lt500,28,2.7882882882882885,-0.058939194384770105,-0.04971899523458556,-0.04324246171616469
2,short_lt500,28,2.786786786786787,-0.05882298685752871,-0.04962130520907754,-0.0431285409179831
2,short_lt500,28,2.785285285285285,-0.058706429574604535,-0.049522532346690684,-0.04301446158389702
2,short_lt500,28,2.7837837837837838,-0.058589645326833695,-0.04942254932964535,-0.04290038405905852
2,short_lt500,28,2.7822822822822824,-0.058472755241540164,-0.04932145874957128,-0.04278646537759756
2,short_lt500,28,2.7807807807807805,-0.05835580242389557,-0.049219546448375395,-0.04267283031470498
2,short_lt500,28,2.7792792792792795,-0.05823882691956517,-0.04911711272592112,-0.042559593335928264
2,short_lt500,28,2.7777777777777777,-0.058121976039437945,-0.049014463423657395,-0.042446927976964866
2,short_lt500,28,2.7762762762762763,-0.058005404234349744,-0.04891194814097183,-0.04233498060730173
2,short_lt500,28,2.774774774774775,-0.057878961891747266,-0.04880997865236225,-0.04222378876097141
2,short_lt500,28,2.773273273273273,-0.057749718389965315,-0.04870890389638893,-0.04211338329983369
2,short_lt500,28,2.771771771771772,-0.057620998818998376,-0.04860870696782221,-0.042003692350092686
2,short_lt500,28,2.77027027027027,-0.05749287391686328,-0.04850921497437444,-0.041894498777761996
2,short_lt500,28,2.7687687687687688,-0.05736515378297097,-0.04841025154523687,-0.041785566481856884
2,short_lt500,28,2.7672672672672673,-0.05723759350376678,-0.048311632455133924,-0.041676590969316085
2,short_lt500,28,2.7657657657657655,-0.05710994869937802,-0.04821313699907798,-0.04156734352982963
2,short_lt500,28,2.7642642642642645,-0.05698197498993243,-0.04811443785609015,-0.04145764705622018
2,short_lt500,28,2.7627627627627627,-0.05685342799555698,-0.04801531579774737,-0.041347340009882355
2,short_lt500,28,2.7612612612612613,-0.0567240760116883,-0.04791583293370599,-0.04123643757817533
2,short_lt500,28,2.75975975975976,-0.05659392242820388,-0.04781610856718277,-0.04112507289419165
2,short_lt500,28,2.758258258258258,-0.056463326217421395,-0.047716261228692936,-0.04101341427348054
2,short_lt500,28,2.756756756756757,-0.05633271257083722,-0.04761637908953387,-0.04090176670483342
2,short_lt500,28,2.755255255255255,-0.056202506888381853,-0.047516547304683965,-0.040790432863499426
2,short_lt500,28,2.7537537537537538,-0.05607313456998561,-0.04741694591452883,-0.040679707881598776
2,short_lt500,28,2.7522522522522523,-0.055945020772182164,-0.047317643564883105,-0.04056985397362206
2,short_lt500,28,2.7507507507507505,-0.05581853240645193,-0.047218610229317615,-0.040460981924265865
2,short_lt500,28,2.7492492492492495,-0.05570420365552173,-0.04711980838815766,-0.04035315284701088
2,short_lt500,28,2.7477477477477477,-0.05560279360389689,-0.04702120917294389,-0.04024630690634107
2,short_lt500,28,2.7462462462462462,-0.0555014112944161,-0.04692286020455266,-0.04014015129353629
2,short_lt500,28,2.744744744744745,-0.055400039173190946,-0.0468247773862267,-0.04003435556494031
2,short_lt500,28,2.743243243243243,-0.0552986642968645,-0.046726898883544477,-0.03992858882448422
2,short_lt500,28,2.741741741741742,-0.055197274384919864,-0.04662915389922051,-0.03982257023647745
2,short_lt500,28,2.74024024024024,-0.055095869360789,-0.046531425621296585,-0.03971612956579093
2,short_lt500,28,2.7387387387387387,-0.054994447456141154,-0.046433595185207954,-0.03960912319569729
2,short_lt500,28,2.7372372372372373,-0.054893012089057724,-0.0463355338158945,-0.03950161903681071
2,short_lt500,28,2.7357357357357355,-0.05479157976549248,-0.0462370913386948,-0.039393885536691986
2,short_lt500,28,2.7342342342342345,-0.054690160079561484,-0.04613822268325374,-0.03928620600276522
2,short_lt500,28,2.7327327327327327,-0.054588762598533846,-0.04603897154341213,-0.039178862409522786
2,short_lt500,28,2.7312312312312312,-0.05448739599748684,-0.04593951078379205,-0.0390720513740358
2,short_lt500,28,2.72972972972973,-0.05438606902383478,-0.04584006711488603,-0.038965855535094435
2,short_lt500,28,2.728228228228228,-0.054284818923728134,-0.04574086619016715,-0.038860324107541006
2,short_lt500,28,2.726726726726727,-0.05418372420531817,-0.045642083669022504,-0.038755360280313456
2,short_lt500,28,2.725225225225225,-0.054082863660112945,-0.04554381174284955,-0.03865083689572121
2,short_lt500,28,2.7237237237237237,-0.053982309619328456,-0.045446057894824254,-0.038546632635937106
2,short_lt500,28,2.7222222222222223,-0.05388213442584472,-0.04534874807165906,-0.03844263141866064
2,short_lt500,28,2.7207207207207205,-0.053782418074569155,-0.04525174576187618,-0.038338841707902166
2,short_lt500,28,2.7192192192192195,-0.05368325645112529,-0.04515490796904298,-0.03823536514879486
2,short_lt500,28,2.7177177177177176,-0.05358471842337806,-0.04505810977672797,-0.038132300676153696
2,short_lt500,28,2.7162162162162162,-0.053486692715724954,-0.04496139623589446,-0.038027489026460776
2,short_lt500,28,2.714714714714715,-0.05338899577195877,-0.04486493086513549,-0.037918449207277244
2,short_lt500,28,2.713213213213213,-0.05329144549803844,-0.04476892191103088,-0.037807916880848474
2,short_lt500,28,2.7117117117117115,-0.05319385940923396,-0.044673560405207924,-0.037696776349815164
2,short_lt500,28,2.71021021021021,-0.053096042186453724,-0.0445789811892256,-0.03758596247875953
2,short_lt500,28,2.7087087087087087,-0.052997781002960404,-0.04448531401049122,-0.03747641584770384
2,short_lt500,28,2.7072072072072073,-0.0528989380804418,-0.044392628739491125,-0.03736907671366424
2,short_lt500,28,2.7057057057057055,-0.052799677844513476,-0.04430074635789688,-0.037264850672601685
2,short_lt500,28,2.704204204204204,-0.052700238403848715,-0.04420932618577006,-0.03716388365659726
2,short_lt500,28,2.7027027027027026,-0.05260085787290003,-0.04411795932269741,-0.037065519248517836
2,short_lt500,28,2.701201201201201,-0.05250177338636114,-0.044026267790164775,-0.036969026107454894
2,short_lt500,28,2.6996996996997,-0.052403211835750946,-0.043933891574888806,-0.036873642321604894
2,short_lt500,28,2.698198198198198,-0.052305385128135484,-0.04384047237624222,-0.03677860503644498
2,short_lt500,28,2.6966966966966965,-0.05220839794036128,-0.04374579445180399,-0.036683161318211976
2,short_lt500,28,2.695195195195195,-0.052112156622739825,-0.04364994680256051,-0.03658668565860895
2,short_lt500,28,2.6936936936936937,-0.0520165444797486,-0.043553281323530535,-0.036489090541969194
2,short_lt500,28,2.6921921921921923,-0.051921444815983125,-0.04345625944413689,-0.036390529993035686
2,short_lt500,28,2.6906906906906904,-0.05182674852967081,-0.04335941302529711,-0.036291160667504846
2,short_lt500,28,2.689189189189189,-0.051732379065366485,-0.04326328783700695,-0.036191139663794475
2,short_lt500,28,2.6876876876876876,-0.051638274904310666,-0.0431684156480307,-0.036090623963057816
2,short_lt500,28,2.686186186186186,-0.051544373827078604,-0.043075063689865245,-0.035989736095849406
2,short_lt500,28,2.684684684684685,-0.051450619389684094,-0.042983156380422105,-0.035888565957092666
2,short_lt500,28,2.683183183183183,-0.05135695583517713,-0.04289236776598021,-0.035787344338307076
2,short_lt500,28,2.6816816816816815,-0.0512633271233332,-0.042802306872413876,-0.035686345888572696
2,short_lt500,28,2.68018018018018,-0.05116966507728876,-0.04271259868420163,-0.035585880045717
2,short_lt500,28,2.6786786786786787,-0.05107591224897584,-0.04262287166019635,-0.035486261138514136
2,short_lt500,28,2.6771771771771773,-0.050982061156641306,-0.04253280271995996,-0.03538780614212919
2,short_lt500,28,2.6756756756756754,-0.050888243596916016,-0.04244240664066862,-0.035290891893192705
2,short_lt500,28,2.674174174174174,-0.050794639010295545,-0.04235196460124263,-0.03519567911605462
2,short_lt500,28,2.6726726726726726,-0.050701426898421664,-0.04226189691876314,-0.03510189400397873
2,short_lt500,28,2.671171171171171,-0.05060878539986138,-0.04217246508909078,-0.03500921197242554
2,short_lt500,28,2.66966966966967,-0.050516856784658365,-0.04208372894013346,-0.03491729465209961
2,short_lt500,28,2.668168168168168,-0.05042566312504715,-0.041995740218256306,-0.03482580300960103
2,short_lt500,28,2.6666666666666665,-0.05033511571647495,-0.041908462969554694,-0.03473438241340854
2,short_lt500,28,2.665165165165165,-0.05024495697591097,-0.04182160036703053,-0.034642581604861084
2,short_lt500,28,2.6636636636636637,-0.050154903557453695,-0.041734685964578466,-0.03455019334206025
2,short_lt500,28,2.6621621621621623,-0.050064672115201686,-0.041647242799624784,-0.03445723356612218
2,short_lt500,28,2.6606606606606604,-0.04997399584790546,-0.04155920802166485,-0.034363688392799685
2,short_lt500,28,2.659159159159159,-0.04988275348528484,-0.04147069201307135,-0.034269525765780656
2,short_lt500,28,2.6576576576576576,-0.049791021408134684,-0.04138180765971422,-0.0341747134904021
2,short_lt500,28,2.656156156156156,-0.049699000506665564,-0.04129273503968678,-0.03407926573437278
2,short_lt500,28,2.6546546546546548,-0.04960699642796265,-0.04120378203833458,-0.03398336095809387
2,short_lt500,28,2.653153153153153,-0.049515320286784015,-0.04111539746159443,-0.03388722031058794
2,short_lt500,28,2.6516516516516515,-0.04942428277589789,-0.04102787277599873,-0.03379109318760973
2,short_lt500,28,2.65015015015015,-0.049334135522941164,-0.040941064226447665,-0.03369532415504192
2,short_lt500,28,2.6486486486486487,-0.049244903204053475,-0.040854764497708085,-0.033600276632201026
2,short_lt500,28,2.6471471471471473,-0.04915643624123056,-0.04076877207931856,-0.033506313124288895
2,short_lt500,28,2.6456456456456454,-0.04906861438066701,-0.04068293432422221,-0.03341372397689771
2,short_lt500,28,2.644144144144144,-0.04898134989435496,-0.040597040369165616,-0.03332261864941752
2,short_lt500,28,2.6426426426426426,-0.04889455570065451,-0.04051078625651805,-0.03323297319091023
2,short_lt500,28,2.641141141141141,-0.0488081479851907,-0.0404241536931943,-0.03314468011772806
2,short_lt500,28,2.6396396396396398,-0.04872213347249915,-0.04033742389652595,-0.033057534036266156
2,short_lt500,28,2.638138138138138,-0.048636750974014265,-0.04025089147425681,-0.03297132208255704
2,short_lt500,28,2.6366366366366365,-0.0485522417014389,-0.040164804997759374,-0.032885834217738386
2,short_lt500,28,2.635135135135135,-0.048468462134532486,-0.04007926685927721,-0.032753412866772275
2,short_lt500,28,2.6336336336336337,-0.0483836727067079,-0.03999444701054505,-0.03259366638997446
2,short_lt500,28,2.6321321321321323,-0.04829878580357441,-0.03991056760354711,-0.0324726477245145
2,short_lt500,28,2.6306306306306304,-0.04821364548807583,-0.03982763262527339,-0.032368426279424795
2,short_lt500,28,2.629129129129129,-0.04812788069242291,-0.03974550892347917,-0.032271135760201936
2,short_lt500,28,2.6276276276276276,-0.04804107514278974,-0.03966406395550165,-0.03218363133871516
2,short_lt500,28,2.626126126126126,-0.047953090825413075,-0.039583254874581086,-0.03210688061408676
2,short_lt500,28,2.6246246246246248,-0.047864328008154405,-0.039503130951260235,-0.03203853929464809
2,short_lt500,28,2.623123123123123,-0.0477752392912732,-0.039423607245479886,-0.03199364515728395
2,short_lt500,28,2.6216216216216215,-0.04768627724894406,-0.039344504731659014,-0.031986217939289574
2,short_lt500,28,2.62012012012012,-0.047597882716323786,-0.03926568205263009,-0.03195577517440604
2,short_lt500,28,2.6186186186186187,-0.04751047030458441,-0.03918702192840656,-0.031871380762690055
2,short_lt500,28,2.6171171171171173,-0.04742292333767015,-0.03910839912939623,-0.03178723687925422
2,short_lt500,28,2.6156156156156154,-0.047333758208808835,-0.0390295948953413,-0.031703391801634284
2,short_lt500,28,2.614114114114114,-0.047244816439567516,-0.0389504264353705,-0.031619862455851744
2,short_lt500,28,2.6126126126126126,-0.04715593582432298,-0.03887090652733133,-0.03153665565225111
2,short_lt500,28,2.611111111111111,-0.047066958359902766,-0.03879113897260689,-0.03145378016964834
2,short_lt500,28,2.6096096096096097,-0.04697785751080574,-0.03871123512310626,-0.03137125124837831
2,short_lt500,28,2.608108108108108,-0.04688875093167047,-0.03863130333370918,-0.03128908479258358
2,short_lt500,28,2.6066066066066065,-0.04679973918743377,-0.03855147192299779,-0.031207297118368116
2,short_lt500,28,2.605105105105105,-0.04671100882237622,-0.038471958972494835,-0.031125913617858325
2,short_lt500,28,2.6036036036036037,-0.0466227821193578,-0.03839286709059475,-0.031044922438767386
2,short_lt500,28,2.6021021021021022,-0.04653528143168881,-0.038314181429561445,-0.03096425006814585
2,short_lt500,28,2.6006006006006004,-0.04644870697138245,-0.03823594731108648,-0.0308838352114858
2,short_lt500,28,2.599099099099099,-0.04636306501479215,-0.03815825601256417,-0.030803630854603636
2,short_lt500,28,2.5975975975975976,-0.04627821871437643,-0.038081200162587314,-0.030723590454127203
2,short_lt500,28,2.596096096096096,-0.04619392792817609,-0.03800483144376815,-0.03064367023948439
2,short_lt500,28,2.5945945945945947,-0.04610990253833974,-0.037929117754696984,-0.030563862430582567
2,short_lt500,28,2.593093093093093,-0.046025846368626194,-0.03785411184784704,-0.030484288088011124
2,short_lt500,28,2.5915915915915915,-0.045941463247782144,-0.03777980994163582,-0.03040513587715038
2,short_lt500,28,2.59009009009009,-0.0458565209633118,-0.03770595173572394,-0.03032657521829618
2,short_lt500,28,2.5885885885885886,-0.045771014706536994,-0.03763221029028957,-0.030248766728292686
2,short_lt500,28,2.5870870870870872,-0.04568511234377337,-0.03755826133132023,-0.030171870988012217
2,short_lt500,28,2.5855855855855854,-0.045599140644065866,-0.03748385170586355,-0.030096036717245256
2,short_lt500,28,2.584084084084084,-0.04551344283304881,-0.03740878216002108,-0.030021294980732693
2,short_lt500,28,2.5825825825825826,-0.04542836247041923,-0.037332810384646586,-0.029947383821144424
2,short_lt500,28,2.581081081081081,-0.04534402133684465,-0.03725595114553415,-0.029873961649503622
2,short_lt500,28,2.5795795795795797,-0.04526042283588033,-0.03717860994373151,-0.02980068411522291
2,short_lt500,28,2.578078078078078,-0.04517778221801566,-0.03710123458933173,-0.02972720638243387
2,short_lt500,28,2.5765765765765765,-0.04509587477698038,-0.03702426230380401,-0.02965318363384528
2,short_lt500,28,2.575075075075075,-0.04501441895681493,-0.036948028777278874,-0.029578293630962815
2,short_lt500,28,2.5735735735735736,-0.044933131846626756,-0.03687285344701996,-0.02950242430029837
2,short_lt500,28,2.5720720720720722,-0.04485173053552366,-0.03679908555091538,-0.02942580450497506
2,short_lt500,28,2.5705705705705704,-0.044769945487337176,-0.03672674613029836,-0.02934875135210524
2,short_lt500,28,2.569069069069069,-0.04468779763644859,-0.03665547058527108,-0.02927162873499123
2,short_lt500,28,2.5675675675675675,-0.04460555742249053,-0.03658486643478526,-0.029194803057718932
2,short_lt500,28,2.566066066066066,-0.0445234540644579,-0.03651457091157534,-0.029118639233915056
2,short_lt500,28,2.5645645645645647,-0.044441706877412,-0.03644433570550892,-0.029043443581112993
2,short_lt500,28,2.563063063063063,-0.04436053517429692,-0.03637390140655089,-0.028969337406408946
2,short_lt500,28,2.5615615615615615,-0.04428015826805701,-0.03630299680215604,-0.028896349133760546
2,short_lt500,28,2.56006006006006,-0.04420074568814361,-0.036231616941639844,-0.028824395225868715
2,short_lt500,28,2.5585585585585586,-0.04412216078248862,-0.036160012721370816,-0.028753339128033573
2,short_lt500,28,2.557057057057057,-0.04404420901988418,-0.03608844570781378,-0.0286830439774603
2,short_lt500,28,2.5555555555555554,-0.043966782076523964,-0.036017154135151,-0.028613380229567664
2,short_lt500,28,2.554054054054054,-0.04388978122782619,-0.03594633160948102,-0.028544268777486892
2,short_lt500,28,2.5525525525525525,-0.04381310774920871,-0.03587613765363723,-0.028475512109765067
2,short_lt500,28,2.551051051051051,-0.04373666306739407,-0.03580671585861839,-0.02840684584901426
2,short_lt500,28,2.5495495495495497,-0.04366041744974361,-0.035738020459509356,-0.028338111911284936
2,short_lt500,28,2.548048048048048,-0.04358450739509226,-0.035669865267171974,-0.028269170987118952
2,short_lt500,28,2.5465465465465464,-0.043508960980555816,-0.03560205986383541,-0.02819988376247945
2,short_lt500,28,2.545045045045045,-0.04343364930419419,-0.035534386319566624,-0.02813010423513823
2,short_lt500,28,2.5435435435435436,-0.043358433410365604,-0.03546665597532861,-0.028059745510761347
2,short_lt500,28,2.542042042042042,-0.04328317434342829,-0.035398786594951936,-0.027989034528655365
2,short_lt500,28,2.5405405405405403,-0.0432077320571162,-0.035330730853672,-0.027918254605426573
2,short_lt500,28,2.539039039039039,-0.04313191737704919,-0.035262585993404205,-0.02784765439317427
2,short_lt500,28,2.5375375375375375,-0.04305549622492408,-0.03519449192716234,-0.02777748021783566
2,short_lt500,28,2.536036036036036,-0.04297848321822656,-0.035126591340701285,-0.027707978386126375
2,short_lt500,28,2.5345345345345347,-0.04290109985513782,-0.03505904263980847,-0.027639393570779103
2,short_lt500,28,2.533033033033033,-0.04282357409594559,-0.03499192176333821,-0.02757186479091056
2,short_lt500,28,2.5315315315315314,-0.0427461339009379,-0.03492522210223947,-0.02750526546919757
2,short_lt500,28,2.53003003003003,-0.04266901135291104,-0.03485891191106172,-0.027439414277981522
2,short_lt500,28,2.5285285285285286,-0.04259249365950285,-0.034792892949787935,-0.02737412308583176
2,short_lt500,28,2.527027027027027,-0.04251685477928574,-0.03472705772072282,-0.027309203694462714
2,short_lt500,28,2.5255255255255253,-0.042442193439109765,-0.03466131043232268,-0.02724446676851433
2,short_lt500,28,2.524024024024024,-0.0423685499313744,-0.034595597757566154,-0.02717970494602634
2,short_lt500,28,2.5225225225225225,-0.042295964500454,-0.03452994115631436,-0.027114773645812884
2,short_lt500,28,2.521021021021021,-0.04222447739072288,-0.03446440134775686,-0.027049699856584897
2,short_lt500,28,2.5195195195195197,-0.042154116255531254,-0.03439908201069419,-0.026984575551697254
2,short_lt500,28,2.518018018018018,-0.042084863930698824,-0.03433412363998656,-0.0269195050358772
2,short_lt500,28,2.5165165165165164,-0.04201666093729792,-0.03426966803055076,-0.026854592614154404
2,short_lt500,28,2.515015015015015,-0.04194929480637968,-0.034205790306263695,-0.026789945525867886
2,short_lt500,28,2.5135135135135136,-0.04188253327416808,-0.03414244893215501,-0.02672569237632172
2,short_lt500,28,2.512012012012012,-0.04181614407688766,-0.034079562774780525,-0.026661915802452585
2,short_lt500,28,2.5105105105105103,-0.04174989495076273,-0.034017010670642556,-0.026598590021991553
2,short_lt500,28,2.509009009009009,-0.04168353017133536,-0.03395454441080381,-0.02653561777438629
2,short_lt500,28,2.5075075075075075,-0.041616631965448764,-0.03389186598814242,-0.02647289532216146
2,short_lt500,28,2.506006006006006,-0.04154888842219048,-0.033828694422406214,-0.026410318927841736
2,short_lt500,28,2.5045045045045047,-0.04148019507782355,-0.03376499450791093,-0.026347792762687394
2,short_lt500,28,2.503003003003003,-0.041410456188624434,-0.03370090463720854,-0.02628526725774477
2,short_lt500,28,2.5015015015015014,-0.04133957601086985,-0.03363655953461553,-0.026222735437812228
2,short_lt500,28,2.5,-0.04126746173963067,-0.0335721870080794,-0.026160281922618378
2,short_lt500,28,2.4984984984984986,-0.041194262248741315,-0.03350824226460969,-0.026099597834638222
2,short_lt500,28,2.496996996996997,-0.041120620536083674,-0.033445230265099934,-0.026039541035382474
2,short_lt500,28,2.4954954954954953,-0.041047188755188396,-0.03338359059356888,-0.025979878892540054
2,short_lt500,28,2.493993993993994,-0.04097456346977868,-0.03332338062251916,-0.025920563887840364
2,short_lt500,28,2.4924924924924925,-0.04090334046129976,-0.03326455795260497,-0.025861545372030004
2,short_lt500,28,2.490990990990991,-0.04083411551119698,-0.03320709956120316,-0.02580281551917818
2,short_lt500,28,2.4894894894894897,-0.040767440729254145,-0.03315084780690136,-0.02574437859894846
2,short_lt500,28,2.487987987987988,-0.04070327137213478,-0.033095435780220894,-0.025686247366333903
2,short_lt500,28,2.4864864864864864,-0.04064103393668897,-0.033040465998003365,-0.025628496594099492
2,short_lt500,28,2.484984984984985,-0.040579973229134925,-0.03298563322865833,-0.025571228582253136
2,short_lt500,28,2.4834834834834836,-0.04051928300412316,-0.03293084307573935,-0.02551455817368553
2,short_lt500,28,2.481981981981982,-0.04045815695356392,-0.03287595040592217,-0.0254585674320415
2,short_lt500,28,2.4804804804804803,-0.04039578876936617,-0.03282078893803153,-0.025403117675326492
2,short_lt500,28,2.478978978978979,-0.04033147161461198,-0.03276524316464946,-0.025348033806021908
2,short_lt500,28,2.4774774774774775,-0.0402651737291162,-0.03270927472515739,-0.025293135160595892
2,short_lt500,28,2.475975975975976,-0.04019728004634776,-0.03265285333911572,-0.025238203852636698
2,short_lt500,28,2.4744744744744747,-0.04012845288033068,-0.03259202552738438,-0.025183006696575305
2,short_lt500,28,2.472972972972973,-0.0400594002028859,-0.032530875070887255,-0.025127285686802725
2,short_lt500,28,2.4714714714714714,-0.039990829985833976,-0.03246976964646997,-0.025070947782474706
2,short_lt500,28,2.46996996996997,-0.03992345020099658,-0.03240898002097781,-0.025014196903973218
2,short_lt500,28,2.4684684684684686,-0.039857850525301275,-0.03234881638250642,-0.02495725606262783
2,short_lt500,28,2.466966966966967,-0.03979411120492027,-0.03228958432980811,-0.024900344546336328
2,short_lt500,28,2.4654654654654653,-0.03973204679539899,-0.03223138484055699,-0.024843670747807134
2,short_lt500,28,2.463963963963964,-0.0396712704462463,-0.03217411040126039,-0.024787441438031188
2,short_lt500,28,2.4624624624624625,-0.039611376411729404,-0.03211752932645584,-0.024731892623005514
2,short_lt500,28,2.460960960960961,-0.03955195894611668,-0.032061406635205625,-0.02467707881969816
2,short_lt500,28,2.4594594594594597,-0.03949261266732035,-0.03200550561278048,-0.024622857286449584
2,short_lt500,28,2.457957957957958,-0.03943305294477506,-0.03194949440842687,-0.02456908019697346
2,short_lt500,28,2.4564564564564564,-0.039373276576556204,-0.03189297694482629,-0.024515616515800365
2,short_lt500,28,2.454954954954955,-0.03931335061077307,-0.0318356859190323,-0.024462384520267832
2,short_lt500,28,2.4534534534534536,-0.039253381692657185,-0.03177756162205936,-0.024409309094093223
2,short_lt500,28,2.451951951951952,-0.039193477956873335,-0.03171863070947989,-0.024356287441275215
2,short_lt500,28,2.4504504504504503,-0.03913374753808513,-0.03165892004291104,-0.024303338111872408
2,short_lt500,28,2.448948948948949,-0.03907429284503433,-0.03159846061364979,-0.02425055145172772
2,short_lt500,28,2.4474474474474475,-0.039015019364370185,-0.0315374144575411,-0.02419801720114273
2,short_lt500,28,2.445945945945946,-0.03895561247241469,-0.03147610332186401,-0.02414579724880861
2,short_lt500,28,2.4444444444444446,-0.038895814650237726,-0.0314148515891699,-0.02409392063899768
2,short_lt500,28,2.442942942942943,-0.038835400416519616,-0.031353817923180705,-0.024042412244006883
2,short_lt500,28,2.4414414414414414,-0.038774144645712605,-0.03129312028902964,-0.023991246434881097
2,short_lt500,28,2.43993993993994,-0.0387118222122691,-0.031232876651850372,-0.023940311377526835
2,short_lt500,28,2.4384384384384385,-0.03864822692610276,-0.031173192245764092,-0.02388948459597834
2,short_lt500,28,2.436936936936937,-0.03858349069686279,-0.031114057649422433,-0.023838644542282073
2,short_lt500,28,2.4354354354354353,-0.03851802012694433,-0.03105529171311816,-0.02378767820589589
2,short_lt500,28,2.433933933933934,-0.03845214695326177,-0.03099664517127032,-0.023736477177573545
2,short_lt500,28,2.4324324324324325,-0.038386144315933846,-0.030937942676398267,-0.02368496390243069
2,short_lt500,28,2.4309309309309306,-0.03832028425742717,-0.030879018574565875,-0.02363320462517754
2,short_lt500,28,2.4294294294294296,-0.03825483882020736,-0.030819707211837133,-0.023581349524767425
2,short_lt500,28,2.4279279279279278,-0.03819002321411907,-0.030759846365705168,-0.023529554338819314
2,short_lt500,28,2.4264264264264264,-0.038125598832462526,-0.030699326090876222,-0.023477974887848252
2,short_lt500,28,2.424924924924925,-0.03806111942875923,-0.030638211956189765,-0.023426767776492663
2,short_lt500,28,2.423423423423423,-0.03799620246281138,-0.03057661669418743,-0.02337608940369018
2,short_lt500,28,2.421921921921922,-0.03793049228883133,-0.030514626793755273,-0.02332601278939156
2,short_lt500,28,2.4204204204204203,-0.03786363326584863,-0.03045232738268655,-0.02327638467767751
2,short_lt500,28,2.418918918918919,-0.03779526975289277,-0.030389803588774855,-0.023226956789143716
2,short_lt500,28,2.4174174174174174,-0.037725127053586605,-0.03032713545141197,-0.02317747649439078
2,short_lt500,28,2.4159159159159156,-0.037653335636742946,-0.03026427935466902,-0.02312769156503791
2,short_lt500,28,2.4144144144144146,-0.037580167472695714,-0.030200936629107278,-0.023077352733430534
2,short_lt500,28,2.4129129129129128,-0.037505852680960905,-0.030136718946670915,-0.02302621698245022
2,short_lt500,28,2.4114114114114114,-0.037430601478290415,-0.030071216163103487,-0.02297311574241956
2,short_lt500,28,2.40990990990991,-0.03735462408143586,-0.03000401803814179,-0.02291388128707783
2,short_lt500,28,2.408408408408408,-0.037278129630809786,-0.029934714331522505,-0.022853887540242313
2,short_lt500,28,2.406906906906907,-0.037201139222593604,-0.029862912291618304,-0.02279358373655016
2,short_lt500,28,2.4054054054054053,-0.03712326188829568,-0.02978847465601786,-0.022733408311748915
2,short_lt500,28,2.403903903903904,-0.037044082869315875,-0.029711574213678538,-0.02267377074699739
2,short_lt500,28,2.4024024024024024,-0.036963325895705224,-0.02963254666066817,-0.02261488327831218
2,short_lt500,28,2.4009009009009006,-0.036880743137166716,-0.029551750429919976,-0.022556630122225474
2,short_lt500,28,2.3993993993993996,-0.036796086763403346,-0.029469543766177497,-0.022498803379572663
2,short_lt500,28,2.3978978978978978,-0.03670912374022506,-0.029386284914183047,-0.022441178476090284
2,short_lt500,28,2.3963963963963963,-0.03661996286742125,-0.029302314843385413,-0.02238350958120522
2,short_lt500,28,2.394894894894895,-0.03652907058398297,-0.029217775302220028,-0.022325560382533638
2,short_lt500,28,2.393393393393393,-0.03643674902997124,-0.02913252333226579,-0.022267157468403243
2,short_lt500,28,2.391891891891892,-0.0363430154188491,-0.02904623333443923,-0.022208150926183556
2,short_lt500,28,2.3903903903903903,-0.03624785905289596,-0.02895857940550539,-0.022148455184439586
2,short_lt500,28,2.388888888888889,-0.03615126923439188,-0.02886923591116164,-0.022088014314195492
2,short_lt500,28,2.3873873873873874,-0.03605317828353122,-0.02877787721574454,-0.022026789724388984
2,short_lt500,28,2.3858858858858856,-0.035953103352610094,-0.02868417656549971,-0.021964754157772715
2,short_lt500,28,2.3843843843843846,-0.03585038280989944,-0.02858784782673085,-0.02190186285893586
2,short_lt500,28,2.3828828828828827,-0.03574466924352698,-0.028488785026755892,-0.021838041910876294
2,short_lt500,28,2.3813813813813813,-0.03563586419841941,-0.02838702273424376,-0.021773297716216278
2,short_lt500,28,2.37987987987988,-0.03552387746953917,-0.028282605472788158,-0.02170762318259062
2,short_lt500,28,2.378378378378378,-0.035408619088761195,-0.02817557784426339,-0.021645011334351538
2,short_lt500,28,2.376876876876877,-0.03529008359552355,-0.02806598497863655,-0.021584467856606504
2,short_lt500,28,2.3753753753753752,-0.035168535878200735,-0.027953890269268422,-0.021523278105106014
2,short_lt500,28,2.373873873873874,-0.035044275431476535,-0.027870732561451006,-0.021461327259638063
2,short_lt500,28,2.3723723723723724,-0.03491739436958469,-0.027789612396634578,-0.021398542087925965
2,short_lt500,28,2.3708708708708706,-0.03478785375841437,-0.027706712786810916,-0.021334863416873462
2,short_lt500,28,2.3693693693693696,-0.03465561060660588,-0.02762185665029937,-0.02127032606069107
2,short_lt500,28,2.3678678678678677,-0.03452062416752588,-0.02753496158864066,-0.021204970268571544
2,short_lt500,28,2.3663663663663663,-0.0343829223897979,-0.027445950521180373,-0.0211387863314495
2,short_lt500,28,2.364864864864865,-0.03424259786529843,-0.027354782595577443,-0.021071749115652683
2,short_lt500,28,2.363363363363363,-0.03409977658802332,-0.02726149459027838,-0.021003830532654644
2,short_lt500,28,2.361861861861862,-0.033954674831134624,-0.027166145190742896,-0.020935025596164725
2,short_lt500,28,2.3603603603603602,-0.03380752930099834,-0.027068830323998982,-0.020865298690966483
2,short_lt500,28,2.358858858858859,-0.03365857680845391,-0.02696963301375277,-0.02077446523046314
2,short_lt500,28,2.3573573573573574,-0.033508049903380965,-0.026845196925295634,-0.02068089794728062
2,short_lt500,28,2.3558558558558556,-0.03335616789311807,-0.02671032166100651,-0.02058491501022039
2,short_lt500,28,2.3543543543543546,-0.033203171553133015,-0.02657622862352449,-0.02048645814899147
2,short_lt500,28,2.3528528528528527,-0.03304925375682666,-0.026443121119232305,-0.020385513269424754
2,short_lt500,28,2.3513513513513513,-0.03289455397131319,-0.0263111755906823,-0.020282167163908904
2,short_lt500,28,2.34984984984985,-0.03273921126474394,-0.026180558558045575,-0.020176638823434956
2,short_lt500,28,2.348348348348348,-0.03258336470527057,-0.026051385004683625,-0.020069172049442946
2,short_lt500,28,2.346846846846847,-0.03242718101341252,-0.025923752398065103,-0.019959980209692862
2,short_lt500,28,2.3453453453453452,-0.032270930376923024,-0.025797690331634482,-0.019849235930157888
2,short_lt500,28,2.343843843843844,-0.0321148990145973,-0.025672988340542546,-0.019737108989033497
2,short_lt500,28,2.3423423423423424,-0.031959436550589304,-0.025549397960499376,-0.0196237581596852
2,short_lt500,28,2.3408408408408405,-0.03180497474627203,-0.025426679692889365,-0.01950924260117992
2,short_lt500,28,2.3393393393393396,-0.03165195076852467,-0.02530463927233917,-0.019402759479966808
2,short_lt500,28,2.3378378378378377,-0.03150080115651033,-0.025183260375200134,-0.01930450097967301
2,short_lt500,28,2.3363363363363363,-0.03135189463566895,-0.025062566571221967,-0.019226953123150453
2,short_lt500,28,2.334834834834835,-0.03120548211817159,-0.02494260367776513,-0.019148538901620604
2,short_lt500,28,2.333333333333333,-0.031061801531459543,-0.024823468806337456,-0.019072917748799878
2,short_lt500,28,2.331831831831832,-0.030921024279673803,-0.024705274753398232,-0.01899879460457915
2,short_lt500,28,2.33033033033033,-0.030783242623191487,-0.024588143328623246,-0.01892387503049614
2,short_lt500,28,2.328828828828829,-0.030648539756331417,-0.0244721304017812,-0.018848238990125277
2,short_lt500,28,2.3273273273273274,-0.0305169947433383,-0.024357165455095364,-0.01877197750270526
2,short_lt500,28,2.3258258258258255,-0.030388551474715753,-0.024243165365945174,-0.018695174228890332
2,short_lt500,28,2.3243243243243246,-0.03026296743994683,-0.024130101836326245,-0.01861791282933406
2,short_lt500,28,2.3228228228228227,-0.030139983634422773,-0.02401800108648733,-0.018540276964690572
2,short_lt500,28,2.3213213213213213,-0.030019361999581495,-0.023906883685723024,-0.018462329366374763
2,short_lt500,28,2.31981981981982,-0.029900918614012784,-0.02379678186575207,-0.01838408978330125
2,short_lt500,28,2.318318318318318,-0.029784481356271264,-0.023687813149512293,-0.01830559550678812
2,short_lt500,28,2.316816816816817,-0.029669885607522706,-0.023580137795275458,-0.018220667327485507
2,short_lt500,28,2.315315315315315,-0.02955709896163572,-0.02347391222208217,-0.01811922609155653
2,short_lt500,28,2.313813813813814,-0.02944620261715153,-0.023369233203368478,-0.01801748215420007
2,short_lt500,28,2.3123123123123124,-0.029337284966087396,-0.02326615873938076,-0.017927923296829074
2,short_lt500,28,2.3108108108108105,-0.02923046581561206,-0.02316475741936852,-0.017838221908325402
2,short_lt500,28,2.3093093093093096,-0.0291258790532129,-0.02306507295431992,-0.017748306881422538
2,short_lt500,28,2.3078078078078077,-0.02902365813465646,-0.022967115366728796,-0.017658330424864033
2,short_lt500,28,2.3063063063063063,-0.02892391534387545,-0.02286324384891425,-0.01756862325645442
2,short_lt500,28,2.304804804804805,-0.028826610983623324,-0.022753103808802577,-0.017479241556451197
2,short_lt500,28,2.303303303303303,-0.028731644460701478,-0.02264447526830149,-0.017390164246230744
2,short_lt500,28,2.301801801801802,-0.028638913691170775,-0.022537383598320693,-0.017301369203094774
2,short_lt500,28,2.3003003003003,-0.028548250540495368,-0.02243185769034406,-0.01721285331272232
2,short_lt500,28,2.298798798798799,-0.028459371517355725,-0.0223279521908869,-0.01712467298509457
2,short_lt500,28,2.2972972972972974,-0.028371978098356287,-0.022225703440473366,-0.017036744894589506
2,short_lt500,28,2.2957957957957955,-0.028285804491158584,-0.022125138485950435,-0.01696324775968816
2,short_lt500,28,2.2942942942942945,-0.028200744075020823,-0.02202627841808813,-0.01689485971889082
2,short_lt500,28,2.2927927927927927,-0.028116738280742126,-0.02192911205711978,-0.01682646899164042
2,short_lt500,28,2.2912912912912913,-0.02803372857822145,-0.02183361734485323,-0.016758320796368353
2,short_lt500,28,2.28978978978979,-0.027951689018286652,-0.021739773720432343,-0.016690597084615177
2,short_lt500,28,2.288288288288288,-0.027870775779249957,-0.02164765018456305,-0.016623260319890143
2,short_lt500,28,2.286786786786787,-0.027791218477487722,-0.02155735148796356,-0.016556248210254476
2,short_lt500,28,2.285285285285285,-0.027713194260508833,-0.02146892847527271,-0.016489529995100227
2,short_lt500,28,2.2837837837837838,-0.027636728572815905,-0.02138239611066528,-0.016405450653745823
2,short_lt500,28,2.2822822822822824,-0.027561819905067564,-0.0212976966161319,-0.01631790717236775
2,short_lt500,28,2.2807807807807805,-0.027488466747777274,-0.02121476323872129,-0.016231327303569243
2,short_lt500,28,2.2792792792792795,-0.02741665689143985,-0.021133518066734358,-0.01614561084508942
2,short_lt500,28,2.2777777777777777,-0.027346239174347364,-0.02105370950989016,-0.016060730801253753
2,short_lt500,28,2.2762762762762763,-0.027276959995546024,-0.0209750741857736,-0.015976654587127603
2,short_lt500,28,2.274774774774775,-0.027208632387353104,-0.020897402211284444,-0.015893354257681958
2,short_lt500,28,2.273273273273273,-0.02714122507053157,-0.020820588172466348,-0.015810854948969777
2,short_lt500,28,2.271771771771772,-0.02707472814335138,-0.020744643063599688,-0.01572919590865679
2,short_lt500,28,2.27027027027027,-0.027009131704082756,-0.020669583985436946,-0.015648415776295943
2,short_lt500,28,2.2687687687687688,-0.026944424905717412,-0.020595441037217888,-0.015568577341082523
2,short_lt500,28,2.2672672672672673,-0.026880612028411854,-0.020522416366388962,-0.01548979906255632
2,short_lt500,28,2.2657657657657655,-0.0268177534739944,-0.02045075714946143,-0.015412177408863803
2,short_lt500,28,2.2642642642642645,-0.02675585456376156,-0.0203806207435574,-0.015335788186550847
2,short_lt500,28,2.2627627627627627,-0.026694822349549285,-0.02031199073366985,-0.015260664510366506
2,short_lt500,28,2.2612612612612613,-0.026634555007247374,-0.020244692946247422,-0.015186824547548106
2,short_lt500,28,2.25975975975976,-0.02657495071274596,-0.020178547282682313,-0.015114276869298171
2,short_lt500,28,2.258258258258258,-0.02651591440814527,-0.020113356518697056,-0.01504291508035338
2,short_lt500,28,2.256756756756757,-0.026457409290946143,-0.02004881193587582,-0.01497251346108025
2,short_lt500,28,2.255255255255255,-0.026399459810138415,-0.019984570436821336,-0.014902850809466406
2,short_lt500,28,2.2537537537537538,-0.0263421232863858,-0.019920424108895052,-0.014833717396447954
2,short_lt500,28,2.2522522522522523,-0.026285486182928586,-0.01985650762059188,-0.014764935330725482
2,short_lt500,28,2.2507507507507505,-0.026229636691791736,-0.01979310426518066,-0.01469636087453996
2,short_lt500,28,2.2492492492492495,-0.026174663004999765,-0.01973049818519501,-0.01462787802261556
2,short_lt500,28,2.2477477477477477,-0.026120652534108224,-0.019668981911660777,-0.014559625368234297
2,short_lt500,28,2.2462462462462462,-0.02606765722989257,-0.019608876345984405,-0.014491881165497267
2,short_lt500,28,2.244744744744745,-0.026015611593934174,-0.019550466627127228,-0.014424869953147512
2,short_lt500,28,2.243243243243243,-0.025964448092601733,-0.019493871437927468,-0.014358805529152363
2,short_lt500,28,2.241741741741742,-0.02591416158751675,-0.01943885438297621,-0.014293886418203394
2,short_lt500,28,2.24024024024024,-0.02586475133613192,-0.019385085874807695,-0.014230276213594462
2,short_lt500,28,2.2387387387387387,-0.0258162165958995,-0.01933223633417336,-0.01416808895764321
2,short_lt500,28,2.2372372372372373,-0.025768556628544492,-0.019279998078953753,-0.01410715521489686
2,short_lt500,28,2.2357357357357355,-0.025721787280821418,-0.019228129558669704,-0.0140472646194163
2,short_lt500,28,2.2342342342342345,-0.025675986238444415,-0.01917642957542498,-0.013988280344013782
2,short_lt500,28,2.2327327327327327,-0.025631100324606082,-0.019124851278717436,-0.013930069367138254
2,short_lt500,28,2.2312312312312312,-0.025586969467618736,-0.01907353349530927,-0.013872509295729696
2,short_lt500,28,2.22972972972973,-0.0255434315611045,-0.01902263550258021,-0.013815510500332029
2,short_lt500,28,2.228228228228228,-0.025500324498686777,-0.018972316545266432,-0.013759047331621421
2,short_lt500,28,2.226726726726727,-0.02545748617398752,-0.01892270063740009,-0.013703269824479891
2,short_lt500,28,2.225225225225225,-0.025414748977409696,-0.018873809490526083,-0.013648277853918533
2,short_lt500,28,2.2237237237237237,-0.025371922838882455,-0.018825646211212854,-0.01359409661047023
2,short_lt500,28,2.2222222222222223,-0.02532902392501163,-0.018778213116487197,-0.013540741816931823
2,short_lt500,28,2.2207207207207205,-0.025286182162440718,-0.018731513279948264,-0.013488228615180953
2,short_lt500,28,2.2192192192192195,-0.025243528254754566,-0.018685549936807377,-0.013436545733500505
2,short_lt500,28,2.2177177177177176,-0.025201192905538294,-0.018640327030113202,-0.013385602557772325
2,short_lt500,28,2.2162162162162162,-0.025159306818376748,-0.018595876316727322,-0.013335185242084546
2,short_lt500,28,2.214714714714715,-0.025118001623447128,-0.018552265857190053,-0.013285145775796647
2,short_lt500,28,2.213213213213213,-0.025077439693343473,-0.01850956348833499,-0.013235378449873325
2,short_lt500,28,2.211711711711712,-0.025037647659924944,-0.018467740298062307,-0.013185796711769948
2,short_lt500,28,2.21021021021021,-0.024998524084792806,-0.018426643192982595,-0.013136322507449505
2,short_lt500,28,2.2087087087087087,-0.024959965260484884,-0.018386110742303785,-0.013086912607002843
2,short_lt500,28,2.2072072072072073,-0.024921867479538062,-0.018345981487134955,-0.01303765979509719
2,short_lt500,28,2.2057057057057055,-0.02488412703449,-0.018306093050709404,-0.012988855054478554
2,short_lt500,28,2.2042042042042045,-0.024846639097540812,-0.018266281956028196,-0.012940741082826335
2,short_lt500,28,2.2027027027027026,-0.02480925154289132,-0.01822638534093457,-0.012893536159797547
2,short_lt500,28,2.201201201201201,-0.02477190322691636,-0.018186307548551772,-0.012847425576133054
2,short_lt500,28,2.1996996996997,-0.024734680827275646,-0.018146133040541135,-0.012804380793909664
2,short_lt500,28,2.198198198198198,-0.0246976764679272,-0.018105983745973164,-0.012763930872270068
2,short_lt500,28,2.196696696696697,-0.024660982272827703,-0.018065981708906498,-0.012724344874696758
2,short_lt500,28,2.195195195195195,-0.024624690365935342,-0.018026263025693434,-0.012685407879296728
2,short_lt500,28,2.1936936936936937,-0.024588892679383745,-0.017986991303585387,-0.012646986063907961
2,short_lt500,28,2.1921921921921923,-0.02455368541203945,-0.01794833277884056,-0.012608956761501977
2,short_lt500,28,2.1906906906906904,-0.024519045607848733,-0.01791040034467173,-0.012571205991637524
2,short_lt500,28,2.1891891891891895,-0.02448487625828316,-0.017873181741572375,-0.012533628870466162
2,short_lt500,28,2.1876876876876876,-0.024451080216553456,-0.01783662909050221,-0.01249612631498559
2,short_lt500,28,2.186186186186186,-0.02441756033688469,-0.017800692790993833,-0.01245867592295996
2,short_lt500,28,2.184684684684685,-0.024384219473502722,-0.017765301521297183,-0.012421313053216754
2,short_lt500,28,2.183183183183183,-0.02435096153440436,-0.017730361690517005,-0.012384076511589459
2,short_lt500,28,2.181681681681682,-0.024317721080762744,-0.017695779739621442,-0.012347005552142354
2,short_lt500,28,2.18018018018018,-0.024284534932454638,-0.017661503911344134,-0.012310139361234707
2,short_lt500,28,2.1786786786786787,-0.024251472708668065,-0.017627538808825394,-0.012273516210218827
2,short_lt500,28,2.1771771771771773,-0.024218605111935576,-0.017593910746770525,-0.012237175361524355
2,short_lt500,28,2.1756756756756754,-0.024186002844789167,-0.017560661102699937,-0.012201134106513523
2,short_lt500,28,2.1741741741741745,-0.024153736609761,-0.017527825131231634,-0.012165399348455674
2,short_lt500,28,2.1726726726726726,-0.024121877682465598,-0.017495431845162,-0.012130015750770773
2,short_lt500,28,2.171171171171171,-0.024090491225916277,-0.017463504804159036,-0.012095034601059429
2,short_lt500,28,2.16966966966967,-0.024059565581418085,-0.01743201268792216,-0.012060506616135058
2,short_lt500,28,2.168168168168168,-0.02402904237318476,-0.017400891575027555,-0.012026478315282307
2,short_lt500,28,2.166666666666667,-0.02399886037904586,-0.01737007326862372,-0.011993000899214457
2,short_lt500,28,2.165165165165165,-0.02396895837616042,-0.017339489424213816,-0.011960164442450294
2,short_lt500,28,2.1636636636636637,-0.023939275141686867,-0.017309101428323315,-0.011928016537370911
2,short_lt500,28,2.1621621621621623,-0.023909748305172507,-0.01727888385446985,-0.011896513739724668
2,short_lt500,28,2.1606606606606604,-0.02388031729565987,-0.01724881981068438,-0.01186560442404816
2,short_lt500,28,2.1591591591591595,-0.023851008373988625,-0.01721893088195181,-0.011835236702712304
2,short_lt500,28,2.1576576576576576,-0.023821895917607805,-0.017189245389320873,-0.011798602194513286
2,short_lt500,28,2.156156156156156,-0.02379305519123137,-0.01715978553712083,-0.01175961953395388
2,short_lt500,28,2.1546546546546548,-0.023764561454919064,-0.0171305785371898,-0.011721499609631869
2,short_lt500,28,2.153153153153153,-0.0237364899687309,-0.017101636290172917,-0.011684115949628426
2,short_lt500,28,2.151651651651652,-0.02370891882061582,-0.01707295944985976,-0.011647280728637743
2,short_lt500,28,2.15015015015015,-0.023681940141330682,-0.017044550908153044,-0.011610799758176749
2,short_lt500,28,2.1486486486486487,-0.023655556729653637,-0.017016423586192708,-0.011574478624273243
2,short_lt500,28,2.1471471471471473,-0.023629667838619528,-0.016988593027799648,-0.01153863967912877
2,short_lt500,28,2.1456456456456454,-0.023604175444050524,-0.016961073335015175,-0.011504624225923465
2,short_lt500,28,2.1441441441441444,-0.023578982794007275,-0.016933863980064356,-0.011470406578653947
2,short_lt500,28,2.1426426426426426,-0.023553993132111817,-0.01690695714495427,-0.01143585241507128
2,short_lt500,28,2.141141141141141,-0.023529098012660066,-0.016880341715808544,-0.011400971435660101
2,short_lt500,28,2.1396396396396398,-0.023504153305666853,-0.01685398918551706,-0.011365931189508405
2,short_lt500,28,2.138138138138138,-0.023479084085688218,-0.01682783393809728,-0.01133090745866644
2,short_lt500,28,2.136636636636637,-0.023453951351285862,-0.01680180554723454,-0.011301571133879917
2,short_lt500,28,2.135135135135135,-0.02342883298069065,-0.01677583606020505,-0.011275348260450402
2,short_lt500,28,2.1336336336336337,-0.023403797971825235,-0.016749888354039122,-0.011249357704553486
2,short_lt500,28,2.1321321321321323,-0.0233789146793969,-0.016723967822855013,-0.011223690329441038
2,short_lt500,28,2.1306306306306304,-0.02335425926833623,-0.016698093293553318,-0.011198391812806074
2,short_lt500,28,2.1291291291291294,-0.02332995806541871,-0.016672299264120838,-0.011173457717110424
2,short_lt500,28,2.1276276276276276,-0.023306138800363696,-0.016646698035730045,-0.011148870500036101
2,short_lt500,28,2.126126126126126,-0.0232828092738257,-0.016621426195783218,-0.011124608374650347
2,short_lt500,28,2.1246246246246248,-0.02325991124353055,-0.016596620339760726,-0.01110064841685926
2,short_lt500,28,2.123123123123123,-0.02323737975598056,-0.016572411285946997,-0.011076953268928824
2,short_lt500,28,2.121621621621622,-0.023215140832076153,-0.01654886497184993,-0.011053469434764818
2,short_lt500,28,2.12012012012012,-0.023193107132335633,-0.01652600350871869,-0.011030165354245391
2,short_lt500,28,2.1186186186186187,-0.0231711517247557,-0.016503813980209836,-0.011008671989878815
2,short_lt500,28,2.1171171171171173,-0.023149144270945332,-0.016482207565004736,-0.010987886997812668
2,short_lt500,28,2.1156156156156154,-0.023126996395338772,-0.016461085129097053,-0.01096733573359332
2,short_lt500,28,2.1141141141141144,-0.023104712672493144,-0.016440347538481004,-0.010946979865166628
2,short_lt500,28,2.1126126126126126,-0.023082397185835435,-0.016419904250313477,-0.010926805994401101
2,short_lt500,28,2.111111111111111,-0.023060175061359045,-0.01639972483223595,-0.010906824843604557
2,short_lt500,28,2.1096096096096097,-0.02303817324007601,-0.016379800636661335,-0.010887054460904433
2,short_lt500,28,2.108108108108108,-0.02301652678452054,-0.01636011324005604,-0.01086754760761166
2,short_lt500,28,2.106606606606607,-0.022995373558160725,-0.0163406413460897,-0.01084837191145277
2,short_lt500,28,2.105105105105105,-0.02297480401416807,-0.016321363256208588,-0.010829595057321173
2,short_lt500,28,2.1036036036036037,-0.02295478688821212,-0.016302257271542997,-0.010811285305521057
2,short_lt500,28,2.1021021021021022,-0.02293520074095784,-0.016283293452330483,-0.010793468996237676
2,short_lt500,28,2.1006006006006004,-0.02291590945083155,-0.01626438927843199,-0.010776122205810923
2,short_lt500,28,2.0990990990990994,-0.022896759533095,-0.01624544616831125,-0.010759218617372779
2,short_lt500,28,2.0975975975975976,-0.022877606218262403,-0.016226434531723455,-0.010742725956065291
2,short_lt500,28,2.096096096096096,-0.02285832096976148,-0.016207408507878274,-0.01072654607085144
2,short_lt500,28,2.0945945945945947,-0.02283891286834827,-0.016188431939236025,-0.010710539864139446
2,short_lt500,28,2.093093093093093,-0.0228194823031152,-0.01616956866618291,-0.01069457465011403
2,short_lt500,28,2.091591591591592,-0.02280012804317555,-0.016150883890043377,-0.010678585557444498
2,short_lt500,28,2.09009009009009,-0.02278094398081487,-0.01613248541655421,-0.010662548629100654
2,short_lt500,28,2.0885885885885886,-0.02276203472701749,-0.01611449707425039,-0.010646440636966903
2,short_lt500,28,2.0870870870870872,-0.022743489125072514,-0.01609694277761231,-0.010630254027758579
2,short_lt500,28,2.0855855855855854,-0.022725373880680078,-0.01607971496417082,-0.010613281142995312
2,short_lt500,28,2.0840840840840844,-0.02270762570715651,-0.01606268971687619,-0.010594367077267686
2,short_lt500,28,2.0825825825825826,-0.02269005706270444,-0.01604574311867868,-0.010576038053201176
2,short_lt500,28,2.081081081081081,-0.022672514520109655,-0.01602876320804092,-0.010558319145868078
2,short_lt500,28,2.0795795795795797,-0.02265489944953264,-0.016011642009916227,-0.01054121020776111
2,short_lt500,28,2.078078078078078,-0.022637112750322652,-0.015994247929312255,-0.01052465184105944
2,short_lt500,28,2.076576576576577,-0.022619056029164142,-0.01597826480683584,-0.010508484743845747
2,short_lt500,28,2.075075075075075,-0.022600690721443106,-0.015962515517321307,-0.010492539586021477
2,short_lt500,28,2.0735735735735736,-0.022582146336757425,-0.015946731181553098,-0.010476647057132582
2,short_lt500,28,2.0720720720720722,-0.022563624514479574,-0.015931083356703124,-0.010460647497498754
2,short_lt500,28,2.0705705705705704,-0.02254531954668837,-0.0159157906445333,-0.010444417191547484
2,short_lt500,28,2.0690690690690694,-0.02252739020104938,-0.01590099937835243,-0.010427864692105826
2,short_lt500,28,2.0675675675675675,-0.022509986178473662,-0.015886784428204792,-0.010410928075901826
2,short_lt500,28,2.066066066066066,-0.022493249349293698,-0.015873099139544267,-0.010393660057214926
2,short_lt500,28,2.0645645645645647,-0.022477243604199948,-0.01585981512193113,-0.010372431724857245
2,short_lt500,28,2.063063063063063,-0.02246185173362325,-0.015846802242247104,-0.010351180617398703
2,short_lt500,28,2.0615615615615615,-0.02244691057724807,-0.015833930126165185,-0.010330603229391944
2,short_lt500,28,2.06006006006006,-0.02243225707719837,-0.01582105076812912,-0.010310695713611706
2,short_lt500,28,2.0585585585585586,-0.022417734130822542,-0.015808004880790927,-0.010291376637891203
2,short_lt500,28,2.057057057057057,-0.02240319399500562,-0.015794703802497034,-0.010272545613602524
2,short_lt500,28,2.0555555555555554,-0.022388505811817616,-0.015781138877516532,-0.01025410043969699
2,short_lt500,28,2.054054054054054,-0.02237357573909421,-0.015767405156424164,-0.010235938915126142
2,short_lt500,28,2.0525525525525525,-0.02235843374991686,-0.015753609373763133,-0.010217958571107744
2,short_lt500,28,2.051051051051051,-0.022343190431374227,-0.015739858264076978,-0.010200054465379138
2,short_lt500,28,2.0495495495495497,-0.022327957829808953,-0.015726258564794038,-0.010182151682128993
2,short_lt500,28,2.048048048048048,-0.022312845521016256,-0.015712921632135335,-0.010164210694436404
2,short_lt500,28,2.0465465465465464,-0.022297951307313157,-0.015699958538055947,-0.010146194202735825
2,short_lt500,28,2.045045045045045,-0.022283362966378284,-0.0156874303515937,-0.010128078523228168
2,short_lt500,28,2.0435435435435436,-0.022269138284889634,-0.015675319102070873,-0.010109841104609663
2,short_lt500,28,2.042042042042042,-0.022255272622635935,-0.015663565440610427,-0.010091459439219741
2,short_lt500,28,2.0405405405405403,-0.022241711099115324,-0.015652109344688636,-0.010072917396911518
2,short_lt500,28,2.039039039039039,-0.022228395884791197,-0.015640890608603852,-0.010054244373580545
2,short_lt500,28,2.0375375375375375,-0.02221526915012806,-0.015629838246993488,-0.0100354942792098
2,short_lt500,28,2.036036036036036,-0.02220227083811055,-0.015618859303515253,-0.010016730319052314
2,short_lt500,28,2.0345345345345347,-0.022189335724279502,-0.015607824496465361,-0.009998018101028572
2,short_lt500,28,2.033033033033033,-0.022176419288195137,-0.015596645805973308,-0.009979416260242902
2,short_lt500,28,2.0315315315315314,-0.02216350093909769,-0.015585277060900182,-0.009960982778123462
2,short_lt500,28,2.03003003003003,-0.022150582809305208,-0.015573672973361541,-0.009942769217396397
2,short_lt500,28,2.0285285285285286,-0.022137668487597517,-0.015561788255472497,-0.00992477618620835
2,short_lt500,28,2.027027027027027,-0.022124761562753725,-0.015549577683305338,-0.009906979701917118
2,short_lt500,28,2.0255255255255253,-0.022111865649130757,-0.015537012490187796,-0.00988935559883436
2,short_lt500,28,2.024024024024024,-0.022098994823696594,-0.015524183606359765,-0.009871879275046402
2,short_lt500,28,2.0225225225225225,-0.022086163700906936,-0.015511254995334678,-0.009854527054872497
2,short_lt500,28,2.021021021021021,-0.02207336519039038,-0.01549835778229225,-0.009837281170819001
2,short_lt500,28,2.0195195195195197,-0.02206058779351938,-0.015485622357742201,-0.009820125050973794
2,short_lt500,28,2.018018018018018,-0.022047806387573476,-0.015473179202903031,-0.009803045817398881
2,short_lt500,28,2.0165165165165164,-0.02203499390775404,-0.015461158769719763,-0.009786036484439209
2,short_lt500,28,2.015015015015015,-0.02202212328926212,-0.015449683142442328,-0.009769090320957019
2,short_lt500,28,2.0135135135135136,-0.022009168340275054,-0.015438799700611572,-0.009752200595814053
2,short_lt500,28,2.012012012012012,-0.02199612742257423,-0.015428420271644705,-0.009735360577872332
2,short_lt500,28,2.0105105105105103,-0.02198302622960191,-0.015418437195109491,-0.009718563535994262
2,short_lt500,28,2.009009009009009,-0.021969891885389836,-0.015408742810573917,-0.009701802739041476
2,short_lt500,28,2.0075075075075075,-0.021956751513969863,-0.015399229457605856,-0.009685071455876104
2,short_lt500,28,2.006006006006006,-0.02194363223937401,-0.015389789475773408,-0.009668362955360055
2,short_lt500,28,2.0045045045045047,-0.02193056118563358,-0.015380315204644557,-0.009651670506355625
2,short_lt500,28,2.003003003003003,-0.021917565476781087,-0.015370698983787068,-0.00963498737772428
2,short_lt500,28,2.0015015015015014,-0.02190467223684789,-0.015360833152769149,-0.00961830683832876
2,short_lt500,28,2.0,-0.021891908589866005,-0.015350610051158564,-0.009601622157030754
2,middle_500_1000,8,3.5,-0.00010283488294392084,-2.646556055858749e-06,5.90352315554787e-05
2,middle_500_1000,8,3.4984984984984986,-0.00010576008142220721,2.590953355005956e-06,5.6964697040136384e-05
2,middle_500_1000,8,3.496996996996997,-0.00010996948499030168,8.046164297462175e-06,5.499076124881905e-05
2,middle_500_1000,8,3.4954954954954953,-0.00011391892111798372,1.3568765514746878e-05,5.219176318774305e-05
2,middle_500_1000,8,3.493993993993994,-0.00011814854737006458,1.900844575009213e-05,4.867407821714458e-05
2,middle_500_1000,8,3.4924924924924925,-0.00012256413130441355,2.4214893746734887e-05,4.521546693652727e-05
2,middle_500_1000,8,3.490990990990991,-8.623379240481547e-05,2.7573783933480348e-05,4.4072475812020515e-05
2,middle_500_1000,8,3.4894894894894897,-3.2515360478553064e-05,2.80168624153413e-05,4.6682543795442586e-05
2,middle_500_1000,8,3.487987987987988,-1.2129064910224553e-05,3.868385447269865e-05,5.113656408270705e-05
2,middle_500_1000,8,3.4864864864864864,-1.2631390611508743e-05,3.974111654552785e-05,6.070535213931255e-05
2,middle_500_1000,8,3.484984984984985,-1.520022785355871e-05,4.178796199308719e-05,6.5875342179292e-05
2,middle_500_1000,8,3.4834834834834836,-1.7089847815810983e-05,4.320587734606636e-05,6.801195969333303e-05
2,middle_500_1000,8,3.481981981981982,-1.8217659273001485e-05,4.419007333835073e-05,6.773214947408243e-05
2,middle_500_1000,8,3.4804804804804803,-1.8622245987121113e-05,4.4937929337361806e-05,6.556577922310551e-05
2,middle_500_1000,8,3.478978978978979,-1.8369201978183425e-05,4.564681978875308e-05,6.204351872249636e-05
2,middle_500_1000,8,3.4774774774774775,-1.76048663284491e-05,4.1424028164743394e-05,5.9091188176186534e-05
2,middle_500_1000,8,3.475975975975976,-1.6588782818037536e-05,2.9838494695337233e-05,6.195635637807771e-05
2,middle_500_1000,8,3.4744744744744747,-2.2760828761715598e-05,2.4637277460147348e-05,6.417709993560709e-05
2,middle_500_1000,8,3.472972972972973,-3.3835292012442835e-05,2.531588712758657e-05,6.58630219617047e-05
2,middle_500_1000,8,3.4714714714714714,-3.983990897530393e-05,2.626913044227779e-05,6.738496179812136e-05
2,middle_500_1000,8,3.46996996996997,-3.8783586742381174e-05,2.7291239682922523e-05,6.818394709918953e-05
2,middle_500_1000,8,3.4684684684684686,-2.8666443743845752e-05,2.8176447128221854e-05,6.803917776610703e-05
2,middle_500_1000,8,3.466966966966967,-1.4280699481140766e-05,3.326630592574001e-05,6.706023996082672e-05
2,middle_500_1000,8,3.4654654654654653,-1.4769375902440557e-05,5.014670718689356e-05,7.431200525882533e-05
2,middle_500_1000,8,3.463963963963964,-1.5280984254539744e-05,4.798561469081925e-05,9.203951600739123e-05
2,middle_500_1000,8,3.4624624624624625,-1.5724110991050796e-05,4.541364432805034e-05,0.00010626362892921288
2,middle_500_1000,8,3.460960960960961,-1.605909325059555e-05,4.2692921074905736e-05,0.00010811769900792567
2,middle_500_1000,8,3.4594594594594597,-1.632516310828071e-05,4.0085650368654907e-05,0.00010966023974748288
2,middle_500_1000,8,3.457957957957958,-1.6568194886266963e-05,3.785403764656662e-05,0.00011081532229180086
2,middle_500_1000,8,3.4564564564564564,-1.6846125253298965e-05,3.6240084736477104e-05,0.00011159294046456493
2,middle_500_1000,8,3.454954954954955,-1.7289967286983777e-05,3.534640386792777e-05,0.00011202033494574725
2,middle_500_1000,8,3.4534534534534536,-1.7952224689214913e-05,3.510717129555135e-05,0.00011213169722637707
2,middle_500_1000,8,3.451951951951952,-1.8794913715062633e-05,3.5409911685441956e-05,0.00011197661752819504
2,middle_500_1000,8,3.4504504504504503,-1.9723497422667943e-05,3.613805137173072e-05,0.00011166565089335044
2,middle_500_1000,8,3.448948948948949,-2.060341929377069e-05,3.717501392036239e-05,0.00011134211413006286
2,middle_500_1000,8,3.4474474474474475,-2.1299488259269184e-05,3.8404225269228964e-05,0.00011113685825512763
2,middle_500_1000,8,3.445945945945946,-2.1687685168898557e-05,3.972601554372171e-05,0.00011113813619808855
2,middle_500_1000,8,3.4444444444444446,-2.1650603588875994e-05,4.110764364032883e-05,0.00011142520545521627
2,middle_500_1000,8,3.442942942942943,-2.1201866480142725e-05,4.25067267740036e-05,0.00011207011387017764
2,middle_500_1000,8,3.4414414414414414,-2.0458278654525615e-05,4.38333915218751e-05,0.0001130991512568943
2,middle_500_1000,8,3.43993993993994,-1.9588850575498235e-05,4.4992995490388574e-05,0.0001144338981140703
2,middle_500_1000,8,3.4384384384384385,-1.878201551101257e-05,4.589089628598882e-05,0.00011597076014020682
2,middle_500_1000,8,3.436936936936937,-1.822143762930645e-05,4.6432451515121195e-05,0.00011761373243334469
2,middle_500_1000,8,3.4354354354354353,-1.803696601830764e-05,4.6523081685745436e-05,0.00011928233108100356
2,middle_500_1000,8,3.433933933933934,-1.8278226947398635e-05,4.610184240034967e-05,0.00012089797029687281
2,middle_500_1000,8,3.4324324324324325,-1.8894754688595456e-05,4.5237935976412316e-05,0.0001223823617425151
2,middle_500_1000,8,3.430930930930931,-1.9767977071585927e-05,4.408929539278985e-05,0.00012370323303393765
2,middle_500_1000,8,3.4294294294294296,-2.0741172206363058e-05,4.282338793193624e-05,0.00012337637913990656
2,middle_500_1000,8,3.4279279279279278,-2.1636676205510647e-05,4.160768087630622e-05,0.00011810135003818768
2,middle_500_1000,8,3.4264264264264264,-2.2283131908108354e-05,4.060963865588549e-05,0.00011427915527175824
2,middle_500_1000,8,3.424924924924925,-2.2578887596881993e-05,3.999371462963877e-05,0.00010553570296609335
2,middle_500_1000,8,3.4234234234234235,-2.256345561923133e-05,3.988465517672213e-05,9.88395954879178e-05
2,middle_500_1000,8,3.421921921921922,-2.232890501650326e-05,4.02717719305319e-05,9.65766638555735e-05
2,middle_500_1000,8,3.4204204204204203,-2.198467337071288e-05,4.103762633890376e-05,9.793242799869693e-05
2,middle_500_1000,8,3.418918918918919,-2.1671317575130164e-05,4.2052090808831046e-05,0.00010195699219689398
2,middle_500_1000,8,3.4174174174174174,-2.1536320546983547e-05,4.3185037747308806e-05,0.0001076878480714653
2,middle_500_1000,8,3.415915915915916,-2.172706972995578e-05,4.430633913270806e-05,0.00011419820753467795
2,middle_500_1000,8,3.4144144144144146,-2.23549291460067e-05,4.5279615547857326e-05,0.00012058546827150234
2,middle_500_1000,8,3.4129129129129128,-2.337607681641193e-05,4.597808422013099e-05,0.00012598165149645536
2,middle_500_1000,8,3.4114114114114114,-2.4688665729902118e-05,4.637826456041342e-05,0.00013009374373061005
2,middle_500_1000,8,3.40990990990991,-2.6177944221096984e-05,4.6532292333356044e-05,0.00013314898148791837
2,middle_500_1000,8,3.4084084084084085,-2.7719297553969796e-05,4.649877501576734e-05,0.00013543981961525598
2,middle_500_1000,8,3.406906906906907,-2.9186291091893375e-05,4.633632008445776e-05,0.00013725789503189713
2,middle_500_1000,8,3.4054054054054053,-3.0430578844258893e-05,4.610413254537652e-05,0.0001388692876066178
2,middle_500_1000,8,3.403903903903904,-3.131213606972225e-05,4.588543356363471e-05,0.00014053064817207074
2,middle_500_1000,8,3.4024024024024024,-3.18287006497572e-05,4.5751593249906356e-05,0.00014247590044944177
2,middle_500_1000,8,3.400900900900901,-3.2068041412919e-05,4.5705466172690345e-05,0.00014469175081823589
2,middle_500_1000,8,3.3993993993993996,-3.212626075339809e-05,4.572169726953777e-05,0.00014705674435335566
2,middle_500_1000,8,3.3978978978978978,-3.208487494273191e-05,4.577409222949829e-05,0.00014949695868294883
2,middle_500_1000,8,3.3963963963963963,-3.2025561786932816e-05,4.5836456741621574e-05,0.00015194358064485455
2,middle_500_1000,8,3.394894894894895,-3.2064956150063256e-05,4.587926195051008e-05,0.00015434036892418449
2,middle_500_1000,8,3.3933933933933935,-3.233172519991187e-05,4.584144302863659e-05,0.00015654916219526218
2,middle_500_1000,8,3.391891891891892,-3.2882908595762025e-05,4.5683175963321526e-05,0.00015865143859277093
2,middle_500_1000,8,3.3903903903903903,-3.368632028154814e-05,4.541385042080301e-05,0.00015862267218478947
2,middle_500_1000,8,3.388888888888889,-3.471862436704655e-05,4.505228558744439e-05,0.00015844888119990845
2,middle_500_1000,8,3.3873873873873874,-3.5974403018148074e-05,4.461733723625113e-05,0.00015840100794738555
2,middle_500_1000,8,3.385885885885886,-3.744388996213281e-05,4.41278611402311e-05,0.00015850699145466337
2,middle_500_1000,8,3.3843843843843846,-3.9082550765862025e-05,4.360843879569563e-05,0.00015877170394574787
2,middle_500_1000,8,3.3828828828828827,-4.081667582144649e-05,4.310856313420293e-05,0.00015919675396150901
2,middle_500_1000,8,3.3813813813813813,-4.2562063652852415e-05,4.2669039648009655e-05,0.00015977760049951865
2,middle_500_1000,8,3.37987987987988,-4.4270608906379644e-05,4.231692600044747e-05,0.0001604540203813949
2,middle_500_1000,8,3.3783783783783785,-4.5868160813557256e-05,4.2077126733088607e-05,0.00016115909420361487
2,middle_500_1000,8,3.376876876876877,-4.7271458762725496e-05,4.19745463875053e-05,0.00016183069551660412
2,middle_500_1000,8,3.3753753753753752,-4.8398762721711805e-05,4.203408950303111e-05,0.00016242735223308724
2,middle_500_1000,8,3.373873873873874,-4.860846620989112e-05,4.226573830916434e-05,0.00016293938399517568
2,middle_500_1000,8,3.3723723723723724,-4.8028406637769337e-05,4.261281604859982e-05,0.0001633598193728548
2,middle_500_1000,8,3.370870870870871,-4.7006233291773964e-05,4.298674520879318e-05,0.0001636979127116918
2,middle_500_1000,8,3.3693693693693696,-4.5529032981782335e-05,4.330323176323595e-05,0.00016400042300373152
2,middle_500_1000,8,3.3678678678678677,-4.368001863486962e-05,4.347858568958451e-05,0.00016428609915765174
2,middle_500_1000,8,3.3663663663663663,-4.1554222556573935e-05,4.342911696549436e-05,0.00016456991345464508
2,middle_500_1000,8,3.364864864864865,-3.9295073804341066e-05,4.307190090755515e-05,0.00016484293144094467
2,middle_500_1000,8,3.3633633633633635,-3.712030624538807e-05,4.238359384628595e-05,0.0001650712107505168
2,middle_500_1000,8,3.361861861861862,-3.5225699684666165e-05,4.147000803101817e-05,0.00016521945878865516
2,middle_500_1000,8,3.3603603603603602,-3.3758185009431004e-05,4.045165415355418e-05,0.0001652430409342881
2,middle_500_1000,8,3.358858858858859,-3.2769727512504216e-05,3.942837240686987e-05,0.00016513266777532648
2,middle_500_1000,8,3.3573573573573574,-3.2255942320702936e-05,3.84996846350032e-05,0.00016490578777693106
2,middle_500_1000,8,3.355855855855856,-3.2198161672081964e-05,3.776511268199171e-05,0.00016458234745856792
2,middle_500_1000,8,3.3543543543543546,-3.243451399611739e-05,3.7316938397045744e-05,0.00016420418736413098
2,middle_500_1000,8,3.3528528528528527,-3.2713608556127986e-05,3.713824561416262e-05,0.00016382441663613935
2,middle_500_1000,8,3.3513513513513513,-3.2818055985758994e-05,3.7090624570001226e-05,0.00016349592349217666
2,middle_500_1000,8,3.34984984984985,-3.261081446898507e-05,3.707437853868369e-05,0.0001632483209196196
2,middle_500_1000,8,3.3483483483483485,-3.206776542728491e-05,3.701894673998479e-05,0.00016305544664293493
2,middle_500_1000,8,3.346846846846847,-3.1191556041711014e-05,3.6853816255917344e-05,0.00016288224713613127
2,middle_500_1000,8,3.3453453453453452,-2.92215738549673e-05,3.65084741684946e-05,0.00016269009182545073
2,middle_500_1000,8,3.343843843843844,-2.690827266941479e-05,3.592178144158761e-05,0.00016242730687513222
2,middle_500_1000,8,3.3423423423423424,-2.725230176442114e-05,3.69737507032856e-05,0.00016203924681415884
2,middle_500_1000,8,3.340840840840841,-2.7754663864899094e-05,3.799628513146639e-05,0.00016147699822310576
2,middle_500_1000,8,3.3393393393393396,-2.8039808390866935e-05,3.867726789966641e-05,0.00016075017558934068
2,middle_500_1000,8,3.3378378378378377,-2.8206897899890095e-05,3.905248630166206e-05,0.00015991320777747906
2,middle_500_1000,8,3.3363363363363363,-2.8334990846681698e-05,3.9167659228838726e-05,0.00015902278578328348
2,middle_500_1000,8,3.334834834834835,-2.850213224716387e-05,3.9100065114503445e-05,0.00015813001753363018
2,middle_500_1000,8,3.3333333333333335,-2.8787658634306986e-05,3.900556212949394e-05,0.00015727702655561311
2,middle_500_1000,8,3.3318318318318316,-2.9269683068353786e-05,3.899144113521467e-05,0.00015650512092714583
2,middle_500_1000,8,3.33033033033033,-2.9991703196043107e-05,3.9120230189163e-05,0.00015584415916145055
2,middle_500_1000,8,3.328828828828829,-3.0952204156829786e-05,3.942158491093001e-05,0.00015529192398917781
2,middle_500_1000,8,3.3273273273273274,-3.2159989990111076e-05,3.988316129827606e-05,0.00015484269382883952
2,middle_500_1000,8,3.325825825825826,-3.363632077577495e-05,4.0488422824170624e-05,0.0001544920002316038
2,middle_500_1000,8,3.324324324324324,-3.540121375559917e-05,4.120562794051284e-05,0.00015425354119016
2,middle_500_1000,8,3.3228228228228227,-3.74631305574513e-05,4.198429927520283e-05,0.00015415494853704198
2,middle_500_1000,8,3.3213213213213213,-3.984022782427526e-05,4.277929918087859e-05,0.0001542233501974433
2,middle_500_1000,8,3.31981981981982,-4.2527196999536145e-05,4.354786310990181e-05,0.000154432046018452
2,middle_500_1000,8,3.3183183183183185,-4.5424827388064384e-05,4.429232293101399e-05,0.00015464604147670665
2,middle_500_1000,8,3.3168168168168166,-4.843397418948826e-05,4.50553962413917e-05,0.0001547098789425631
2,middle_500_1000,8,3.315315315315315,-5.145824875947688e-05,4.587912310175749e-05,0.00015446371675093256
2,middle_500_1000,8,3.313813813813814,-5.440082706943293e-05,4.6773475265347864e-05,0.00015372585775398932
2,middle_500_1000,8,3.3123123123123124,-5.7162171115573025e-05,4.7754745653350375e-05,0.00015230767466334599
2,middle_500_1000,8,3.310810810810811,-5.9590880367756983e-05,4.885598638301649e-05,0.00015002972903540917
2,middle_500_1000,8,3.309309309309309,-6.166811301870157e-05,5.008326611237457e-05,0.00014693516976269213
2,middle_500_1000,8,3.3078078078078077,-6.351497372876318e-05,5.1341876075257364e-05,0.0001433630083177112
2,middle_500_1000,8,3.3063063063063063,-6.522484278403181e-05,5.24938242729223e-05,0.00013968642665500687
2,middle_500_1000,8,3.304804804804805,-6.688471251658839e-05,5.3416435962969425e-05,0.00013628123917297074
2,middle_500_1000,8,3.3033033033033035,-6.786073758747319e-05,5.4052577079646835e-05,0.00013352856543280773
2,middle_500_1000,8,3.3018018018018016,-6.840785745098818e-05,5.427275019286807e-05,0.00013181016751616977
2,middle_500_1000,8,3.3003003003003,-6.885626079832256e-05,5.4003116674126474e-05,0.00013144630270899666
2,middle_500_1000,8,3.298798798798799,-6.917179316304851e-05,5.3242048299036e-05,0.0001322550608438321
2,middle_500_1000,8,3.2972972972972974,-6.937359506328615e-05,5.209154632145139e-05,0.0001337397120824797
2,middle_500_1000,8,3.295795795795796,-6.959670840136047e-05,5.0672297081575356e-05,0.00013539077727826214
2,middle_500_1000,8,3.294294294294294,-6.997390350727125e-05,4.9095728083750276e-05,0.00013669968508604573
2,middle_500_1000,8,3.2927927927927927,-7.052289996347738e-05,4.7507791904166825e-05,0.0001371587834638711
2,middle_500_1000,8,3.2912912912912913,-7.119147379798085e-05,4.615857606697724e-05,0.0001362606397604456
2,middle_500_1000,8,3.28978978978979,-7.193091657122907e-05,4.521439776104634e-05,0.00013376043912534342
2,middle_500_1000,8,3.2882882882882885,-7.273071981665118e-05,4.475871298229104e-05,0.00013034878709418385
2,middle_500_1000,8,3.2867867867867866,-7.354536324477795e-05,4.478518825109558e-05,0.0001269917288584349
2,middle_500_1000,8,3.285285285285285,-7.429287031886916e-05,4.5278027230547836e-05,0.0001246544242901387
2,middle_500_1000,8,3.2837837837837838,-7.492863994765708e-05,4.617388380904076e-05,0.00012426704932957207
2,middle_500_1000,8,3.2822822822822824,-7.557153175632688e-05,4.726502516341855e-05,0.00012674128665974681
2,middle_500_1000,8,3.280780780780781,-7.637549051337303e-05,4.8251757191024314e-05,0.0001329356883153967
2,middle_500_1000,8,3.279279279279279,-7.747279288599588e-05,4.890392062846267e-05,0.00014193809384479856
2,middle_500_1000,8,3.2777777777777777,-7.899214170204762e-05,4.906753291716859e-05,0.00015061794130364486
2,middle_500_1000,8,3.2762762762762763,-8.106627132023047e-05,4.864145307020666e-05,0.00015569520938535104
2,middle_500_1000,8,3.274774774774775,-8.382782104059561e-05,4.7558116839310424e-05,0.00015390331010056626
2,middle_500_1000,8,3.2732732732732734,-8.726121059478113e-05,4.594998320388462e-05,0.00014202244632641886
2,middle_500_1000,8,3.2717717717717716,-9.110475055308046e-05,4.410774693365538e-05,0.00011684322670892176
2,middle_500_1000,8,3.27027027027027,-9.508789859043968e-05,1.526483858964485e-05,0.00011634295738937282
2,middle_500_1000,8,3.2687687687687688,-0.00010422706013370458,-1.9355564155771124e-05,0.00011749776238316034
2,middle_500_1000,8,3.2672672672672673,-0.00016692875211613868,-2.2444268038854936e-05,0.00011982138196702397
2,middle_500_1000,8,3.265765765765766,-0.00019954448605871266,-2.5210497236149293e-05,0.00012337073624137194
2,middle_500_1000,8,3.264264264264264,-0.00022263764067077807,-2.7521278033458205e-05,0.00012802097790862946
2,middle_500_1000,8,3.2627627627627627,-0.00024179898654543355,-2.935041456886278e-05,0.0001332777252759272
2,middle_500_1000,8,3.2612612612612613,-0.00025490217537128736,-3.08296638058779e-05,0.00013860123091934823
2,middle_500_1000,8,3.25975975975976,-0.0002599981735749079,-3.2093179871142685e-05,0.00014345260641799706
2,middle_500_1000,8,3.2582582582582584,-0.0002580623581329624,-3.3269283173530464e-05,0.000147419884284101
2,middle_500_1000,8,3.2567567567567566,-0.000251463255121682,-3.450414494660277e-05,0.00015035229629764817
2,middle_500_1000,8,3.255255255255255,-0.00022896180168789203,-3.596897515968124e-05,0.000152147152563239
2,middle_500_1000,8,3.2537537537537538,-0.00017760818797019594,-3.782947806445745e-05,0.0001530356074308844
2,middle_500_1000,8,3.2522522522522523,-0.00013207583183629662,-4.020636498629389e-05,0.00015356815526544523
2,middle_500_1000,8,3.250750750750751,-0.00012930022807625032,-2.329397219631539e-05,0.0001543081823723435
2,middle_500_1000,8,3.249249249249249,-0.00013322389358607235,-1.425326815284074e-05,0.00015580034010775727
2,middle_500_1000,8,3.2477477477477477,-0.0001378267086113178,-1.5537507637405565e-05,0.00015824427599076072
2,middle_500_1000,8,3.2462462462462462,-0.0001432702450768009,-2.469165463900129e-05,0.00016153606285703673
2,middle_500_1000,8,3.244744744744745,-0.00014976849076001487,-3.926065653019235e-05,0.00016552582088104253
2,middle_500_1000,8,3.2432432432432434,-0.00015737356828870747,-5.680504621924376e-05,0.00016984589982218818
2,middle_500_1000,8,3.2417417417417416,-0.00016875388572064418,-7.304093195052708e-05,0.0001740460978865684
2,middle_500_1000,8,3.24024024024024,-0.0001922953936654521,-7.979774985833465e-05,0.0001776760505440983
2,middle_500_1000,8,3.2387387387387387,-0.00021177320429246332,-8.660422070437025e-05,0.0001803624805620128
2,middle_500_1000,8,3.2372372372372373,-0.00022820494972002926,-9.321692303296616e-05,0.00018215939437871663
2,middle_500_1000,8,3.235735735735736,-0.0002427503843538941,-9.956031541365207e-05,0.00018326833473313823
2,middle_500_1000,8,3.234234234234234,-0.00025656926259978643,-0.00010561014715735131,0.00018402490240039798
2,middle_500_1000,8,3.2327327327327327,-0.00027082133886344607,-0.00011142601786171165,0.00018513122659500648
2,middle_500_1000,8,3.2312312312312312,-0.00028665092519063184,-0.00011725434758923237,0.00018735166401024662
2,middle_500_1000,8,3.22972972972973,-0.0003050730825610269,-0.00012336651094444796,0.00019144864836417343
2,middle_500_1000,8,3.2282282282282284,-0.0003267618011398967,-0.00013003111252106805,0.0001969409173066157
2,middle_500_1000,8,3.2267267267267266,-0.0003520960803293808,-0.00013767507244120264,0.00020192041056733747
2,middle_500_1000,8,3.225225225225225,-0.0003814449241058022,-0.00014703591998098745,0.00020729959435454668
2,middle_500_1000,8,3.2237237237237237,-0.00041517733644550955,-0.00015877594236615201,0.00021259392582542377
2,middle_500_1000,8,3.2222222222222223,-0.00045366229295578514,-0.00017310025915620413,0.00021774708311376664
2,middle_500_1000,8,3.220720720720721,-0.0004971212264908032,-0.0001900577120325618,0.00022272545897290916
2,middle_500_1000,8,3.219219219219219,-0.0005455034822527127,-0.00020906490741040215,0.00022749446942589655
2,middle_500_1000,8,3.2177177177177176,-0.0005985149376602009,-0.00022946588546229885,0.0002316270134042368
2,middle_500_1000,8,3.2162162162162162,-0.0006555851411310151,-0.000251296218507939,0.00023417443637616456
2,middle_500_1000,8,3.214714714714715,-0.0007161423141432179,-0.00027518125532687704,0.00023433476243421483
2,middle_500_1000,8,3.2132132132132134,-0.0007796145975901315,-0.0003015543570430053,0.00023268887861859714
2,middle_500_1000,8,3.2117117117117115,-0.0008453290644845693,-0.00033108446107634956,0.00023045957508086284
2,middle_500_1000,8,3.21021021021021,-0.0009128423343552385,-0.0003640719464018567,0.00022887320712519383
2,middle_500_1000,8,3.2087087087087087,-0.0009834096097088366,-0.0003997283122112172,0.00022885743482664068
2,middle_500_1000,8,3.2072072072072073,-0.001060183921461894,-0.00043735404291407945,0.00022942474237852908
2,middle_500_1000,8,3.205705705705706,-0.001146484622281018,-0.00047656253782624863,0.00022927483098039714
2,middle_500_1000,8,3.204204204204204,-0.0012456773895792167,-0.0005162562372719622,0.00022988206329578077
2,middle_500_1000,8,3.2027027027027026,-0.001360975072622601,-0.0005560246897596717,0.000233810485174556
2,middle_500_1000,8,3.201201201201201,-0.0014961984322553641,-0.0005966872527782031,0.00024225209149646328
2,middle_500_1000,8,3.1996996996997,-0.0016563576747320868,-0.0006434112016258688,0.00025082518575992967
2,middle_500_1000,8,3.198198198198198,-0.0018455355287889247,-0.0007036524049425542,0.0002562871622918718
2,middle_500_1000,8,3.1966966966966965,-0.0020627683548333133,-0.000783103421342711,0.0002574916563156029
2,middle_500_1000,8,3.195195195195195,-0.0022988790573456007,-0.0008832469029540595,0.0002527622456429835
2,middle_500_1000,8,3.1936936936936937,-0.0025531303371318387,-0.0009994493668745441,0.00024105704907864678
2,middle_500_1000,8,3.1921921921921923,-0.002837671759233537,-0.0011301724041514402,0.00022377165436651691
2,middle_500_1000,8,3.1906906906906904,-0.003155413523452692,-0.0012821153334173323,0.00019882578963389096
2,middle_500_1000,8,3.189189189189189,-0.003513994459605964,-0.0014623828496953123,0.00016615616876544323
2,middle_500_1000,8,3.1876876876876876,-0.0039281368449733175,-0.001667152621963583,0.0001314534860179413
2,middle_500_1000,8,3.186186186186186,-0.004373157491598018,-0.0018854343809889401,0.00010999006453215818
2,middle_500_1000,8,3.184684684684685,-0.004829050954344188,-0.0021306499372056448,0.00010721271345118244
2,middle_500_1000,8,3.183183183183183,-0.005302941017942171,-0.0024302134550024043,0.00010400059154684616
2,middle_500_1000,8,3.1816816816816815,-0.005830470215321067,-0.0027708545578407837,7.678295303280985e-05
2,middle_500_1000,8,3.18018018018018,-0.0064235497876322,-0.003116283417877702,1.9884971080817715e-06
2,middle_500_1000,8,3.1786786786786787,-0.00705019706674765,-0.0034507890559102375,-0.00010655271516517122
2,middle_500_1000,8,3.1771771771771773,-0.0076792507563868025,-0.003823302763300007,-0.00022697890679895978
2,middle_500_1000,8,3.1756756756756754,-0.008285504859579691,-0.004253575343228157,-0.00033586057070227396
2,middle_500_1000,8,3.174174174174174,-0.00884676727265889,-0.004711476379329248,-0.0004149262536103787
2,middle_500_1000,8,3.1726726726726726,-0.009422030117743403,-0.005185211790996284,-0.0005175075733925179
2,middle_500_1000,8,3.171171171171171,-0.010000111224718573,-0.005674069904512746,-0.0006183743066909726
2,middle_500_1000,8,3.16966966966967,-0.010548410238588404,-0.006215699275873579,-0.0007384669493955762
2,middle_500_1000,8,3.168168168168168,-0.011070356175574794,-0.0067220158000884656,-0.0009515816206265987
2,middle_500_1000,8,3.1666666666666665,-0.01158252056368711,-0.007103344057112812,-0.0012200695026723558
2,middle_500_1000,8,3.165165165165165,-0.012033340540587995,-0.007411059430937866,-0.001484866212989818
2,middle_500_1000,8,3.1636636636636637,-0.012490835997741777,-0.007721925830861204,-0.0016966030404756693
2,middle_500_1000,8,3.1621621621621623,-0.012961955846253856,-0.00810235672065207,-0.0018848983450060128
2,middle_500_1000,8,3.1606606606606604,-0.013316408500915297,-0.0085167768179093,-0.0021708131718840944
2,middle_500_1000,8,3.159159159159159,-0.013597715834264834,-0.008944102535221585,-0.0026056035392418575
2,middle_500_1000,8,3.1576576576576576,-0.013847029734636467,-0.009386034824164724,-0.003059906893076149
2,middle_500_1000,8,3.156156156156156,-0.014029443127536408,-0.009773767021679147,-0.003463918371899452
2,middle_500_1000,8,3.1546546546546548,-0.014205451804776129,-0.010137602690635808,-0.003800830065445099
2,middle_500_1000,8,3.153153153153153,-0.014406616519736966,-0.01050818423005849,-0.00419979219021277
2,middle_500_1000,8,3.1516516516516515,-0.014609186137505809,-0.010901635051713848,-0.004594654962668747
2,middle_500_1000,8,3.15015015015015,-0.014775805321432904,-0.011284822620848706,-0.005001216711344181
2,middle_500_1000,8,3.1486486486486487,-0.01494020896801719,-0.011621818374755566,-0.005426882609890542
2,middle_500_1000,8,3.1471471471471473,-0.015094188088461385,-0.011916189572997643,-0.005870508645374792
2,middle_500_1000,8,3.1456456456456454,-0.015239023930751425,-0.012195535524974849,-0.006321756789211361
2,middle_500_1000,8,3.144144144144144,-0.015341542436047143,-0.012417401799210415,-0.006743974073864269
2,middle_500_1000,8,3.1426426426426426,-0.015402142150334794,-0.012586660617182444,-0.007179591086050298
2,middle_500_1000,8,3.141141141141141,-0.01541678584032749,-0.012784467240476383,-0.007666833092394187
2,middle_500_1000,8,3.1396396396396398,-0.015444507135980876,-0.01297949385696165,-0.008181964495946388
2,middle_500_1000,8,3.138138138138138,-0.015486166582790478,-0.013147667828919213,-0.008708497626173387
2,middle_500_1000,8,3.1366366366366365,-0.01552890933205911,-0.013216633329739408,-0.009216454599782903
2,middle_500_1000,8,3.135135135135135,-0.015570490303054643,-0.01327638539030862,-0.009666341598577904
2,middle_500_1000,8,3.1336336336336337,-0.015565848646526687,-0.013382139402622256,-0.010093977319427211
2,middle_500_1000,8,3.1321321321321323,-0.01551951397604398,-0.013489206195959641,-0.010893179632099972
2,middle_500_1000,8,3.1306306306306304,-0.015490328684686902,-0.013604659109043016,-0.011694254693179418
2,middle_500_1000,8,3.129129129129129,-0.015474176896052946,-0.014067525166494177,-0.011993097801828362
2,middle_500_1000,8,3.1276276276276276,-0.015629166333194167,-0.014647705992818894,-0.012067953568302744
2,middle_500_1000,8,3.126126126126126,-0.01579517447187148,-0.015208992541944633,-0.0121156441225765
2,middle_500_1000,8,3.1246246246246248,-0.016467074966664733,-0.015315058006213161,-0.01221020932165326
2,middle_500_1000,8,3.123123123123123,-0.01712786385220244,-0.015384350492514104,-0.012336412044638867
2,middle_500_1000,8,3.1216216216216215,-0.01771649006351214,-0.015460896045149192,-0.01249610309804318
2,middle_500_1000,8,3.12012012012012,-0.01806290742772959,-0.015560188663983898,-0.01267213120550352
2,middle_500_1000,8,3.1186186186186187,-0.018381905210831218,-0.01570400985499923,-0.012843563842973388
2,middle_500_1000,8,3.1171171171171173,-0.01875602477806143,-0.01591213317307974,-0.012986305361850817
2,middle_500_1000,8,3.1156156156156154,-0.019136304173193133,-0.01609148672273264,-0.013116469704955294
2,middle_500_1000,8,3.114114114114114,-0.019476213354816252,-0.016255699631076204,-0.013262801931265139
2,middle_500_1000,8,3.1126126126126126,-0.019811314929931143,-0.01646627895957048,-0.013396675889683643
2,middle_500_1000,8,3.111111111111111,-0.020165521658858016,-0.016690104196193684,-0.013488084402717052
2,middle_500_1000,8,3.1096096096096097,-0.02048764879356474,-0.0169121214296791,-0.013597445539336825
2,middle_500_1000,8,3.108108108108108,-0.020811699907291356,-0.017175492337970166,-0.01376293258670383
2,middle_500_1000,8,3.1066066066066065,-0.02115044056770546,-0.017489499107878337,-0.013991548717463928
2,middle_500_1000,8,3.105105105105105,-0.02147988013159774,-0.01780171969589045,-0.014206181472344884
2,middle_500_1000,8,3.1036036036036037,-0.02182135044873315,-0.018088665137564797,-0.014392810574811427
2,middle_500_1000,8,3.1021021021021022,-0.022147160775473324,-0.018312907055884425,-0.014564315021788399
2,middle_500_1000,8,3.1006006006006004,-0.02246814953513103,-0.018457061167641786,-0.014746403128133967
2,middle_500_1000,8,3.099099099099099,-0.022789418968733682,-0.018555816660133062,-0.014948717662620903
2,middle_500_1000,8,3.0975975975975976,-0.023102879798101744,-0.018829551031285918,-0.015099142402123067
2,middle_500_1000,8,3.096096096096096,-0.023382023654236625,-0.019291004135045198,-0.015197889931243325
2,middle_500_1000,8,3.0945945945945947,-0.02390618153379008,-0.01953006220751713,-0.01531424202489215
2,middle_500_1000,8,3.093093093093093,-0.02439861734075917,-0.019719062480035077,-0.015472153607552774
2,middle_500_1000,8,3.0915915915915915,-0.024836772061511858,-0.019877161096185647,-0.01565184109758938
2,middle_500_1000,8,3.09009009009009,-0.025247964880462576,-0.0200168717644979,-0.015807030767311298
2,middle_500_1000,8,3.0885885885885886,-0.025649784422954375,-0.02017110175005843,-0.015928725016315204
2,middle_500_1000,8,3.0870870870870872,-0.02603739443573483,-0.020327078851152036,-0.016003615744754313
2,middle_500_1000,8,3.0855855855855854,-0.026418843787078233,-0.020455547627171333,-0.016082394263806504
2,middle_500_1000,8,3.084084084084084,-0.02678630882417135,-0.02054911811199278,-0.016172955422249363
2,middle_500_1000,8,3.0825825825825826,-0.027161110828707036,-0.02060607242183149,-0.016249279135297612
2,middle_500_1000,8,3.081081081081081,-0.02752189714145492,-0.020624193006736347,-0.016316273965386263
2,middle_500_1000,8,3.0795795795795797,-0.027875231673084838,-0.020615339695005563,-0.01643808989161835
2,middle_500_1000,8,3.078078078078078,-0.028217193315738853,-0.02061427994221937,-0.01655617290654615
2,middle_500_1000,8,3.0765765765765765,-0.028529740976507262,-0.020639315748703257,-0.016640545349815405
2,middle_500_1000,8,3.075075075075075,-0.028697698329517934,-0.020718920711515765,-0.016709864549286968
2,middle_500_1000,8,3.0735735735735736,-0.028795078642485178,-0.020852451187004517,-0.016816040413556943
2,middle_500_1000,8,3.0720720720720722,-0.02889940654024581,-0.020975810083801727,-0.016949630240886887
2,middle_500_1000,8,3.0705705705705704,-0.02902772598518541,-0.02107855419853294,-0.017062885355671686
2,middle_500_1000,8,3.069069069069069,-0.029121245349817443,-0.02115116436677905,-0.01713785783246735
2,middle_500_1000,8,3.0675675675675675,-0.02919554035714414,-0.021213590430481433,-0.017186893996554042
2,middle_500_1000,8,3.066066066066066,-0.029295275884317157,-0.021290835615400128,-0.01724997206394946
2,middle_500_1000,8,3.0645645645645647,-0.029401471188672867,-0.021374217292804865,-0.017340622541694217
2,middle_500_1000,8,3.063063063063063,-0.029480559515436433,-0.021432348430464265,-0.017418187998019447
2,middle_500_1000,8,3.0615615615615615,-0.029542503650165836,-0.021447155128093864,-0.017480672793414698
2,middle_500_1000,8,3.06006006006006,-0.029607108119550307,-0.021474528805710325,-0.017560664814136207
2,middle_500_1000,8,3.0585585585585586,-0.02967549584027218,-0.021542704726498663,-0.017652421190704926
2,middle_500_1000,8,3.057057057057057,-0.029730323643895468,-0.021615378424328646,-0.017732006255167493
2,middle_500_1000,8,3.0555555555555554,-0.02977046205000869,-0.021658185792037876,-0.01778571978077656
2,middle_500_1000,8,3.054054054054054,-0.029815974957036417,-0.021699307320434402,-0.01783941577755835
2,middle_500_1000,8,3.0525525525525525,-0.02989329313179792,-0.021747905563501035,-0.0178866838950143
2,middle_500_1000,8,3.051051051051051,-0.029976129355174852,-0.021811017415134193,-0.017947515685934556
2,middle_500_1000,8,3.0495495495495497,-0.0300493227589525,-0.021887134573250866,-0.018026922057893968
2,middle_500_1000,8,3.048048048048048,-0.030086062042818856,-0.021953183327868053,-0.018092056750554086
2,middle_500_1000,8,3.0465465465465464,-0.03009543033403464,-0.022007039517961013,-0.018161890458675972
2,middle_500_1000,8,3.045045045045045,-0.03012467665776586,-0.022080510233284112,-0.018241539298965326
2,middle_500_1000,8,3.0435435435435436,-0.030139629147243885,-0.022167829598568,-0.018304340934969993
2,middle_500_1000,8,3.042042042042042,-0.030132866320791735,-0.02223274084269855,-0.018351434250628407
2,middle_500_1000,8,3.0405405405405403,-0.03014773799238793,-0.022266501784802994,-0.01837934096438315
2,middle_500_1000,8,3.039039039039039,-0.030179284423766967,-0.022280580337402656,-0.01840792616097317
2,middle_500_1000,8,3.0375375375375375,-0.0302051907848378,-0.022319013192191373,-0.01845356341517118
2,middle_500_1000,8,3.036036036036036,-0.030234266780833602,-0.022370106935782508,-0.01851901412650986
2,middle_500_1000,8,3.0345345345345347,-0.03027525596453734,-0.022414346199574775,-0.018588559210052313
2,middle_500_1000,8,3.033033033033033,-0.030314361138346596,-0.022442564776153417,-0.018653317079830534
2,middle_500_1000,8,3.0315315315315314,-0.03032635907082873,-0.022479933020112586,-0.018719303536110427
2,middle_500_1000,8,3.03003003003003,-0.030324776854747354,-0.022557538372964203,-0.018793498231394368
2,middle_500_1000,8,3.0285285285285286,-0.030331076918140076,-0.02265111749628812,-0.01886130226941035
2,middle_500_1000,8,3.027027027027027,-0.03033896441516848,-0.022737190355382964,-0.018913947347982296
2,middle_500_1000,8,3.0255255255255253,-0.030359729215867548,-0.02281032684190032,-0.018970291545181733
2,middle_500_1000,8,3.024024024024024,-0.03039739049100068,-0.022885368522712057,-0.01904005069064385
2,middle_500_1000,8,3.0225225225225225,-0.030432398056076143,-0.022956458108762512,-0.019117783869880223
2,middle_500_1000,8,3.021021021021021,-0.03046775161810719,-0.0229991858004297,-0.01917633871406199
2,middle_500_1000,8,3.0195195195195197,-0.030521071085283707,-0.02302861978814197,-0.019203089486544395
2,middle_500_1000,8,3.018018018018018,-0.03058709783041408,-0.02306341181253735,-0.019230660607509137
2,middle_500_1000,8,3.0165165165165164,-0.030640761272919426,-0.02310423474744483,-0.01928207225722045
2,middle_500_1000,8,3.015015015015015,-0.03066448841568406,-0.023152763409243104,-0.019354772264546932
2,middle_500_1000,8,3.0135135135135136,-0.03066815140446877,-0.023211274280643124,-0.01944619783256374
2,middle_500_1000,8,3.012012012012012,-0.030681195701978026,-0.023284367888186053,-0.019542894609576367
2,middle_500_1000,8,3.0105105105105103,-0.03072325368749687,-0.023370553515099535,-0.01963415068222349
2,middle_500_1000,8,3.009009009009009,-0.03079923266595594,-0.023460816490005032,-0.019727927962361252
2,middle_500_1000,8,3.0075075075075075,-0.030901623950421342,-0.023545095047653508,-0.01983192545269094
2,middle_500_1000,8,3.006006006006006,-0.03100278909810797,-0.023613679195922443,-0.019939087713865683
2,middle_500_1000,8,3.0045045045045047,-0.03107032734076612,-0.02366329608745288,-0.020039226816688155
2,middle_500_1000,8,3.003003003003003,-0.03109753684624561,-0.023706674420967355,-0.020129767841587598
2,middle_500_1000,8,3.0015015015015014,-0.031110016864257295,-0.023759257757293706,-0.02021377385930015
2,middle_500_1000,8,3.0,-0.031139666180091313,-0.023824156914010075,-0.02029513186235818
2,middle_500_1000,8,2.9984984984984986,-0.03119054585137851,-0.023888366655328896,-0.020381796266398383
2,middle_500_1000,8,2.996996996996997,-0.03124714833026357,-0.02393642510280325,-0.020483026352584477
2,middle_500_1000,8,2.9954954954954953,-0.03129534183706367,-0.023973313067187974,-0.020596094747900445
2,middle_500_1000,8,2.993993993993994,-0.03133071785891936,-0.024012854250011817,-0.020708828116308586
2,middle_500_1000,8,2.9924924924924925,-0.03135857366504902,-0.024054971435285954,-0.020811363091568336
2,middle_500_1000,8,2.990990990990991,-0.031389743892478256,-0.024091352077929673,-0.020898622572051995
2,middle_500_1000,8,2.9894894894894897,-0.03143182511230788,-0.024140593396224652,-0.020937617566709144
2,middle_500_1000,8,2.987987987987988,-0.03147989183353267,-0.024187560426570776,-0.020970983720597386
2,middle_500_1000,8,2.9864864864864864,-0.03152343205672081,-0.02424232044885488,-0.021008452391552745
2,middle_500_1000,8,2.984984984984985,-0.031555912635356786,-0.02430881483174835,-0.02104984698687537
2,middle_500_1000,8,2.9834834834834836,-0.03157896150302478,-0.024379186434775768,-0.021088604711706926
2,middle_500_1000,8,2.981981981981982,-0.03159934485110458,-0.024444378499544284,-0.02111630458271413
2,middle_500_1000,8,2.9804804804804803,-0.03162057196611315,-0.024502407171139606,-0.021129456952028697
2,middle_500_1000,8,2.978978978978979,-0.03164025414438612,-0.02455690146646744,-0.021133268028203894
2,middle_500_1000,8,2.9774774774774775,-0.03164962623172923,-0.02461192272789725,-0.021142231405373635
2,middle_500_1000,8,2.975975975975976,-0.03164784891905845,-0.02466988880311266,-0.021163606853609185
2,middle_500_1000,8,2.9744744744744747,-0.03164117538180769,-0.0247319530587245,-0.02119235296881436
2,middle_500_1000,8,2.972972972972973,-0.03164082419580122,-0.02479674378305108,-0.021211725392995845
2,middle_500_1000,8,2.9714714714714714,-0.03164725151836281,-0.024860494041417713,-0.02121560540506534
2,middle_500_1000,8,2.96996996996997,-0.031652235328317985,-0.02491916671767347,-0.02121005112545038
2,middle_500_1000,8,2.9684684684684686,-0.03164537294714059,-0.024969008019723404,-0.021210453985443356
2,middle_500_1000,8,2.966966966966967,-0.031624626846712384,-0.025009314024388773,-0.02122224975006226
2,middle_500_1000,8,2.9654654654654653,-0.0315977826117905,-0.02504246728891546,-0.0212423219216287
2,middle_500_1000,8,2.963963963963964,-0.031571267294471905,-0.025071836561000593,-0.021259710091164452
2,middle_500_1000,8,2.9624624624624625,-0.03154868731288185,-0.025103369977312717,-0.021266924767599227
2,middle_500_1000,8,2.960960960960961,-0.03152576988644998,-0.025138928234439528,-0.021261542414368395
2,middle_500_1000,8,2.9594594594594597,-0.031499096213147226,-0.025178040746619612,-0.021247459773843513
2,middle_500_1000,8,2.957957957957958,-0.031470863804919424,-0.025217859963310496,-0.02123080165670463
2,middle_500_1000,8,2.9564564564564564,-0.03144474910278755,-0.025255458431990285,-0.02121709194076052
2,middle_500_1000,8,2.954954954954955,-0.031424526242581796,-0.02529061860369386,-0.021207396986590715
2,middle_500_1000,8,2.9534534534534536,-0.031408546979389884,-0.025324810149858823,-0.021198823719894982
2,middle_500_1000,8,2.951951951951952,-0.031391205221829616,-0.025360035342989584,-0.021187335389959705
2,middle_500_1000,8,2.9504504504504503,-0.03136851611865013,-0.02539576316809783,-0.021171087767958507
2,middle_500_1000,8,2.948948948948949,-0.031338746073552665,-0.025430328238747302,-0.02115345093898488
2,middle_500_1000,8,2.9474474474474475,-0.03130369917467457,-0.025461824695918622,-0.02113823786651034
2,middle_500_1000,8,2.945945945945946,-0.03126688130785765,-0.02548914228114213,-0.021128163505794384
2,middle_500_1000,8,2.9444444444444446,-0.031230567188407915,-0.025513935392961207,-0.021123260193946003
2,middle_500_1000,8,2.942942942942943,-0.031195190984600274,-0.02553916226879388,-0.0211194792498699
2,middle_500_1000,8,2.9414414414414414,-0.031160631752589235,-0.02556679576680687,-0.021113859238493404
2,middle_500_1000,8,2.93993993993994,-0.031126522324541606,-0.02559740089617557,-0.021104886943360324
2,middle_500_1000,8,2.9384384384384385,-0.03109278220575118,-0.025630013240814264,-0.021092514644672378
2,middle_500_1000,8,2.936936936936937,-0.03106041713435101,-0.025662051402755404,-0.021079754972200354
2,middle_500_1000,8,2.9354354354354353,-0.031030005580507225,-0.025691330030030934,-0.02106919182067865
2,middle_500_1000,8,2.933933933933934,-0.03100160706975369,-0.025716733853539453,-0.02106233368536045
2,middle_500_1000,8,2.9324324324324325,-0.03097516810866824,-0.02573750612499187,-0.021060145005114522
2,middle_500_1000,8,2.930930930930931,-0.030949707887579364,-0.02575421296732122,-0.021060916332576923
2,middle_500_1000,8,2.9294294294294296,-0.030923733893755717,-0.02576793372027497,-0.02106205107111145
2,middle_500_1000,8,2.9279279279279278,-0.030972687994048897,-0.02572853096902944,-0.021061266664162415
2,middle_500_1000,8,2.9264264264264264,-0.031033227722531143,-0.02567838624082891,-0.021056362472089002
2,middle_500_1000,8,2.924924924924925,-0.031091870205296718,-0.02562661809700112,-0.021046652146097716
2,middle_500_1000,8,2.9234234234234235,-0.031149078071290442,-0.02557322195413292,-0.021033644837670173
2,middle_500_1000,8,2.921921921921922,-0.031205245057049413,-0.025518357796168734,-0.021019156113732312
2,middle_500_1000,8,2.9204204204204203,-0.03125989930705894,-0.02546245584025386,-0.021005322461364828
2,middle_500_1000,8,2.918918918918919,-0.03131228915391257,-0.025406026460824238,-0.0209943269734571
2,middle_500_1000,8,2.9174174174174174,-0.0313616853296419,-0.025349579880573125,-0.02098715181227187
2,middle_500_1000,8,2.915915915915916,-0.03140761621928623,-0.025293475551759592,-0.020983219198372816
2,middle_500_1000,8,2.9144144144144146,-0.03144974137313758,-0.02523761789728235,-0.02098162630795744
2,middle_500_1000,8,2.9129129129129128,-0.031488359891661793,-0.02518169414597926,-0.02098105023401542
2,middle_500_1000,8,2.9114114114114114,-0.03152406905859903,-0.02512536774045998,-0.02097999617050847
2,middle_500_1000,8,2.90990990990991,-0.03155746753121588,-0.025068306470343138,-0.020977243709595694
2,middle_500_1000,8,2.9084084084084085,-0.03158911856803939,-0.025010179699775537,-0.02097236837356084
2,middle_500_1000,8,2.906906906906907,-0.03161937473122786,-0.024950848300905992,-0.020965214384594894
2,middle_500_1000,8,2.9054054054054053,-0.0316484773558135,-0.02489054602664892,-0.020956175288817436
2,middle_500_1000,8,2.903903903903904,-0.03167664580504145,-0.024829549343198032,-0.020945843230579186
2,middle_500_1000,8,2.9024024024024024,-0.03170409699094681,-0.02476811668886486,-0.02093493380217945
2,middle_500_1000,8,2.900900900900901,-0.031731047825564906,-0.024706494420773106,-0.02092393707009066
2,middle_500_1000,8,2.8993993993993996,-0.03175768765570583,-0.024644928692757695,-0.020913047902398868
2,middle_500_1000,8,2.8978978978978978,-0.031783997106696965,-0.02458361123691405,-0.02090232115763871
2,middle_500_1000,8,2.8963963963963963,-0.031809606555593645,-0.02452236062612112,-0.02089132784392958
2,middle_500_1000,8,2.894894894894895,-0.0318335898748241,-0.024460899344779352,-0.020879407010450185
2,middle_500_1000,8,2.8933933933933935,-0.031854952156728816,-0.024398990155011235,-0.020865833139901924
2,middle_500_1000,8,2.891891891891892,-0.03187269849364843,-0.02433648331963334,-0.020849936063545932
2,middle_500_1000,8,2.8903903903903903,-0.03188583477824411,-0.024273256238751095,-0.020831279054492613
2,middle_500_1000,8,2.888888888888889,-0.03189363806073739,-0.02420918649658682,-0.020809526259082556
2,middle_500_1000,8,2.8873873873873874,-0.031896147499600264,-0.024144272889766505,-0.02078484021607374
2,middle_500_1000,8,2.885885885885886,-0.03189417511498421,-0.024078820182237726,-0.02075786428978635
2,middle_500_1000,8,2.8843843843843846,-0.03188884737661524,-0.024013133447286894,-0.020729362514124383
2,middle_500_1000,8,2.8828828828828827,-0.031881293246969505,-0.023947413749616897,-0.020700121866977284
2,middle_500_1000,8,2.8813813813813813,-0.03187264168852297,-0.02388166326280028,-0.02067090482563147
2,middle_500_1000,8,2.87987987987988,-0.03186399695307843,-0.02381585982984702,-0.020642443374358665
2,middle_500_1000,8,2.8783783783783785,-0.031855889504227825,-0.02374997745292312,-0.02061528996112527
2,middle_500_1000,8,2.876876876876877,-0.031848065156666855,-0.023683886234997953,-0.020589449715474883
2,middle_500_1000,8,2.8753753753753752,-0.03183979387809843,-0.02361739192439838,-0.020564583513424356
2,middle_500_1000,8,2.873873873873874,-0.03183027927402177,-0.023550344913855825,-0.020540304009398713
2,middle_500_1000,8,2.8723723723723724,-0.03181872494993604,-0.023482695434866585,-0.020516174691799588
2,middle_500_1000,8,2.870870870870871,-0.03180433451134079,-0.02341448730768486,-0.020491608523373145
2,middle_500_1000,8,2.8693693693693696,-0.03178638558350441,-0.02334576806645622,-0.02046596796700184
2,middle_500_1000,8,2.8678678678678677,-0.03176467988420101,-0.023276581990084866,-0.020438673401279583
2,middle_500_1000,8,2.8663663663663663,-0.031739493843176925,-0.02320692533498253,-0.020409358836980918
2,middle_500_1000,8,2.864864864864865,-0.031711316515464466,-0.023136646128180782,-0.02037782611152894
2,middle_500_1000,8,2.8633633633633635,-0.031680644242723155,-0.02306555739668653,-0.020343910322966813
2,middle_500_1000,8,2.861861861861862,-0.03164797336661296,-0.02299358614553121,-0.0203075151538763
2,middle_500_1000,8,2.8603603603603602,-0.03161380016639065,-0.022920711376414105,-0.020268635263657436
2,middle_500_1000,8,2.858858858858859,-0.03157858574083186,-0.022846912381414286,-0.020227324938646346
2,middle_500_1000,8,2.8573573573573574,-0.03154264815293878,-0.02277219256932933,-0.020183982998062677
2,middle_500_1000,8,2.855855855855856,-0.03150596724984353,-0.02269675441356489,-0.02013908783348714
2,middle_500_1000,8,2.8543543543543546,-0.03146837990172119,-0.02262113537618954,-0.02009308147777375
2,middle_500_1000,8,2.8528528528528527,-0.031429721915267717,-0.022545809211545087,-0.02004638113913451
2,middle_500_1000,8,2.8513513513513513,-0.03138982909717922,-0.022470948702853766,-0.01999941730981583
2,middle_500_1000,8,2.84984984984985,-0.031348535445749504,-0.022396676544738592,-0.01995264320043158
2,middle_500_1000,8,2.8483483483483485,-0.03130561666315493,-0.022323115763562384,-0.019906328638701676
2,middle_500_1000,8,2.846846846846847,-0.031260869288572884,-0.02225038897090259,-0.019860238378300143
2,middle_500_1000,8,2.8453453453453452,-0.03121445664308553,-0.022178307952521625,-0.019814045220369503
2,middle_500_1000,8,2.843843843843844,-0.031166632917704634,-0.022106349688968296,-0.019767410320284035
2,middle_500_1000,8,2.8423423423423424,-0.031117652303441712,-0.022034193623055975,-0.019719958894459405
2,middle_500_1000,8,2.840840840840841,-0.031067768991308392,-0.021961767305932023,-0.019671273864880934
2,middle_500_1000,8,2.8393393393393396,-0.031017245467409776,-0.0218890116781566,-0.01962093323236494
2,middle_500_1000,8,2.8378378378378377,-0.030966414156050504,-0.02181584686923721,-0.019568830655906783
2,middle_500_1000,8,2.8363363363363363,-0.030915461330911387,-0.021742058674941445,-0.019515251479560403
2,middle_500_1000,8,2.834834834834835,-0.030864251323790032,-0.021667794192700596,-0.019460524787727973
2,middle_500_1000,8,2.8333333333333335,-0.030812618662192537,-0.021593400693215192,-0.01940502281976514
2,middle_500_1000,8,2.831831831831832,-0.030760397873624723,-0.021519030272293516,-0.019349124124014766
2,middle_500_1000,8,2.83033033033033,-0.030707423481626334,-0.021444740771470294,-0.019293095033136837
2,middle_500_1000,8,2.828828828828829,-0.03065351464471111,-0.021370589534456086,-0.019237163334830443
2,middle_500_1000,8,2.8273273273273274,-0.030598442091610112,-0.021296724853899995,-0.01918137813112203
2,middle_500_1000,8,2.825825825825826,-0.030542104084236493,-0.021223468595463424,-0.019125693897914048
2,middle_500_1000,8,2.8243243243243246,-0.03048452153998199,-0.02115078219129124,-0.019070049891011243
2,middle_500_1000,8,2.8228228228228227,-0.03042571827799606,-0.021078570931030993,-0.019014278768036297
2,middle_500_1000,8,2.8213213213213213,-0.03036571811742836,-0.02100678127202321,-0.018959080899491276
2,middle_500_1000,8,2.81981981981982,-0.03030454546938463,-0.02093535609482805,-0.0189035076562597
2,middle_500_1000,8,2.8183183183183185,-0.030242251012858157,-0.02086423392248904,-0.01884739363239582
2,middle_500_1000,8,2.816816816816817,-0.030178938832104596,-0.02079317304043482,-0.01879073966304795
2,middle_500_1000,8,2.815315315315315,-0.030114710399978567,-0.020721906588923644,-0.01873352545708329
2,middle_500_1000,8,2.813813813813814,-0.03004965378926794,-0.020650470100976814,-0.018675730723369643
2,middle_500_1000,8,2.8123123123123124,-0.02998385706940629,-0.020578897496518034,-0.0186173470487159
2,middle_500_1000,8,2.810810810810811,-0.029917408309826754,-0.02050722260304466,-0.0185584404397815
2,middle_500_1000,8,2.8093093093093096,-0.029850408797237632,-0.020435483920115627,-0.01849909612193798
2,middle_500_1000,8,2.8078078078078077,-0.029783087944872277,-0.020363733551128305,-0.018439512908954375
2,middle_500_1000,8,2.8063063063063063,-0.029715670539508104,-0.020292154665542572,-0.018380038257026193
2,middle_500_1000,8,2.804804804804805,-0.029648280186184317,-0.02022075564221737,-0.018321029410581308
2,middle_500_1000,8,2.8033033033033035,-0.029581032810229058,-0.02014938989989956,-0.018262843448312
2,middle_500_1000,8,2.801801801801802,-0.02951404433697047,-0.020077996199304837,-0.018205656045464202
2,middle_500_1000,8,2.8003003003003,-0.029447430691611987,-0.020006571283599228,-0.01814910035017747
2,middle_500_1000,8,2.798798798798799,-0.029381231584065193,-0.019935112953346823,-0.018092705780469315
2,middle_500_1000,8,2.7972972972972974,-0.02931521005912996,-0.019863608583334136,-0.01803598061696257
2,middle_500_1000,8,2.795795795795796,-0.02924922179897868,-0.01979204449800548,-0.01797842144825576
2,middle_500_1000,8,2.7942942942942945,-0.029183224100759214,-0.019720593613876902,-0.01791952474095193
2,middle_500_1000,8,2.7927927927927927,-0.02911717635473085,-0.01964946399249823,-0.01785880118964847
2,middle_500_1000,8,2.7912912912912913,-0.029051037951152575,-0.0195787628101054,-0.01779623973825714
2,middle_500_1000,8,2.78978978978979,-0.028984769746354055,-0.019508563854217842,-0.01773239115629055
2,middle_500_1000,8,2.7882882882882885,-0.02891843606758085,-0.01943894060787621,-0.017667845968208667
2,middle_500_1000,8,2.786786786786787,-0.02885220508871511,-0.019369942656179584,-0.017603243672561164
2,middle_500_1000,8,2.785285285285285,-0.028786054750338463,-0.019301561773502673,-0.017539235344909754
2,middle_500_1000,8,2.7837837837837838,-0.028719913282043597,-0.019233753344270965,-0.017476472060815762
2,middle_500_1000,8,2.7822822822822824,-0.028653708894783247,-0.019166433350127743,-0.017415531641315513
2,middle_500_1000,8,2.7807807807807805,-0.028587369799510542,-0.019099461962864217,-0.017356399164158987
2,middle_500_1000,8,2.7792792792792795,-0.02852082269125944,-0.019032695215890683,-0.017298800882975862
2,middle_500_1000,8,2.7777777777777777,-0.02845397782271311,-0.018965992325556014,-0.01724230530641027
2,middle_500_1000,8,2.7762762762762763,-0.02838675751989242,-0.018899254824945144,-0.017186244356525965
2,middle_500_1000,8,2.774774774774775,-0.028319077934253284,-0.01883236664234622,-0.017129931273302007
2,middle_500_1000,8,2.773273273273273,-0.02825085145345793,-0.01876518002203109,-0.01707267931031231
2,middle_500_1000,8,2.771771771771772,-0.028181990465168588,-0.018697754980821768,-0.01701393955674904
2,middle_500_1000,8,2.77027027027027,-0.028112407357047536,-0.018630340066834283,-0.016953616468849658
2,middle_500_1000,8,2.7687687687687688,-0.028042024057917198,-0.018563190581514954,-0.016891715675201785
2,middle_500_1000,8,2.7672672672672673,-0.027970820958560128,-0.018496556200402636,-0.01682860724374921
2,middle_500_1000,8,2.7657657657657655,-0.02789898032920385,-0.01843065801151228,-0.016764880951401162
2,middle_500_1000,8,2.7642642642642645,-0.02782685223681669,-0.018365718648130358,-0.016701129556166067
2,middle_500_1000,8,2.7627627627627627,-0.027754792927527916,-0.018301923388939823,-0.016637940850698613
2,middle_500_1000,8,2.7612612612612613,-0.027683158647466927,-0.018239179478385714,-0.016575690428207612
2,middle_500_1000,8,2.75975975975976,-0.02761230495002087,-0.01817728043566108,-0.016514505013559944
2,middle_500_1000,8,2.758258258258258,-0.02754250144802292,-0.018116019309098175,-0.016454438841792346
2,middle_500_1000,8,2.756756756756757,-0.027473789764030615,-0.018055173692293813,-0.016395261070574457
2,middle_500_1000,8,2.755255255255255,-0.027405887425287906,-0.017994538796747228,-0.01633667303979386
2,middle_500_1000,8,2.7537537537537538,-0.027338405950506517,-0.01793402958251994,-0.01627837608933852
2,middle_500_1000,8,2.7522522522522523,-0.027270956594778434,-0.017873587704703542,-0.01622009210444214
2,middle_500_1000,8,2.7507507507507505,-0.027203150613195143,-0.01781318439762203,-0.016161756680983796
2,middle_500_1000,8,2.7492492492492495,-0.027134615566475423,-0.01775279776800265,-0.0161034045436457
2,middle_500_1000,8,2.7477477477477477,-0.02706524903817173,-0.017692407906673036,-0.0160451031849905
2,middle_500_1000,8,2.7462462462462462,-0.026995268922564486,-0.017632025092050474,-0.015986978342587332
2,middle_500_1000,8,2.744744744744745,-0.02692510692691799,-0.01757158572108153,-0.01592916054306895
2,middle_500_1000,8,2.743243243243243,-0.026855223030162995,-0.017510915681931916,-0.015871780312482986
2,middle_500_1000,8,2.741741741741742,-0.026786077211230358,-0.017449936682705725,-0.015814905049769262
2,middle_500_1000,8,2.74024024024024,-0.026718129449050998,-0.01738869221104572,-0.01575835886654306
2,middle_500_1000,8,2.7387387387387387,-0.026651755676919048,-0.01732723293029864,-0.015701908460452718
2,middle_500_1000,8,2.7372372372372373,-0.026586890367438498,-0.017265616195509148,-0.015645363467364642
2,middle_500_1000,8,2.7357357357357355,-0.026523180630061316,-0.01720394729626179,-0.015588563210434836
2,middle_500_1000,8,2.7342342342342345,-0.026460102775772237,-0.017142414146403717,-0.015531347603388396
2,middle_500_1000,8,2.7327327327327327,-0.02639712397398658,-0.017081229715396218,-0.015473558232253826
2,middle_500_1000,8,2.7312312312312312,-0.02633371139412022,-0.017020544203593668,-0.015415146999498586
2,middle_500_1000,8,2.72972972972973,-0.026269332913550658,-0.016960474583470442,-0.015356266118555673
2,middle_500_1000,8,2.728228228228228,-0.026203604642895895,-0.016901137323200255,-0.015297095010007866
2,middle_500_1000,8,2.726726726726727,-0.026136496679772414,-0.01684260463352949,-0.015237786978284679
2,middle_500_1000,8,2.725225225225225,-0.02606830612174796,-0.01678483676356063,-0.01517848728929308
2,middle_500_1000,8,2.7237237237237237,-0.025999490532183783,-0.016727742483481245,-0.01511934120691813
2,middle_500_1000,8,2.7222222222222223,-0.02593050877138714,-0.016671232341694986,-0.01506049235463
2,middle_500_1000,8,2.7207207207207205,-0.02586181969966489,-0.016615214890968677,-0.015002062405382266
2,middle_500_1000,8,2.7192192192192195,-0.02579387901394603,-0.016559589190888457,-0.014944150541003676
2,middle_500_1000,8,2.7177177177177176,-0.025727082199244994,-0.016504255494171005,-0.014886865150814277
2,middle_500_1000,8,2.7162162162162162,-0.025661669325389824,-0.016449153374379466,-0.014830340799017239
2,middle_500_1000,8,2.714714714714715,-0.02559747845891605,-0.01639432826450249,-0.014774715469821342
2,middle_500_1000,8,2.713213213213213,-0.02553425567310838,-0.016339914268997946,-0.014720127147436646
2,middle_500_1000,8,2.7117117117117115,-0.02547174704125174,-0.01628597497157691,-0.01466667751423506
2,middle_500_1000,8,2.71021021021021,-0.02540969863663095,-0.016232495312661133,-0.014614244148250577
2,middle_500_1000,8,2.7087087087087087,-0.025347848594151734,-0.01617945950204458,-0.014562596406929695
2,middle_500_1000,8,2.7072072072072073,-0.025285881341682942,-0.016126850800280867,-0.014511432334341823
2,middle_500_1000,8,2.7057057057057055,-0.02522365687128489,-0.01607463131607323,-0.014460379951644842
2,middle_500_1000,8,2.704204204204204,-0.025161339844015168,-0.016022586267235295,-0.01440906411457582
2,middle_500_1000,8,2.7027027027027026,-0.025099120414062343,-0.015970389968217424,-0.014357110270031559
2,middle_500_1000,8,2.701201201201201,-0.025037188735614974,-0.015917899290480153,-0.014304259775250627
2,middle_500_1000,8,2.6996996996997,-0.024975734931142246,-0.015865080432236223,-0.01425056290326493
2,middle_500_1000,8,2.698198198198198,-0.024914925932521093,-0.015811900780375532,-0.014196157735214376
2,middle_500_1000,8,2.6966966966966965,-0.024854837474203084,-0.015758335460368644,-0.014141287230284516
2,middle_500_1000,8,2.695195195195195,-0.0247952931294112,-0.015704442140598407,-0.014086238892477121
2,middle_500_1000,8,2.6936936936936937,-0.024735980181698425,-0.015650582216642284,-0.014031300391949775
2,middle_500_1000,8,2.6921921921921923,-0.02467658383135543,-0.015597174272159231,-0.013976754841949934
2,middle_500_1000,8,2.6906906906906904,-0.024616789278674056,-0.015544427710432185,-0.013922781344881119
2,middle_500_1000,8,2.689189189189189,-0.024556286389188026,-0.015492480323417657,-0.01386940879745302
2,middle_500_1000,8,2.6876876876876876,-0.0244949240021122,-0.0154414693734517,-0.013816619585860723
2,middle_500_1000,8,2.686186186186186,-0.024432821137532895,-0.015391511004826941,-0.013764324248867865
2,middle_500_1000,8,2.684684684684685,-0.024370314439232488,-0.015342543340382764,-0.013712419552756039
2,middle_500_1000,8,2.683183183183183,-0.024307777897483118,-0.015294161654679006,-0.013660802263807392
2,middle_500_1000,8,2.6816816816816815,-0.024245585518400975,-0.015245982706934114,-0.01360936174817784
2,middle_500_1000,8,2.68018018018018,-0.024184111308100997,-0.015197792395989729,-0.013557944824786727
2,middle_500_1000,8,2.6786786786786787,-0.024123704989534756,-0.015149404706446323,-0.013506383954587753
2,middle_500_1000,8,2.6771771771771773,-0.024064474566280664,-0.015100634277904312,-0.01345457367480396
2,middle_500_1000,8,2.6756756756756754,-0.024006273244480958,-0.015051315711086533,-0.013402502237658598
2,middle_500_1000,8,2.674174174174174,-0.023948815582118477,-0.0150015220103904,-0.013350165626033639
2,middle_500_1000,8,2.6726726726726726,-0.023891810029752547,-0.014951566429825869,-0.013297559916141566
2,middle_500_1000,8,2.671171171171171,-0.02383496503794255,-0.014901705693507683,-0.013244748028449438
2,middle_500_1000,8,2.66966966966967,-0.02377798905724743,-0.014852095935454335,-0.013192031943517368
2,middle_500_1000,8,2.668168168168168,-0.023720632516781803,-0.014802884115219017,-0.013139796990488173
2,middle_500_1000,8,2.6666666666666665,-0.02366284272733926,-0.014754215642428625,-0.013088302522915707
2,middle_500_1000,8,2.665165165165165,-0.023604763437526377,-0.014706205972400022,-0.013038351880082066
2,middle_500_1000,8,2.6636636636636637,-0.02354658872742285,-0.0146588052272143,-0.012993429177627525
2,middle_500_1000,8,2.6621621621621623,-0.023488509740111463,-0.014611884423296306,-0.01294985784044278
2,middle_500_1000,8,2.6606606606606604,-0.023430717618674657,-0.014565332177335355,-0.012907856428411135
2,middle_500_1000,8,2.659159159159159,-0.023373403071100335,-0.01451908014160952,-0.012867183881191901
2,middle_500_1000,8,2.6576576576576576,-0.023316704630644725,-0.01447306334475329,-0.01282743105323958
2,middle_500_1000,8,2.656156156156156,-0.023260613550489362,-0.014427233845529686,-0.012788214423673283
2,middle_500_1000,8,2.6546546546546548,-0.02320497920654066,-0.014381564051778706,-0.012749158878323341
2,middle_500_1000,8,2.653153153153153,-0.02314965922185941,-0.014335968461310578,-0.012709889306639688
2,middle_500_1000,8,2.6516516516516515,-0.02309451288385095,-0.014290365352054635,-0.01267003757039209
2,middle_500_1000,8,2.65015015015015,-0.023039399479920758,-0.014244739362025305,-0.012629406097235563
2,middle_500_1000,8,2.6486486486486487,-0.02298418405763153,-0.014199078914029273,-0.012588150230593786
2,middle_500_1000,8,2.6471471471471473,-0.02292882522588674,-0.0141533713476365,-0.01254649206369407
2,middle_500_1000,8,2.6456456456456454,-0.022873413847262103,-0.01410759172517806,-0.012504662794265708
2,middle_500_1000,8,2.644144144144144,-0.022818107830149398,-0.014061829812970661,-0.012462894741302188
2,middle_500_1000,8,2.6426426426426426,-0.022763046438368878,-0.01401640585231223,-0.012421420223797441
2,middle_500_1000,8,2.641141141141141,-0.02270836870866491,-0.013971594554190836,-0.01238046420429234
2,middle_500_1000,8,2.6396396396396398,-0.02265421367778181,-0.013927483637569904,-0.012340129806735933
2,middle_500_1000,8,2.638138138138138,-0.022600694319190207,-0.013884131518487886,-0.01230033093321764
2,middle_500_1000,8,2.6366366366366365,-0.022547745292272936,-0.013841587550905476,-0.012260947682998902
2,middle_500_1000,8,2.635135135135135,-0.022495206345377883,-0.013799798612843861,-0.012221847965304011
2,middle_500_1000,8,2.6336336336336337,-0.022442949237282128,-0.013758445023513977,-0.01218289920019483
2,middle_500_1000,8,2.6321321321321323,-0.022390863588391763,-0.0137170198480413,-0.012143968795418014
2,middle_500_1000,8,2.6306306306306304,-0.022338839020099588,-0.013675173522493478,-0.012104915567622387
2,middle_500_1000,8,2.629129129129129,-0.022286765217968907,-0.01363278402678314,-0.012067865180501347
2,middle_500_1000,8,2.6276276276276276,-0.022234645291944244,-0.013589742904694502,-0.012030888884713764
2,middle_500_1000,8,2.626126126126126,-0.02218282267193239,-0.013546002243887467,-0.01199370843238401
2,middle_500_1000,8,2.6246246246246248,-0.022131591374208504,-0.01350176505315892,-0.011956371671362431
2,middle_500_1000,8,2.623123123123123,-0.022081085746588125,-0.0134574266483527,-0.011918959067196089
2,middle_500_1000,8,2.6216216216216215,-0.02203142175859346,-0.013413417861468768,-0.011881586807816036
2,middle_500_1000,8,2.62012012012012,-0.021982715379747497,-0.013369977548181256,-0.011844442813408185
2,middle_500_1000,8,2.6186186186186187,-0.021935072779554587,-0.013327260245823758,-0.011807721577246244
2,middle_500_1000,8,2.6171171171171173,-0.021888216410898165,-0.013285420945037374,-0.011771581540954701
2,middle_500_1000,8,2.6156156156156154,-0.021841416332692487,-0.013244489951053429,-0.011736152838872471
2,middle_500_1000,8,2.614114114114114,-0.02179420278127292,-0.013204339106378082,-0.011701504825312847
2,middle_500_1000,8,2.6126126126126126,-0.0217462951718283,-0.013164885541790183,-0.011667696768272506
2,middle_500_1000,8,2.611111111111111,-0.021697422093750918,-0.013126077534952763,-0.011634753614206683
2,middle_500_1000,8,2.6096096096096097,-0.02164731213643406,-0.013087925516570897,-0.01160259899274907
2,middle_500_1000,8,2.608108108108108,-0.02159576344084485,-0.013050434795363275,-0.011571006571311215
2,middle_500_1000,8,2.6066066066066065,-0.02154325950029845,-0.013013616610092038,-0.011539732356306842
2,middle_500_1000,8,2.605105105105105,-0.02149055803186878,-0.012977558889279095,-0.01150855267780393
2,middle_500_1000,8,2.6036036036036037,-0.02143816640709878,-0.012942204570403737,-0.01147726594063464
2,middle_500_1000,8,2.6021021021021022,-0.02138651443459344,-0.012907271648886498,-0.011445681933085705
2,middle_500_1000,8,2.6006006006006004,-0.021336030079827206,-0.01287240323194494,-0.01141369422046784
2,middle_500_1000,8,2.599099099099099,-0.02128714130827425,-0.012837200480370514,-0.011381334387238595
2,middle_500_1000,8,2.5975975975975976,-0.021240148629259326,-0.012801283662196572,-0.01134877792163641
2,middle_500_1000,8,2.596096096096096,-0.021194722470026295,-0.012764262010094285,-0.011316212018317395
2,middle_500_1000,8,2.5945945945945947,-0.0211504272333658,-0.012725748033804996,-0.011283820447215764
2,middle_500_1000,8,2.593093093093093,-0.021106837960573333,-0.012685769219276999,-0.0112517845111606
2,middle_500_1000,8,2.5915915915915915,-0.02106350395044082,-0.012644560697266494,-0.011220254558586884
2,middle_500_1000,8,2.59009009009009,-0.02101997444992998,-0.012602571622800984,-0.01118926196765252
2,middle_500_1000,8,2.5885885885885886,-0.020975800253901,-0.012560358924787018,-0.011158736737637787
2,middle_500_1000,8,2.5870870870870872,-0.0209307070498147,-0.012518468386842008,-0.011128549776668328
2,middle_500_1000,8,2.5855855855855854,-0.020884748706041012,-0.01247747633036489,-0.01109856672192977
2,middle_500_1000,8,2.584084084084084,-0.020838030987666734,-0.012437904217697637,-0.011068634612936945
2,middle_500_1000,8,2.5825825825825826,-0.02079081697082824,-0.01239988788718449,-0.01103859494014936
2,middle_500_1000,8,2.581081081081081,-0.02074340413084652,-0.01236344853869431,-0.011008328381487464
2,middle_500_1000,8,2.5795795795795797,-0.02069608994304256,-0.012328320378860225,-0.010977806175013038
2,middle_500_1000,8,2.578078078078078,-0.020649168013054386,-0.012294166506070292,-0.010947091102338158
2,middle_500_1000,8,2.5765765765765765,-0.020602829581792048,-0.012260654751085287,-0.010916265378341394
2,middle_500_1000,8,2.575075075075075,-0.02055716003528868,-0.012227419306725662,-0.010885427410959048
2,middle_500_1000,8,2.5735735735735736,-0.020512193417979552,-0.01219417001170564,-0.010854724954907913
2,middle_500_1000,8,2.5720720720720722,-0.020467879026215163,-0.012160824135170833,-0.010824314118281941
2,middle_500_1000,8,2.5705705705705704,-0.020424160517413803,-0.01212734426810469,-0.010794336134551219
2,middle_500_1000,8,2.569069069069069,-0.020380981548993482,-0.012093808481589918,-0.010764857809975159
2,middle_500_1000,8,2.5675675675675675,-0.020338293549619135,-0.012060308760264205,-0.01073587516120883
2,middle_500_1000,8,2.566066066066066,-0.020296125581420854,-0.012026934691564684,-0.010707396033203642
2,middle_500_1000,8,2.5645645645645647,-0.020254515774346282,-0.011993749409138443,-0.010679400894056168
2,middle_500_1000,8,2.563063063063063,-0.02021341945040034,-0.011960698067566056,-0.010651813566251667
2,middle_500_1000,8,2.5615615615615615,-0.020172767077396347,-0.011927641970931435,-0.010624545698416088
2,middle_500_1000,8,2.56006006006006,-0.02013248852009092,-0.011894456735900283,-0.010597472740836389
2,middle_500_1000,8,2.5585585585585586,-0.020092513643240717,-0.011861106764522789,-0.010570501355440687
2,middle_500_1000,8,2.557057057057057,-0.020052757017991196,-0.01182758590468913,-0.01054354373097216
2,middle_500_1000,8,2.5555555555555554,-0.020013059864558813,-0.011793909731958152,-0.010516501483680107
2,middle_500_1000,8,2.554054054054054,-0.019973320334210898,-0.011760216227485798,-0.010489293634135088
2,middle_500_1000,8,2.5525525525525525,-0.019933505404825635,-0.011726741208476277,-0.010461863002746874
2,middle_500_1000,8,2.551051051051051,-0.01989356743916515,-0.01169374141832491,-0.010434181454820335
2,middle_500_1000,8,2.5495495495495497,-0.019853458269495194,-0.011661402941991694,-0.010406291248871824
2,middle_500_1000,8,2.548048048048048,-0.019813129744639557,-0.011629733300500877,-0.01037822851155873
2,middle_500_1000,8,2.5465465465465464,-0.01977253626005837,-0.011598709474458735,-0.01035004258563782
2,middle_500_1000,8,2.545045045045045,-0.019731623496123174,-0.011568253301865283,-0.010321786656099896
2,middle_500_1000,8,2.5435435435435436,-0.01969026415856423,-0.011538157909224966,-0.010293529138807711
2,middle_500_1000,8,2.542042042042042,-0.019648579326651927,-0.011508186566451584,-0.010265353816636347
2,middle_500_1000,8,2.5405405405405403,-0.019606794790216375,-0.011478100978260408,-0.010237325635531369
2,middle_500_1000,8,2.539039039039039,-0.019565136377672543,-0.011447729034458565,-0.010209471257608016
2,middle_500_1000,8,2.5375375375375375,-0.01952383218707565,-0.011417052050703647,-0.010181858567402058
2,middle_500_1000,8,2.536036036036036,-0.019483158808824674,-0.011386074585325368,-0.010154598944109361
2,middle_500_1000,8,2.5345345345345347,-0.01944347595481377,-0.011354845055412288,-0.010127802397846553
2,middle_500_1000,8,2.533033033033033,-0.019405085303466296,-0.011323473464000866,-0.010101552088511767
2,middle_500_1000,8,2.5315315315315314,-0.019367773151207357,-0.0112920753734439,-0.010075914425575871
2,middle_500_1000,8,2.53003003003003,-0.019331234079998427,-0.011260771549363446,-0.010050931805988983
2,middle_500_1000,8,2.5285285285285286,-0.019295162671801258,-0.011229663825955472,-0.01002659051377508
2,middle_500_1000,8,2.527027027027027,-0.019259247577855132,-0.011198798939021204,-0.010002732353612709
2,middle_500_1000,8,2.5255255255255253,-0.019223122542373128,-0.01116822009017826,-0.009979158205202843
2,middle_500_1000,8,2.524024024024024,-0.019186354825660834,-0.011137966315949988,-0.009955669463142358
2,middle_500_1000,8,2.5225225225225225,-0.019148757334162603,-0.011108036670735011,-0.009932070219506872
2,middle_500_1000,8,2.521021021021021,-0.019110564076082526,-0.011078406748272429,-0.009908170220667478
2,middle_500_1000,8,2.5195195195195197,-0.019072037480792614,-0.011049028880565803,-0.009883835533994856
2,middle_500_1000,8,2.518018018018018,-0.01903343997488921,-0.011019796819304206,-0.009859029143886588
2,middle_500_1000,8,2.5165165165165164,-0.018995024072970823,-0.01099060587728673,-0.009833873025626605
2,middle_500_1000,8,2.515015015015015,-0.018957011926829803,-0.010961349764135542,-0.00980851488398865
2,middle_500_1000,8,2.5135135135135136,-0.01891961080807847,-0.010931926806482917,-0.009783101972310804
2,middle_500_1000,8,2.512012012012012,-0.018882737427107887,-0.0109023166311909,-0.00975778050237075
2,middle_500_1000,8,2.5105105105105103,-0.018846087061816674,-0.010872528237158119,-0.009732691090273027
2,middle_500_1000,8,2.509009009009009,-0.018809349119911445,-0.010842641585393387,-0.009707936490647162
2,middle_500_1000,8,2.5075075075075075,-0.01877221460866796,-0.010812852888035684,-0.009683566830086476
2,middle_500_1000,8,2.506006006006006,-0.0187344677204056,-0.01078336431802529,-0.009659579489254999
2,middle_500_1000,8,2.5045045045045047,-0.01869603543373166,-0.01075437138671076,-0.009635968618461166
2,middle_500_1000,8,2.503003003003003,-0.01865693064429963,-0.010726023696821407,-0.009612744803381812
2,middle_500_1000,8,2.5015015015015014,-0.018617470796823354,-0.010698405299045421,-0.009589934294259694
2,middle_500_1000,8,2.5,-0.01857809394022719,-0.01067158237857746,-0.009567564955021535
2,middle_500_1000,8,2.4984984984984986,-0.018539238838836347,-0.0106454848930575,-0.00954565885310893
2,middle_500_1000,8,2.496996996996997,-0.018501336058350415,-0.010619911417340644,-0.009524144153794434
2,middle_500_1000,8,2.4954954954954953,-0.018464694006821547,-0.010594656525015234,-0.009502896463676413
2,middle_500_1000,8,2.493993993993994,-0.018429523131008985,-0.01056953161557872,-0.009481788237880817
2,middle_500_1000,8,2.4924924924924925,-0.01839590169722849,-0.010544383813757552,-0.009460670889828993
2,middle_500_1000,8,2.490990990990991,-0.01836358228166607,-0.010519051630554221,-0.009439385633752517
2,middle_500_1000,8,2.4894894894894897,-0.018332242125216225,-0.010493391169696054,-0.009417775400972883
2,middle_500_1000,8,2.487987987987988,-0.018301558468462098,-0.010467408923778954,-0.009395722898346726
2,middle_500_1000,8,2.4864864864864864,-0.018271203976150396,-0.01044119315769143,-0.009373286754915333
2,middle_500_1000,8,2.484984984984985,-0.018240813337354334,-0.010414833644426746,-0.009350582414394903
2,middle_500_1000,8,2.4834834834834836,-0.018210014049665935,-0.01038840984612932,-0.00932772540470811
2,middle_500_1000,8,2.481981981981982,-0.018178593517820252,-0.010362054599526882,-0.0093048316051208
2,middle_500_1000,8,2.4804804804804803,-0.018146534307495132,-0.010335947204183737,-0.009282017008376664
2,middle_500_1000,8,2.478978978978979,-0.01811383603737665,-0.010310246272262513,-0.009259402821980844
2,middle_500_1000,8,2.4774774774774775,-0.018080498326151162,-0.010285005304400352,-0.009237067046769187
2,middle_500_1000,8,2.475975975975976,-0.01804656762532192,-0.010260227227516072,-0.00921500632770672
2,middle_500_1000,8,2.4744744744744747,-0.01801231334924397,-0.010235913886500247,-0.009193218693361316
2,middle_500_1000,8,2.472972972972973,-0.01797805522088297,-0.010212046598145896,-0.009171713357152722
2,middle_500_1000,8,2.4714714714714714,-0.017944077024231675,-0.010188489858175998,-0.009150530651518385
2,middle_500_1000,8,2.46996996996997,-0.01791066960458504,-0.010165071030695638,-0.009129716164378465
2,middle_500_1000,8,2.4684684684684686,-0.017878124328044864,-0.010141657704294205,-0.009109298931631815
2,middle_500_1000,8,2.466966966966967,-0.017846732320506375,-0.01011817349695232,-0.009089282522097009
2,middle_500_1000,8,2.4654654654654653,-0.017816647344415848,-0.010094548642989198,-0.009069646114899133
2,middle_500_1000,8,2.463963963963964,-0.017787655826596582,-0.010070715120297113,-0.009050361432620058
2,middle_500_1000,8,2.4624624624624625,-0.017759493152813888,-0.010046657567950645,-0.00903137222788103
2,middle_500_1000,8,2.460960960960961,-0.017731751589427136,-0.01002248217342927,-0.00901257290674723
2,middle_500_1000,8,2.4594594594594597,-0.017703865778562644,-0.009998314972713751,-0.008993852922606294
2,middle_500_1000,8,2.457957957957958,-0.017675265224155468,-0.009974231172404813,-0.008975110640636386
2,middle_500_1000,8,2.4564564564564564,-0.017645383211457477,-0.009950298183548756,-0.008956271513451075
2,middle_500_1000,8,2.454954954954955,-0.01761389359598825,-0.009926605396096577,-0.008937270927897034
2,middle_500_1000,8,2.4534534534534536,-0.01758085709119428,-0.009903232337849843,-0.008918045556584597
2,middle_500_1000,8,2.451951951951952,-0.017546421557721403,-0.009880155856053618,-0.008898564232999784
2,middle_500_1000,8,2.4504504504504503,-0.017510982839461287,-0.009857247824306192,-0.008878829210702877
2,middle_500_1000,8,2.448948948948949,-0.017475038059304338,-0.009834374361253229,-0.008858844673316046
2,middle_500_1000,8,2.4474474474474475,-0.01743908447925996,-0.009811450419335177,-0.008838639975537521
2,middle_500_1000,8,2.445945945945946,-0.017403606138194527,-0.00978841901170413,-0.008818340379318668
2,middle_500_1000,8,2.4444444444444446,-0.017368921713940555,-0.009765219718579465,-0.008798121189329433
2,middle_500_1000,8,2.442942942942943,-0.017335224577990527,-0.009741817714454037,-0.008778157744763038
2,middle_500_1000,8,2.4414414414414414,-0.017302672509610872,-0.009718323887891511,-0.008758608906725751
2,middle_500_1000,8,2.43993993993994,-0.017271321644624194,-0.009694946433211227,-0.008739620756794741
2,middle_500_1000,8,2.4384384384384385,-0.017241185552669014,-0.009671894823047755,-0.008721338287984826
2,middle_500_1000,8,2.436936936936937,-0.017212277786488983,-0.009649315582976659,-0.008703847624557393
2,middle_500_1000,8,2.4354354354354353,-0.017184575076550412,-0.009627292113019159,-0.008687030062410173
2,middle_500_1000,8,2.433933933933934,-0.017157892729071533,-0.009605904794843467,-0.008670670704072181
2,middle_500_1000,8,2.4324324324324325,-0.017131998163553708,-0.009585196135893592,-0.00865455301953183
2,middle_500_1000,8,2.4309309309309306,-0.017106612948522337,-0.009565059168378243,-0.008638466509471199
2,middle_500_1000,8,2.4294294294294296,-0.017081377651085417,-0.009545330659912254,-0.008622203442457455
2,middle_500_1000,8,2.4279279279279278,-0.01705591724590927,-0.00952581804359287,-0.008605558143248648
2,middle_500_1000,8,2.4264264264264264,-0.01702985695395909,-0.009506285528865788,-0.008588396556089728
2,middle_500_1000,8,2.424924924924925,-0.01700292085668753,-0.009486598152071424,-0.008570751920202846
2,middle_500_1000,8,2.423423423423423,-0.01697508472005793,-0.009466631669403314,-0.008552709393707558
2,middle_500_1000,8,2.421921921921922,-0.016946398255470008,-0.009446289106285866,-0.00853435352474824
2,middle_500_1000,8,2.4204204204204203,-0.016917031903645685,-0.00942553498546217,-0.008515764575438234
2,middle_500_1000,8,2.418918918918919,-0.016887303836425338,-0.009404348118998596,-0.008497021578811548
2,middle_500_1000,8,2.4174174174174174,-0.01685754561649927,-0.009382743288717132,-0.008478203272717977
2,middle_500_1000,8,2.4159159159159156,-0.0168280876434469,-0.009360862193315778,-0.008459379587716642
2,middle_500_1000,8,2.4144144144144146,-0.016799169709512785,-0.009338807393021065,-0.008440605760128228
2,middle_500_1000,8,2.4129129129129128,-0.01677087418010431,-0.009316675149063536,-0.008421935117552903
2,middle_500_1000,8,2.4114114114114114,-0.016743234350581393,-0.00929457840624337,-0.008403427807390895
2,middle_500_1000,8,2.40990990990991,-0.01671620506151833,-0.009272658179908189,-0.00838515770906284
2,middle_500_1000,8,2.408408408408408,-0.01668964413385743,-0.009251058582304905,-0.008367200349865767
2,middle_500_1000,8,2.406906906906907,-0.01666339862915356,-0.00922989285428033,-0.008349630451650658
2,middle_500_1000,8,2.4054054054054053,-0.016637320174352432,-0.009209133574604622,-0.008332488672908311
2,middle_500_1000,8,2.403903903903904,-0.016611352318860295,-0.009188745159920741,-0.008315762335417698
2,middle_500_1000,8,2.4024024024024024,-0.016585524869306922,-0.009168693782072301,-0.008299433582664384
2,middle_500_1000,8,2.4009009009009006,-0.016559881484210837,-0.00914892456535743,-0.00828347270325186
2,middle_500_1000,8,2.3993993993993996,-0.016534459143296265,-0.00912936036977574,-0.00826781928012521
2,middle_500_1000,8,2.3978978978978978,-0.01650924520756991,-0.009109922354054945,-0.008252407990219424
2,middle_500_1000,8,2.3963963963963963,-0.016484221011874578,-0.009090582695042704,-0.008237170501165458
2,middle_500_1000,8,2.394894894894895,-0.016459359377920535,-0.009071410912326883,-0.008222010793344114
2,middle_500_1000,8,2.393393393393393,-0.016434522765634674,-0.0090524374280051,-0.008206822152820148
2,middle_500_1000,8,2.391891891891892,-0.016409494394679314,-0.009033688428362718,-0.008191498704398725
2,middle_500_1000,8,2.3903903903903903,-0.016384051073905004,-0.00901516630193866,-0.008175951516242563
2,middle_500_1000,8,2.388888888888889,-0.016358081800777247,-0.008996822986754971,-0.008160129444719944
2,middle_500_1000,8,2.3873873873873874,-0.016331569102128907,-0.00897860594708877,-0.008143986456919217
2,middle_500_1000,8,2.3858858858858856,-0.016304498280557023,-0.008960446629000196,-0.008127485463037876
2,middle_500_1000,8,2.3843843843843846,-0.01627687118075294,-0.008942267801000048,-0.008110676070588296
2,middle_500_1000,8,2.3828828828828827,-0.016248790185086626,-0.008924024409840192,-0.008093693388065593
2,middle_500_1000,8,2.3813813813813813,-0.016220403133764216,-0.008905671606235344,-0.008076679498299988
2,middle_500_1000,8,2.37987987987988,-0.016191862891827058,-0.00888719508420377,-0.008059760058784893
2,middle_500_1000,8,2.378378378378378,-0.01616320161538637,-0.008868645639238615,-0.00804303826835645
2,middle_500_1000,8,2.376876876876877,-0.016134371429546934,-0.008850080083275924,-0.008026615706424434
2,middle_500_1000,8,2.3753753753753752,-0.016105321706718412,-0.008831559973890513,-0.00801058475535682
2,middle_500_1000,8,2.373873873873874,-0.016075982459241134,-0.008813138284859412,-0.007994970267337587
2,middle_500_1000,8,2.3723723723723724,-0.016046230618630086,-0.008794853220997823,-0.007979684069657655
2,middle_500_1000,8,2.3708708708708706,-0.0160159357699029,-0.008776745354399762,-0.007964614840308193
2,middle_500_1000,8,2.3693693693693696,-0.015985025010757714,-0.008758846884419635,-0.007949649683729798
2,middle_500_1000,8,2.3678678678678677,-0.01595358974342681,-0.008741162561989313,-0.007934674284379328
2,middle_500_1000,8,2.3663663663663663,-0.015921782151733843,-0.008723695400178588,-0.007919574304874943
2,middle_500_1000,8,2.364864864864865,-0.015889757702080676,-0.008706438621110424,-0.007904239976744998
2,middle_500_1000,8,2.363363363363363,-0.015857779724000598,-0.008689339837354204,-0.007888614092075641
2,middle_500_1000,8,2.361861861861862,-0.01582625719987185,-0.008672332817326378,-0.007872761619076907
2,middle_500_1000,8,2.3603603603603602,-0.015795586531569872,-0.008655350689946384,-0.007856768177674611
2,middle_500_1000,8,2.358858858858859,-0.015766067026799724,-0.008638344175974866,-0.00784073429343074
2,middle_500_1000,8,2.3573573573573574,-0.015737855990096472,-0.008621280381683971,-0.007824776209103212
2,middle_500_1000,8,2.3558558558558556,-0.015710971102556037,-0.008604126694853553,-0.007809010820798823
2,middle_500_1000,8,2.3543543543543546,-0.01568539929279783,-0.00858685767258971,-0.007793549037693637
2,middle_500_1000,8,2.3528528528528527,-0.01566084264523593,-0.008569499175189565,-0.007778404844824394
2,middle_500_1000,8,2.3513513513513513,-0.015636792273062416,-0.008552099147032144,-0.007763446945228458
2,middle_500_1000,8,2.34984984984985,-0.015612757165700042,-0.008534701944092116,-0.007748530889566285
2,middle_500_1000,8,2.348348348348348,-0.015588312248496827,-0.008517316487041793,-0.007733494756303416
2,middle_500_1000,8,2.346846846846847,-0.015563151788408613,-0.00849993188017828,-0.007718163738684558
2,middle_500_1000,8,2.3453453453453452,-0.015537072960191411,-0.008482536992799883,-0.00770236290878723
2,middle_500_1000,8,2.343843843843844,-0.01550988872270559,-0.008465122980819029,-0.0076859347250404775
2,middle_500_1000,8,2.3423423423423424,-0.015481599937470003,-0.008447692740148005,-0.007668852160489625
2,middle_500_1000,8,2.3408408408408405,-0.015452366678506468,-0.008430252108852954,-0.007651317292225013
2,middle_500_1000,8,2.3393393393393396,-0.01542234449442248,-0.008412809954595257,-0.0076335631193290565
2,middle_500_1000,8,2.3378378378378377,-0.015391677660707481,-0.008395383061593487,-0.007615842465135025
2,middle_500_1000,8,2.3363363363363363,-0.015360508525997185,-0.00837798334175166,-0.007598431469631239
2,middle_500_1000,8,2.334834834834835,-0.015328974199332879,-0.008360622300765286,-0.007581607500865062
2,middle_500_1000,8,2.333333333333333,-0.015297210429564445,-0.00834329263065281,-0.0075656116651711125
2,middle_500_1000,8,2.331831831831832,-0.015265346670830071,-0.008325962313429303,-0.007550490039898383
2,middle_500_1000,8,2.33033033033033,-0.015233505085762267,-0.008308606278029651,-0.007536067773937505
2,middle_500_1000,8,2.328828828828829,-0.015201787307034254,-0.008291201070558474,-0.00752214622998526
2,middle_500_1000,8,2.3273273273273274,-0.015170265926992776,-0.008273791449051049,-0.00750849092740824
2,middle_500_1000,8,2.3258258258258255,-0.015138976641465796,-0.008256475718554701,-0.007494809778519684
2,middle_500_1000,8,2.3243243243243246,-0.015107821210881334,-0.00823935298644507,-0.007480805492712628
2,middle_500_1000,8,2.3228228228228227,-0.015076667308828284,-0.008222509851952164,-0.007466202610159844
2,middle_500_1000,8,2.3213213213213213,-0.01504537315167398,-0.008206011216044695,-0.007450860733460352
2,middle_500_1000,8,2.31981981981982,-0.015013789003789746,-0.00818992603387847,-0.007434861998771969
2,middle_500_1000,8,2.318318318318318,-0.01498180032712254,-0.0081742801558079,-0.007418350471487756
2,middle_500_1000,8,2.316816816816817,-0.01494933528885728,-0.008158959616737071,-0.00740154424425965
2,middle_500_1000,8,2.315315315315315,-0.014916360643122517,-0.008143827011553473,-0.007384717079738146
2,middle_500_1000,8,2.313813813813814,-0.014883058286730477,-0.008128744989804426,-0.007368144094130058
2,middle_500_1000,8,2.3123123123123124,-0.014849684497562965,-0.008113584773553062,-0.007352092172653535
2,middle_500_1000,8,2.3108108108108105,-0.014816403047607618,-0.008098243461954424,-0.007336734198989336
2,middle_500_1000,8,2.3093093093093096,-0.014783328072728363,-0.008082624437786623,-0.007322027916506324
2,middle_500_1000,8,2.3078078078078077,-0.01475055535898756,-0.00806670688615696,-0.007307872541018445
2,middle_500_1000,8,2.3063063063063063,-0.014718159057264313,-0.008050530496313768,-0.007294114620773395
2,middle_500_1000,8,2.304804804804805,-0.014686193762526445,-0.008034122278176903,-0.007280565619052437
2,middle_500_1000,8,2.303303303303303,-0.014654502098805144,-0.00801750923660427,-0.007267036362413437
2,middle_500_1000,8,2.301801801801802,-0.01462280569566149,-0.008000717266940294,-0.007253341933512292
2,middle_500_1000,8,2.3003003003003,-0.014590952493041431,-0.007983753289175777,-0.007239340555732443
2,middle_500_1000,8,2.298798798798799,-0.014558844525548176,-0.007966609981018169,-0.0072250492622059626
2,middle_500_1000,8,2.2972972972972974,-0.014526370605652206,-0.007949274511370619,-0.007210589750079488
2,middle_500_1000,8,2.2957957957957955,-0.014493428193886715,-0.007931752183877538,-0.007196098337912682
2,middle_500_1000,8,2.2942942942942945,-0.014458961592916597,-0.007914072065574485,-0.007181720614143738
2,middle_500_1000,8,2.2927927927927927,-0.014420740175647595,-0.007896263749904708,-0.007167602459637767
2,middle_500_1000,8,2.2912912912912913,-0.014382332769165562,-0.007878366144637883,-0.0071538832335442115
2,middle_500_1000,8,2.28978978978979,-0.014343839523887014,-0.007860482982638972,-0.007140643769504684
2,middle_500_1000,8,2.288288288288288,-0.014305355967806244,-0.007842745486655645,-0.007127809005744334
2,middle_500_1000,8,2.286786786786787,-0.014267031190435153,-0.00782526044582621,-0.007115238829458748
2,middle_500_1000,8,2.285285285285285,-0.014229027396996219,-0.007808103232508912,-0.007102790180629093
2,middle_500_1000,8,2.2837837837837838,-0.014191486025938338,-0.007791353852451666,-0.0070903183506254575
2,middle_500_1000,8,2.2822822822822824,-0.01415440641753779,-0.007775092385254201,-0.007077678574040125
2,middle_500_1000,8,2.2807807807807805,-0.014117685991971107,-0.007759385362950844,-0.0070647181219924415
2,middle_500_1000,8,2.2792792792792795,-0.014081243211090555,-0.0077442137549688095,-0.007051270602588977
2,middle_500_1000,8,2.2777777777777777,-0.01404498881445343,-0.00772951870172911,-0.007037274474677502
2,middle_500_1000,8,2.2762762762762763,-0.014008811599734217,-0.00771524911603938,-0.007022760823596819
2,middle_500_1000,8,2.274774774774775,-0.013972597850357926,-0.007701325452565522,-0.007007773575847032
2,middle_500_1000,8,2.273273273273273,-0.013936244200464354,-0.007687583994947622,-0.006992370066456033
2,middle_500_1000,8,2.271771771771772,-0.013899735951943548,-0.007673851025977285,-0.006976608619473801
2,middle_500_1000,8,2.27027027027027,-0.013863172994380557,-0.007659955938120189,-0.006960566681557201
2,middle_500_1000,8,2.2687687687687688,-0.01382667505748636,-0.007645757834732092,-0.006944403571217006
2,middle_500_1000,8,2.2672672672672673,-0.013790376747041588,-0.007631132952654607,-0.006928242707804844
2,middle_500_1000,8,2.2657657657657655,-0.01375443195549525,-0.007615970020108942,-0.006912135374632367
2,middle_500_1000,8,2.2642642642642645,-0.01371899592102438,-0.007600265859412092,-0.006896110062468597
2,middle_500_1000,8,2.2627627627627627,-0.013684219236426987,-0.007584107545276941,-0.00688018496188636
2,middle_500_1000,8,2.2612612612612613,-0.013650209431268323,-0.007567586206421395,-0.006864378140469529
2,middle_500_1000,8,2.25975975975976,-0.013616922745210869,-0.007550811169429128,-0.006848685167130886
2,middle_500_1000,8,2.258258258258258,-0.013584198052018992,-0.00753396150251695,-0.006833018900681664
2,middle_500_1000,8,2.256756756756757,-0.013551816586521437,-0.007517241464758295,-0.006817297661756816
2,middle_500_1000,8,2.255255255255255,-0.013519520878502778,-0.0075008436525512145,-0.006801520505620107
2,middle_500_1000,8,2.2537537537537538,-0.013487052574181035,-0.00748490502451693,-0.006785709983186339
2,middle_500_1000,8,2.2522522522522523,-0.013454154782718886,-0.00746947139809595,-0.0067698914031661395
2,middle_500_1000,8,2.2507507507507505,-0.013420611654263281,-0.007454572641334756,-0.0067540901452594615
2,middle_500_1000,8,2.2492492492492495,-0.013386400319160774,-0.00744020876271545,-0.006738356604285289
2,middle_500_1000,8,2.2477477477477477,-0.01335163659496691,-0.0074262434961750445,-0.006722805261742126
2,middle_500_1000,8,2.2462462462462462,-0.013316505342366669,-0.007412468581604492,-0.006707527001633018
2,middle_500_1000,8,2.244744744744745,-0.013281228959085123,-0.007398687889712097,-0.006692504464870241
2,middle_500_1000,8,2.243243243243243,-0.013246030418513577,-0.007384756882608534,-0.006677715065358636
2,middle_500_1000,8,2.241741741741742,-0.013211138197492256,-0.007370571273307203,-0.006663146260239394
2,middle_500_1000,8,2.24024024024024,-0.013176791257901999,-0.007356030737595054,-0.006648785666936441
2,middle_500_1000,8,2.2387387387387387,-0.013143093855785826,-0.0073410856246183265,-0.006634606910395857
2,middle_500_1000,8,2.2372372372372373,-0.013110012795367332,-0.007325773525525436,-0.0066205071587138176
2,middle_500_1000,8,2.2357357357357355,-0.013077466938630544,-0.007310174465167574,-0.006606355152836585
2,middle_500_1000,8,2.2342342342342345,-0.013045359044082272,-0.007294375799190789,-0.006592119746612335
2,middle_500_1000,8,2.2327327327327327,-0.013013591833148541,-0.007278438481886695,-0.006577805429577255
2,middle_500_1000,8,2.2312312312312312,-0.01298206250455436,-0.007262404825622348,-0.006563394498439512
2,middle_500_1000,8,2.22972972972973,-0.01295063980664135,-0.0072463168702797676,-0.006548867202538111
2,middle_500_1000,8,2.228228228228228,-0.012919207841004088,-0.0072302377723970634,-0.006534206364862294
2,middle_500_1000,8,2.226726726726727,-0.012887724621577057,-0.007214245306120248,-0.006519449176704495
2,middle_500_1000,8,2.225225225225225,-0.01285618845254205,-0.00719839957304913,-0.006504703891173191
2,middle_500_1000,8,2.2237237237237237,-0.012824602166381538,-0.007182717489494617,-0.006490063266750001
2,middle_500_1000,8,2.2222222222222223,-0.012792968595578214,-0.007167207450215041,-0.006475529392896362
2,middle_500_1000,8,2.2207207207207205,-0.012761292075379405,-0.0071518848325118345,-0.006461095010702023
2,middle_500_1000,8,2.2192192192192195,-0.012729594236152497,-0.007136766615754464,-0.006446756859222524
2,middle_500_1000,8,2.2177177177177176,-0.012697922159741692,-0.007121847864754782,-0.006432506424172368
2,middle_500_1000,8,2.2162162162162162,-0.01266632146731489,-0.007107021030108296,-0.006418279523627279
2,middle_500_1000,8,2.214714714714715,-0.012634812838307419,-0.007092149098399947,-0.006403974616367603
2,middle_500_1000,8,2.213213213213213,-0.012603415210291291,-0.007077126501141451,-0.0063894783593314575
2,middle_500_1000,8,2.211711711711712,-0.012572147520838461,-0.007061903964532101,-0.006374710546994122
2,middle_500_1000,8,2.21021021021021,-0.012541028657820474,-0.0070464444167082085,-0.006359662455500958
2,middle_500_1000,8,2.2087087087087087,-0.012510078567121774,-0.007030711985778981,-0.006344334517344674
2,middle_500_1000,8,2.2072072072072073,-0.01247933388259348,-0.007014688754774956,-0.0063287331092214405
2,middle_500_1000,8,2.2057057057057055,-0.012448848540337287,-0.006998472214241658,-0.00631294636792451
2,middle_500_1000,8,2.2042042042042045,-0.012418682953318216,-0.0069822051971817345,-0.00629712189952647
2,middle_500_1000,8,2.2027027027027026,-0.012388897792465547,-0.00696602506391697,-0.006281407112793458
2,middle_500_1000,8,2.201201201201201,-0.012359553728709616,-0.006950045467561949,-0.0062659299584003625
2,middle_500_1000,8,2.1996996996997,-0.012330710894980113,-0.006934341301446656,-0.006250753290231226
2,middle_500_1000,8,2.198198198198198,-0.01230242169852147,-0.006918982671010876,-0.006235922140280625
2,middle_500_1000,8,2.196696696696697,-0.012274629629200395,-0.006904034727440611,-0.0062214526638166845
2,middle_500_1000,8,2.195195195195195,-0.012247186576747338,-0.006889463694345843,-0.006207223905988379
2,middle_500_1000,8,2.1936936936936937,-0.0122199544997183,-0.006875144784390219,-0.006193074351920791
2,middle_500_1000,8,2.1921921921921923,-0.012192795875714035,-0.006860958570793829,-0.006178849080551718
2,middle_500_1000,8,2.1906906906906904,-0.012165573182335299,-0.006846786586194864,-0.006164407827519702
2,middle_500_1000,8,2.1891891891891895,-0.012138148026248519,-0.006832491721884604,-0.006149654786472669
2,middle_500_1000,8,2.1876876876876876,-0.01211037030271439,-0.006817935961661359,-0.00613452136746262
2,middle_500_1000,8,2.186186186186186,-0.012082154584779514,-0.00680298129485124,-0.00611895216719488
2,middle_500_1000,8,2.184684684684685,-0.012053569835966726,-0.006787526266317068,-0.006103024322635209
2,middle_500_1000,8,2.183183183183183,-0.012024699765127433,-0.006771610418512153,-0.006086893382668046
2,middle_500_1000,8,2.181681681681682,-0.011995626959926897,-0.006755307922813758,-0.0060707074983208376
2,middle_500_1000,8,2.18018018018018,-0.011966434008029603,-0.006738720252973507,-0.006054601151110506
2,middle_500_1000,8,2.1786786786786787,-0.011937203497100757,-0.006721999820875957,-0.006038699767590472
2,middle_500_1000,8,2.1771771771771773,-0.011908024867991307,-0.006705301159493193,-0.006023108461745863
2,middle_500_1000,8,2.1756756756756754,-0.011879003465950277,-0.006688778311602972,-0.006007910359857871
2,middle_500_1000,8,2.1741741741741745,-0.011850234455254904,-0.006672579947233692,-0.005993066836654903
2,middle_500_1000,8,2.1726726726726726,-0.011821751043257278,-0.006656751727729282,-0.005978493135760654
2,middle_500_1000,8,2.171171171171171,-0.011793565510589021,-0.006641231118524771,-0.00596410977302031
2,middle_500_1000,8,2.16966966966967,-0.011765690128407003,-0.006625927142219323,-0.005949850488528474
2,middle_500_1000,8,2.168168168168168,-0.011738137167867202,-0.006610715871364525,-0.00593561545261212
2,middle_500_1000,8,2.166666666666667,-0.01171091170849986,-0.006595447850682001,-0.005921321646874589
2,middle_500_1000,8,2.165165165165165,-0.011683974277225284,-0.0065799729460921386,-0.005906904423208292
2,middle_500_1000,8,2.1636636636636637,-0.011657265193013744,-0.006564148593271368,-0.005892362352256042
2,middle_500_1000,8,2.1621621621621623,-0.011630735594683528,-0.006547949976294265,-0.005877735026885489
2,middle_500_1000,8,2.1606606606606604,-0.011604346359404993,-0.006531470812692786,-0.005863062735113556
2,middle_500_1000,8,2.1591591591591595,-0.011578065162970386,-0.00651482577310325,-0.005848379377864976
2,middle_500_1000,8,2.1576576576576576,-0.01155185982880641,-0.006498133012025398,-0.005833700407638143
2,middle_500_1000,8,2.156156156156156,-0.011525709577526855,-0.006481542426770792,-0.005819030860069796
2,middle_500_1000,8,2.1546546546546548,-0.011499650402177153,-0.006465224381650314,-0.005804354453867233
2,middle_500_1000,8,2.153153153153153,-0.01147371212167142,-0.006449332681223052,-0.005789626281046678
2,middle_500_1000,8,2.151651651651652,-0.011447904947917975,-0.006433873084754849,-0.005774775560530077
2,middle_500_1000,8,2.15015015015015,-0.01142223938195741,-0.006418750470830181,-0.005759730351161174
2,middle_500_1000,8,2.1486486486486487,-0.01139674793566181,-0.006403841844534797,-0.005744429381981664
2,middle_500_1000,8,2.1471471471471473,-0.011371497172692535,-0.0063890228588119324,-0.005728887672499239
2,middle_500_1000,8,2.1456456456456454,-0.011346521626021344,-0.006374168293561966,-0.0057131798338811435
2,middle_500_1000,8,2.1441441441441444,-0.011321748282718758,-0.006359133960609831,-0.005697396264995491
2,middle_500_1000,8,2.1426426426426426,-0.011297074903105664,-0.00634376234266576,-0.0056816403361993895
2,middle_500_1000,8,2.141141141141141,-0.011272380404369564,-0.00632801830862717,-0.005666044083133981
2,middle_500_1000,8,2.1396396396396398,-0.01124754274831441,-0.00631200409584276,-0.00565074373802571
2,middle_500_1000,8,2.138138138138138,-0.011222423270933146,-0.006295887032191749,-0.005635875533101187
2,middle_500_1000,8,2.136636636636637,-0.011196843804818168,-0.006279844352712005,-0.0056215555395174865
2,middle_500_1000,8,2.135135135135135,-0.01117065395980199,-0.0062640533214805005,-0.005607774436970747
2,middle_500_1000,8,2.1336336336336337,-0.011143906551614957,-0.006248700095363047,-0.005594450340472179
2,middle_500_1000,8,2.1321321321321323,-0.011116753699598525,-0.00623396169000312,-0.005581481189432302
2,middle_500_1000,8,2.1306306306306304,-0.011089385448679712,-0.006219893968919199,-0.005568729788281213
2,middle_500_1000,8,2.1291291291291294,-0.01106199778112793,-0.006206421775396431,-0.005556036789504615
2,middle_500_1000,8,2.1276276276276276,-0.01103478984787698,-0.006193382716547791,-0.005543242489480349
2,middle_500_1000,8,2.126126126126126,-0.011007987611582337,-0.006180597304688895,-0.005530188587329843
2,middle_500_1000,8,2.1246246246246248,-0.01098181287193789,-0.006167886052135363,-0.005516787887180907
2,middle_500_1000,8,2.123123123123123,-0.010956288106233225,-0.006155068144129694,-0.005503069715516062
2,middle_500_1000,8,2.121621621621622,-0.010931308653164218,-0.006141931494240693,-0.0054890791664015115
2,middle_500_1000,8,2.12012012012012,-0.010906751975602147,-0.006128269890221638,-0.005474872007254106
2,middle_500_1000,8,2.1186186186186187,-0.010882452500999285,-0.0061140285546338324,-0.005460545546875639
2,middle_500_1000,8,2.1171171171171173,-0.010858237330783116,-0.006099255942734971,-0.005446207235832501
2,middle_500_1000,8,2.1156156156156154,-0.010833915444367459,-0.006084046509285956,-0.005431962680739144
2,middle_500_1000,8,2.1141141141141144,-0.010809294468185848,-0.00606849570639012,-0.005417881032593608
2,middle_500_1000,8,2.1126126126126126,-0.010784386726603534,-0.006052698986151128,-0.005403992830688542
2,middle_500_1000,8,2.111111111111111,-0.010759260734040155,-0.0060367547123383325,-0.005390322591795227
2,middle_500_1000,8,2.1096096096096097,-0.010733984941909747,-0.0060208014033520385,-0.005376877179479711
2,middle_500_1000,8,2.108108108108108,-0.010708645441731002,-0.006004984996771157,-0.005363611838060944
2,middle_500_1000,8,2.106606606606607,-0.010683372626613064,-0.005989417148470455,-0.005350472398176154
2,middle_500_1000,8,2.105105105105105,-0.010658307221629137,-0.0059741411860372295,-0.005337404690464009
2,middle_500_1000,8,2.1036036036036037,-0.010633567447210113,-0.005959192791759826,-0.005324349805598705
2,middle_500_1000,8,2.1021021021021022,-0.010609174919067321,-0.005944607647926259,-0.005311228759514397
2,middle_500_1000,8,2.1006006006006004,-0.010585143332430047,-0.005930416844813768,-0.005297939664825946
2,middle_500_1000,8,2.0990990990990994,-0.010561486636386286,-0.0059165926093240895,-0.005284389708584802
2,middle_500_1000,8,2.0975975975975976,-0.010538207173742875,-0.005903047529481009,-0.0052705689848037696
2,middle_500_1000,8,2.096096096096096,-0.01051526838485306,-0.005889661719353789,-0.005256497406487981
2,middle_500_1000,8,2.0945945945945947,-0.010492625824337132,-0.005876342512257771,-0.005242194925866861
2,middle_500_1000,8,2.093093093093093,-0.010470275120515404,-0.005863000188216061,-0.005227681823269992
2,middle_500_1000,8,2.091591591591592,-0.010448265603051454,-0.005849545027251768,-0.0052130173090612075
2,middle_500_1000,8,2.09009009009009,-0.010426619740108944,-0.005835888341735318,-0.005198334016716433
2,middle_500_1000,8,2.0885885885885886,-0.010405357938334914,-0.005821961754074345,-0.005183763690786436
2,middle_500_1000,8,2.0870870870870872,-0.010384500604375013,-0.005807740766858749,-0.005169342780192099
2,middle_500_1000,8,2.0855855855855854,-0.010364069217087768,-0.005793223916140011,-0.005155049165190051
2,middle_500_1000,8,2.0840840840840844,-0.010344105067436049,-0.0057784727572826045,-0.005140859872775849
2,middle_500_1000,8,2.0825825825825826,-0.010324647165605494,-0.005763566906831108,-0.005126751913363203
2,middle_500_1000,8,2.081081081081081,-0.010305643237528084,-0.005748585981356857,-0.005112689797962089
2,middle_500_1000,8,2.0795795795795797,-0.010287007175128204,-0.005733609695023789,-0.005098605419743885
2,middle_500_1000,8,2.078078078078078,-0.010268628248759015,-0.005718722855550418,-0.005084449725755336
2,middle_500_1000,8,2.076576576576577,-0.010250390352256,-0.005704005743042195,-0.005070260071729227
2,middle_500_1000,8,2.075075075075075,-0.010232177352165028,-0.005690691290143102,-0.005054333045646731
2,middle_500_1000,8,2.0735735735735736,-0.010213870592018615,-0.005677655977134655,-0.005038412506707501
2,middle_500_1000,8,2.0720720720720722,-0.010195355033717435,-0.005664828490093976,-0.005022589903826202
2,middle_500_1000,8,2.0705705705705704,-0.010176582077973784,-0.005652223848217952,-0.005006816034969497
2,middle_500_1000,8,2.0690690690690694,-0.010157533881915981,-0.00563982069137392,-0.004991045122055338
2,middle_500_1000,8,2.0675675675675675,-0.010138201299636607,-0.005627548658847403,-0.004975230146198051
2,middle_500_1000,8,2.066066066066066,-0.010118630503243298,-0.005615322718470095,-0.004959271694921441
2,middle_500_1000,8,2.0645645645645647,-0.010098889636211639,-0.0056030551961001596,-0.004943088250936978
2,middle_500_1000,8,2.063063063063063,-0.010079044375163437,-0.005590683618713621,-0.004926741412676017
2,middle_500_1000,8,2.0615615615615615,-0.010059145682032367,-0.0055781816123058325,-0.004910325229850132
2,middle_500_1000,8,2.06006006006006,-0.01003924034587833,-0.005565527354900679,-0.004893933752171009
2,middle_500_1000,8,2.0585585585585586,-0.010019375387298468,-0.0055527520088951565,-0.004877656879771375
2,middle_500_1000,8,2.057057057057057,-0.009999583864093942,-0.005539924939240826,-0.004861560606243931
2,middle_500_1000,8,2.0555555555555554,-0.009979866114530889,-0.005527089731956147,-0.0048457421312841364
2,middle_500_1000,8,2.054054054054054,-0.009960217795502657,-0.005514302602205534,-0.004830360733115768
2,middle_500_1000,8,2.0525525525525525,-0.009940634601018239,-0.005501621864090089,-0.004815410887246463
2,middle_500_1000,8,2.051051051051051,-0.009921118480587743,-0.005489073419331469,-0.004800760576773977
2,middle_500_1000,8,2.0495495495495497,-0.009901647817252335,-0.0054766240934598365,-0.004786275049709188
2,middle_500_1000,8,2.048048048048048,-0.009882155604781118,-0.005464234915282695,-0.004771823593903324
2,middle_500_1000,8,2.0465465465465464,-0.009862599066369826,-0.00545187974275807,-0.00475729483359133
2,middle_500_1000,8,2.045045045045045,-0.009842971527367017,-0.005439541809827864,-0.004742583170427417
2,middle_500_1000,8,2.0435435435435436,-0.00982326881374257,-0.0054271768744385,-0.004727611407926546
2,middle_500_1000,8,2.042042042042042,-0.009803486751466528,-0.00541471799762161,-0.004712429707468102
2,middle_500_1000,8,2.0405405405405403,-0.009783627394945538,-0.005402138770887577,-0.004697119954881812
2,middle_500_1000,8,2.039039039039039,-0.009763789980969051,-0.0053894975621539,-0.004681763884933576
2,middle_500_1000,8,2.0375375375375375,-0.009744144966349622,-0.0053768628072485836,-0.004666439908092901
2,middle_500_1000,8,2.036036036036036,-0.009724847409056991,-0.005364271228621709,-0.004651203269079696
2,middle_500_1000,8,2.0345345345345347,-0.009705990656765362,-0.005351704216425279,-0.004636099354281775
2,middle_500_1000,8,2.033033033033033,-0.009687651522354679,-0.0053391456373564905,-0.004621171451172301
2,middle_500_1000,8,2.0315315315315314,-0.00966990681851354,-0.005326628707140291,-0.004606413307205681
2,middle_500_1000,8,2.03003003003003,-0.009652823850735126,-0.005314160377251631,-0.004591775600923831
2,middle_500_1000,8,2.0285285285285286,-0.009636358301393477,-0.005301670197665698,-0.004577218342722733
2,middle_500_1000,8,2.027027027027027,-0.009620395237402546,-0.005289080541386881,-0.004562703175108596
2,middle_500_1000,8,2.0255255255255253,-0.009604832143778497,-0.005276332964785246,-0.004548202107687027
2,middle_500_1000,8,2.024024024024024,-0.009589616727061434,-0.005263440541972919,-0.004533706031008389
2,middle_500_1000,8,2.0225225225225225,-0.009574714159124975,-0.005250443831886442,-0.004519206508493634
2,middle_500_1000,8,2.021021021021021,-0.009560089631195867,-0.005237397362059304,-0.004504693272971649
2,middle_500_1000,8,2.0195195195195197,-0.00954570919995773,-0.005224351242366532,-0.004490176962945569
2,middle_500_1000,8,2.018018018018018,-0.009531559489616481,-0.005211368844221909,-0.004475670214175054
2,middle_500_1000,8,2.0165165165165164,-0.009517649697695973,-0.005198520914092786,-0.004461185551173308
2,middle_500_1000,8,2.015015015015015,-0.009503988210705527,-0.005185853847232802,-0.0044467343748291754
2,middle_500_1000,8,2.0135135135135136,-0.009490553765927168,-0.0051733570472315416,-0.004432318415490022
2,middle_500_1000,8,2.012012012012012,-0.009477303485045996,-0.005161011776336211,-0.004417934470096807
2,middle_500_1000,8,2.0105105105105103,-0.009464193999255022,-0.0051487992967939045,-0.004403579296168025
2,middle_500_1000,8,2.009009009009009,-0.009451181939747921,-0.005136700870852384,-0.004389249651222005
2,middle_500_1000,8,2.0075075075075075,-0.00943822393771726,-0.005124697760758523,-0.004374942292777517
2,middle_500_1000,8,2.006006006006006,-0.00942527662435605,-0.005112771228759638,-0.0043606539783535014
2,middle_500_1000,8,2.0045045045045047,-0.009412296630857575,-0.005100902537103269,-0.004346381465467897
2,middle_500_1000,8,2.003003003003003,-0.009399240588415236,-0.0050890729480366215,-0.004332121511639586
2,middle_500_1000,8,2.0015015015015014,-0.009386065128221543,-0.005077263723806902,-0.00431787087438712
2,middle_500_1000,8,2.0,-0.009372726881469895,-0.005065456126661538,-0.004303626311229047
2,long_gt1000,3,3.5,-7.965165985395872e-05,2.0639839266267136e-05,3.1709136982875906e-05
2,long_gt1000,3,3.4984984984984986,-8.190972328572931e-05,1.6315343226911365e-05,3.0858025338752765e-05
2,long_gt1000,3,3.496996996996997,-8.409315070381481e-05,1.1772223499998194e-05,2.9715850597947772e-05
2,long_gt1000,3,3.4954954954954953,-8.611555046530317e-05,7.238513367021027e-06,2.84615196073568e-05
2,long_gt1000,3,3.493993993993994,-8.789053092728087e-05,2.9422461094769548e-06,2.7273939213876697e-05
2,long_gt1000,3,3.4924924924924925,-8.933170044683605e-05,-8.885449911407128e-07,2.6332016264403342e-05
2,long_gt1000,3,3.490990990990991,-9.035266738105625e-05,-4.0258266533374466e-06,2.5814657605832873e-05
2,long_gt1000,3,3.4894894894894897,-9.086704008702907e-05,-6.241565595618636e-06,2.5900770085061507e-05
2,long_gt1000,3,3.487987987987988,-9.07884269218419e-05,-7.307728536489914e-06,2.6769260548985775e-05
2,long_gt1000,3,3.4864864864864864,-9.003127484540289e-05,-6.997959400097088e-06,2.859819724168086e-05
2,long_gt1000,3,3.484984984984985,-8.860847393791425e-05,-5.2819075401332595e-06,3.1467599604871155e-05
2,long_gt1000,3,3.4834834834834836,-8.673314760828295e-05,-2.479315610006609e-06,3.527620104786846e-05
2,long_gt1000,3,3.481981981981982,-8.467423882862496e-05,1.0551223281278477e-06,3.979365281165921e-05
2,long_gt1000,3,3.4804804804804803,-8.270390899853304e-05,4.966712212116126e-06,4.462544876938506e-05
2,long_gt1000,3,3.478978978978979,-8.109431951760184e-05,8.900759979800661e-06,4.936263294683053e-05
2,long_gt1000,3,3.4774774774774775,-8.010949989936455e-05,1.2502571569027578e-05,5.3596249369784635e-05
2,long_gt1000,3,3.475975975975976,-7.989856063244022e-05,1.543255602457031e-05,5.692489361749914e-05
2,long_gt1000,3,3.4744744744744747,-8.040398246258782e-05,1.7612550962649493e-05,5.907787555494952e-05
2,long_gt1000,3,3.472972972972973,-8.143920434860904e-05,1.918168472569233e-05,5.992705220354694e-05
2,long_gt1000,3,3.4714714714714714,-8.276104735331397e-05,2.0285469374399035e-05,5.9632153139523605e-05
2,long_gt1000,3,3.46996996996997,-8.411690482564433e-05,2.106941696947194e-05,5.853087740430573e-05
2,long_gt1000,3,3.4684684684684686,-8.525417011454202e-05,2.1679039571612297e-05,5.696537400774542e-05
2,long_gt1000,3,3.466966966966967,-8.592027719835568e-05,2.2259849241521783e-05,5.527779195969526e-05
2,long_gt1000,3,3.4654654654654653,-8.593257443595452e-05,2.2953646174887722e-05,5.380842433750011e-05
2,long_gt1000,3,3.463963963963964,-8.536946966628835e-05,2.3794326941664655e-05,5.284361240563999e-05
2,long_gt1000,3,3.4624624624624625,-8.440456877206558e-05,2.4704283172462e-05,5.258421207882813e-05
2,long_gt1000,3,3.460960960960961,-8.321400676196303e-05,2.560210370636251e-05,5.2978006475547495e-05
2,long_gt1000,3,3.4594594594594597,-8.197404594766127e-05,2.6406377382448293e-05,5.3843001226423185e-05
2,long_gt1000,3,3.457957957957958,-8.086094864084018e-05,2.703569303980221e-05,5.4995904806241986e-05
2,long_gt1000,3,3.4564564564564564,-8.00489485592878e-05,2.7408639517506042e-05,5.625342568978955e-05
2,long_gt1000,3,3.454954954954955,-7.961476537797675e-05,2.7444550389883792e-05,5.7432644719473285e-05
2,long_gt1000,3,3.4534534534534536,-7.945656130626101e-05,2.7144303456673848e-05,5.839141485040764e-05
2,long_gt1000,3,3.451951951951952,-7.940857871648017e-05,2.6652176570534942e-05,5.9076450390781014e-05
2,long_gt1000,3,3.4504504504504503,-7.93351032511646e-05,2.6125643624960292e-05,5.9539620809221034e-05
2,long_gt1000,3,3.448948948948949,-7.910479387812175e-05,2.5722178513443985e-05,5.986803435375056e-05
2,long_gt1000,3,3.4474474474474475,-7.858630956515884e-05,2.5599255129480107e-05,6.014884596325029e-05
2,long_gt1000,3,3.445945945945946,-7.765825903092072e-05,2.591434736656166e-05,6.046921057660027e-05
2,long_gt1000,3,3.4444444444444446,-7.631158628553262e-05,2.681968122974143e-05,6.0913659188460765e-05
2,long_gt1000,3,3.442942942942943,-7.467963625257777e-05,2.831531879738487e-05,6.149068897295614e-05
2,long_gt1000,3,3.4414414414414414,-7.294085138153837e-05,3.0225642407822077e-05,6.213784215099551e-05
2,long_gt1000,3,3.43993993993994,-7.123269759069914e-05,3.236492926715238e-05,6.282854159381831e-05
2,long_gt1000,3,3.4384384384384385,-6.969045259497513e-05,3.454745658147424e-05,6.354221926832483e-05
2,long_gt1000,3,3.436936936936937,-6.844939410928096e-05,3.658750155688677e-05,6.42583071414158e-05
2,long_gt1000,3,3.4354354354354353,-6.76261978311126e-05,3.829934139948929e-05,6.495623717999214e-05
2,long_gt1000,3,3.433933933933934,-6.71947710108883e-05,3.95063327060421e-05,6.561998104628517e-05
2,long_gt1000,3,3.4324324324324325,-6.698973372140681e-05,4.0189721056841125e-05,6.63109455058715e-05
2,long_gt1000,3,3.430930930930931,-6.683337509914161e-05,4.048029658183447e-05,6.710458527554701e-05
2,long_gt1000,3,3.4294294294294296,-6.662004872885915e-05,4.051569184322992e-05,6.799967217084796e-05
2,long_gt1000,3,3.4279279279279278,-6.624859026421173e-05,4.043353940323593e-05,6.898949853995084e-05
2,long_gt1000,3,3.4264264264264264,-6.561783535885199e-05,4.037147182405984e-05,7.006735673103007e-05
2,long_gt1000,3,3.424924924924925,-6.465056752051742e-05,4.046712580648305e-05,7.12265411615487e-05
2,long_gt1000,3,3.4234234234234235,-6.342411048571874e-05,4.086694682829987e-05,7.246475063747509e-05
2,long_gt1000,3,3.421921921921922,-6.210575021173216e-05,4.165342611251637e-05,7.375398813916421e-05
2,long_gt1000,3,3.4204204204204203,-6.0801971280464344e-05,4.2832016626909945e-05,7.508692865985066e-05
2,long_gt1000,3,3.418918918918919,-5.954445084165342e-05,4.440615078679395e-05,7.648776738587324e-05
2,long_gt1000,3,3.4174174174174174,-5.8362960567665293e-05,4.637926100748346e-05,7.798103761732437e-05
2,long_gt1000,3,3.415915915915916,-5.728727213086607e-05,4.875477970429226e-05,7.959127265429644e-05
2,long_gt1000,3,3.4144144144144146,-5.631124201428716e-05,5.153561916738285e-05,8.134274573430621e-05
2,long_gt1000,3,3.4129129129129128,-5.530012376516965e-05,5.466019773359924e-05,8.322748311821032e-05
2,long_gt1000,3,3.4114114114114114,-5.414260517355176e-05,5.797111959371642e-05,8.518948745906427e-05
2,long_gt1000,3,3.40990990990991,-5.28259667295129e-05,6.131321553806647e-05,8.716955155554885e-05
2,long_gt1000,3,3.4084084084084085,-5.136814865069569e-05,6.453136576201187e-05,8.910529320756621e-05
2,long_gt1000,3,3.406906906906907,-4.978709962036093e-05,6.747045046091339e-05,9.09342897330689e-05
2,long_gt1000,3,3.4054054054054053,-4.8101703588051365e-05,6.997534983013524e-05,9.259411845001183e-05
2,long_gt1000,3,3.403903903903904,-4.639923412961362e-05,7.18986984181119e-05,9.402623385288463e-05
2,long_gt1000,3,3.4024024024024024,-4.482478267891273e-05,7.322238209436609e-05,9.523671337957379e-05
2,long_gt1000,3,3.400900900900901,-4.3470013812361074e-05,7.402910489032709e-05,9.627505980077441e-05
2,long_gt1000,3,3.3993993993993996,-4.236756094333255e-05,7.440301347884544e-05,9.716585454341755e-05
2,long_gt1000,3,3.3978978978978978,-4.153576833068281e-05,7.442825453277385e-05,9.792741967180885e-05
2,long_gt1000,3,3.3963963963963963,-4.099298023326858e-05,7.418897472496284e-05,9.857807563733363e-05
2,long_gt1000,3,3.394894894894895,-4.075653689531952e-05,7.37693207282647e-05,9.913614289137852e-05
2,long_gt1000,3,3.3933933933933935,-4.077867459875554e-05,7.325001702746404e-05,9.961823079129568e-05
2,long_gt1000,3,3.391891891891892,-4.0912728518990946e-05,7.269456539594349e-05,0.00010003258562227063
2,long_gt1000,3,3.3903903903903903,-4.0997131190413e-05,7.218886724056663e-05,0.00010041145374312457
2,long_gt1000,3,3.388888888888889,-4.088247042709995e-05,7.182368100797348e-05,0.00010080933186796528
2,long_gt1000,3,3.3873873873873874,-4.0421496427982175e-05,7.168976514480147e-05,0.00010128261621284492
2,long_gt1000,3,3.385885885885886,-3.946695939198788e-05,7.187787809769149e-05,0.00010188770299381783
2,long_gt1000,3,3.3843843843843846,-3.787964784022829e-05,7.247877831327923e-05,0.00010268098842693488
2,long_gt1000,3,3.3828828828828827,-3.5645095161452017e-05,7.358292458815082e-05,0.00010371871890322388
2,long_gt1000,3,3.3813813813813813,-3.286997331613216e-05,7.523608618731619e-05,0.00010503423620750662
2,long_gt1000,3,3.37987987987988,-2.9720639246965264e-05,7.743989561402338e-05,0.00010662247797714377
2,long_gt1000,3,3.3783783783783785,-2.6416947161239657e-05,8.019467444657456e-05,0.00010845433553862511
2,long_gt1000,3,3.376876876876877,-2.3183143471606094e-05,8.350074426326844e-05,0.00011049857364007782
2,long_gt1000,3,3.3753753753753752,-2.02434745907123e-05,8.735842664240809e-05,0.00011272395702963123
2,long_gt1000,3,3.373873873873874,-1.7804050578665558e-05,9.176775744269144e-05,0.00011509910759561299
2,long_gt1000,3,3.3723723723723724,-1.5896268566980773e-05,9.66611450787299e-05,0.00011755883350430705
2,long_gt1000,3,3.370870870870871,-1.454663412704671e-05,0.00010170416735139597,0.00011990811834070719
2,long_gt1000,3,3.3693693693693696,-1.372426013762423e-05,0.00010647438532659492,0.00012197042462320801
2,long_gt1000,3,3.3678678678678677,-1.3313528147036128e-05,0.00011054906936810039,0.00012362361224464583
2,long_gt1000,3,3.3663663663663663,-1.3196086335444477e-05,0.00011350548983968516,0.00012474744206601284
2,long_gt1000,3,3.364864864864865,-1.325358295032079e-05,0.00011492091710512287,0.00012522167494830126
2,long_gt1000,3,3.3633633633633635,-1.3440281927868617e-05,0.0001143740580912319,0.00012492679003402608
2,long_gt1000,3,3.361861861861862,-1.3860931433711497e-05,0.00011171230467198895,0.00012387760136870797
2,long_gt1000,3,3.3603603603603602,-1.429690326325457e-05,0.00010760550876874348,0.00012247578598630375
2,long_gt1000,3,3.358858858858859,-1.4566992766887506e-05,0.00010290164600910284,0.0001210821671961894
2,long_gt1000,3,3.3573573573573574,-1.4542372242356497e-05,9.844869203208713e-05,0.00012001090717969577
2,long_gt1000,3,3.355855855855856,-1.409438150034312e-05,9.509462247671557e-05,0.00011957606338055225
2,long_gt1000,3,3.3543543543543546,-1.3093930834223548e-05,9.368741298200738e-05,0.00012009169324248654
2,long_gt1000,3,3.3528528528528527,-1.1333238308430804e-05,9.505130126822442e-05,0.00012185998524984892
2,long_gt1000,3,3.3513513513513513,-8.776357988684973e-06,9.926323165740988e-05,0.00012480967438931049
2,long_gt1000,3,3.34984984984985,-5.820018529086382e-06,0.00010543247878357174,0.00012843180160644185
2,long_gt1000,3,3.3483483483483485,-2.778880021191924e-06,0.00011259725525819293,0.0001322911295211864
2,long_gt1000,3,3.346846846846847,6.851942880789497e-08,0.00011979577369275549,0.00013596845072043947
2,long_gt1000,3,3.3453453453453452,2.4436514251355984e-06,0.0001260662466987441,0.00013904455779110026
2,long_gt1000,3,3.343843843843844,4.067074243447721e-06,0.00013044688688763732,0.00014110024332006192
2,long_gt1000,3,3.3423423423423424,4.6555566483486195e-06,0.00013206271385149838,0.0001417597033845125
2,long_gt1000,3,3.340840840840841,4.355062630209336e-06,0.00013103537085651547,0.0001411454732742328
2,long_gt1000,3,3.3393393393393396,3.6386994763659697e-06,0.00012825561568975512,0.0001397341677001505
2,long_gt1000,3,3.3378378378378377,2.8384690936881715e-06,0.0001246440023164267,0.00013796589828085886
2,long_gt1000,3,3.3363363363363363,2.2571954035512792e-06,0.00012112108470174222,0.0001362764994272637
2,long_gt1000,3,3.334834834834835,2.197702327326294e-06,0.00011860741681091018,0.00013510180555027177
2,long_gt1000,3,3.3333333333333335,2.962329289444253e-06,0.00011802330340036395,0.00013487752645639957
2,long_gt1000,3,3.3318318318318316,4.687800363685664e-06,0.0001199733626327179,0.00013588152865525414
2,long_gt1000,3,3.33033033033033,6.959832936502715e-06,0.0001239669068259716,0.00013784264642340005
2,long_gt1000,3,3.328828828828829,9.343331171167944e-06,0.000129175654064553,0.00014035184679740773
2,long_gt1000,3,3.3273273273273274,1.1585722261610483e-05,0.00013476544057379643,0.00014303255361024746
2,long_gt1000,3,3.325825825825826,1.3446132521762084e-05,0.00013990210257902938,0.00014550929507632215
2,long_gt1000,3,3.324324324324324,1.4683688265552768e-05,0.00014375147630558277,0.00014740659941003733
2,long_gt1000,3,3.3228228228228227,1.5072549400418911e-05,0.0001454986620110857,0.00014835862684194848
2,long_gt1000,3,3.3213213213213213,1.4783075723172508e-05,0.00014502067175979627,0.00014834550227127083
2,long_gt1000,3,3.31981981981982,1.4376354314368615e-05,0.00014295141767932049,0.00014771626362865362
2,long_gt1000,3,3.3183183183183185,1.415414404857835e-05,0.00013992688445484125,0.0001467644684928597
2,long_gt1000,3,3.3168168168168166,1.4197511407561779e-05,0.00013658298753416523,0.00014576392055265768
2,long_gt1000,3,3.315315315315315,1.4580558948264558e-05,0.00013355564236509736,0.00014498840785952434
2,long_gt1000,3,3.313813813813814,1.5377389227634944e-05,0.0001314807643954443,0.0001447117184649356
2,long_gt1000,3,3.3123123123123124,1.6637846882788625e-05,0.00013093523303099076,0.0001451781223993573
2,long_gt1000,3,3.310810810810811,1.810434142710763e-05,0.0001318263000868302,0.00014629738784603403
2,long_gt1000,3,3.309309309309309,1.950522580500269e-05,0.00013392201174672325,0.00014792149483968536
2,long_gt1000,3,3.3078078078078077,2.092082916274867e-05,0.00013706342710992012,0.00014995753938147876
2,long_gt1000,3,3.3063063063063063,2.2562125207980545e-05,0.00014109160527567104,0.0001523145797167032
2,long_gt1000,3,3.304804804804805,2.4640505683592474e-05,0.0001458476053432297,0.00015490167409065465
2,long_gt1000,3,3.3033033033033035,2.7367212979964757e-05,0.00015117248641184633,0.0001576278807486264
2,long_gt1000,3,3.3018018018018016,3.089972632562381e-05,0.00015697634450036538,0.00016043677639570719
2,long_gt1000,3,3.3003003003003,3.521787121008816e-05,0.00016328796957799582,0.00016333587104873457
2,long_gt1000,3,3.298798798798799,3.644102622480348e-05,0.00016260215116934394,0.000166183480059574
2,long_gt1000,3,3.2972972972972974,3.7594800874235154e-05,0.00016164480962774577,0.00016883080492282893
2,long_gt1000,3,3.295795795795796,3.838535070456797e-05,0.00016060423015899772,0.00017112905557171813
2,long_gt1000,3,3.294294294294294,3.847092979124625e-05,0.00015957289502741348,0.00017292944193945774
2,long_gt1000,3,3.2927927927927927,3.751772437953285e-05,0.00015864328649731543,0.00017408316934975233
2,long_gt1000,3,3.2912912912912913,3.5498343247558975e-05,0.0001579078867977729,0.000174422034180023
2,long_gt1000,3,3.28978978978979,3.277508084974061e-05,0.00015744427449888333,0.00017394049264666308
2,long_gt1000,3,3.2882882882882885,2.97336998685482e-05,0.00015727851274611147,0.00017281648154517538
2,long_gt1000,3,3.2867867867867866,2.679838912458387e-05,0.00015742671428054834,0.0001712292786541685
2,long_gt1000,3,3.285285285285285,2.4398211495245056e-05,0.0001579050135407465,0.00016935817260098351
2,long_gt1000,3,3.2837837837837838,2.29622298579292e-05,0.0001587295449652637,0.0001673824520129607
2,long_gt1000,3,3.2822822822822824,2.2885475163764504e-05,0.00015991644299265598,0.0001654826759223335
2,long_gt1000,3,3.280780780780781,2.4156996634747824e-05,0.00016148170786414034,0.00016388407077706432
2,long_gt1000,3,3.279279279279279,2.5773330276538525e-05,0.00016198539124686814,0.00016268515274008195
2,long_gt1000,3,3.2777777777777777,2.5912322501682808e-05,0.00015823816580908673,0.00016183735876660298
2,long_gt1000,3,3.2762762762762763,2.6860064966686623e-05,0.00015513691905076968,0.0001612797112709695
2,long_gt1000,3,3.274774774774775,2.8503493699257726e-05,0.00015277381264604956,0.00016095123266752012
2,long_gt1000,3,3.2732732732732734,3.0729544727100405e-05,0.00015124100826905545,0.0001607909453705987
2,long_gt1000,3,3.2717717717717716,3.351503214916486e-05,0.00015061475167053862,0.00016072991383285322
2,long_gt1000,3,3.27027027027027,3.720646849201224e-05,0.00015088695900145402,0.00016066279642691118
2,long_gt1000,3,3.2687687687687688,4.2320720629979505e-05,0.00015225095641595993,0.00016070058891197447
2,long_gt1000,3,3.2672672672672673,4.9026697631389046e-05,0.00015495176781259862,0.00016108940688144488
2,long_gt1000,3,3.265765765765766,5.728400690725895e-05,0.00015923441708994013,0.00016207984460164283
2,long_gt1000,3,3.264264264264264,6.562852345817598e-05,0.00016250106453120916,0.00016392249633887836
2,long_gt1000,3,3.2627627627627627,7.162115964785831e-05,0.00016021058783796324,0.0001668679563594684
2,long_gt1000,3,3.2612612612612613,7.779474538780265e-05,0.0001583100066676682,0.00017112308757386008
2,long_gt1000,3,3.25975975975976,8.335158980259279e-05,0.00015702552663256902,0.0001765086855612212
2,long_gt1000,3,3.2582582582582584,8.746060492869669e-05,0.0001563092298265227,0.0001824470725894107
2,long_gt1000,3,3.2567567567567566,8.974085119949939e-05,0.00015596508163300687,0.00018827573603982274
2,long_gt1000,3,3.255255255255255,8.992483095983383e-05,0.0001557955471595679,0.00019333141315588075
2,long_gt1000,3,3.2537537537537538,8.774504655453125e-05,0.00015560309151374171,0.00019695084118100635
2,long_gt1000,3,3.2522522522522523,8.299638002689722e-05,0.00015519017980308164,0.00019847137886219723
2,long_gt1000,3,3.250750750750751,7.635378139697613e-05,0.000154359304933592,0.00019745586415341292
2,long_gt1000,3,3.249249249249249,6.917581435900329e-05,0.0001529961220116116,0.00019434758867086302
2,long_gt1000,3,3.2477477477477477,6.253659469809131e-05,0.00015125484768758676,0.00018998873900095796
2,long_gt1000,3,3.2462462462462462,5.6923620264286504e-05,0.0001493439094604372,0.00018524980757786587
2,long_gt1000,3,3.244744744744745,5.277793807750321e-05,0.0001474717348290723,0.00018100128683575314
2,long_gt1000,3,3.2432432432432434,5.054059515766443e-05,0.00014584675129241179,0.00017811366920878792
2,long_gt1000,3,3.2417417417417416,5.047912797706555e-05,0.00014467738634936847,0.00017743613581688508
2,long_gt1000,3,3.24024024024024,5.18533992067919e-05,0.0001441722389863946,0.00017922765020775625
2,long_gt1000,3,3.2387387387387387,5.3556042537733495e-05,0.00014443833384484087,0.00018299227320217083
2,long_gt1000,3,3.2372372372372373,5.4962002970842735e-05,0.0001453777355239043,0.00018808040480020223
2,long_gt1000,3,3.235735735735736,5.583539455932679e-05,0.0001468705023684458,0.000193831441874754
2,long_gt1000,3,3.234234234234234,5.594809270738875e-05,0.00014879669272332627,0.00019958478129873322
2,long_gt1000,3,3.2327327327327327,5.507366678298743e-05,0.00015103636493341357,0.00020467981994504517
2,long_gt1000,3,3.2312312312312312,5.351372377669812e-05,0.00015346957734357902,0.00020851274976084293
2,long_gt1000,3,3.22972972972973,5.283810832001218e-05,0.00015596401284952155,0.0002110233994505762
2,long_gt1000,3,3.2282282282282284,5.4389374560270126e-05,0.0001582220830809826,0.0002124664552322006
2,long_gt1000,3,3.2267267267267266,5.7937978163263154e-05,0.00015983009209386,0.00021305573909549333
2,long_gt1000,3,3.225225225225225,6.28232400532655e-05,0.00016037202283711305,0.00021300391247676062
2,long_gt1000,3,3.2237237237237237,6.838445186135855e-05,0.00015943185825974954,0.00021252363681233816
2,long_gt1000,3,3.2222222222222223,7.395963365257677e-05,0.00015659358131073914,0.00021182728979321497
2,long_gt1000,3,3.220720720720721,7.884762948568921e-05,0.0001514411759464887,0.00021075715085902905
2,long_gt1000,3,3.219219219219219,8.243351383206352e-05,0.00014381607871213203,0.0002094462040468613
2,long_gt1000,3,3.2177177177177176,8.483405147262715e-05,0.00013448284851894782,0.00020934110556166188
2,long_gt1000,3,3.2162162162162162,8.674790809749464e-05,0.00012441079894080775,0.00021201159557719673
2,long_gt1000,3,3.214714714714715,8.892243983226605e-05,0.00011456924349004943,0.00021902741423645775
2,long_gt1000,3,3.2132132132132134,9.210500280253803e-05,0.0001059274956790035,0.00023195830168243337
2,long_gt1000,3,3.2117117117117115,9.728523326094085e-05,9.945486902000755e-05,0.0002522647108020096
2,long_gt1000,3,3.21021021021021,0.00010682307763727403,0.00011753906731715863,0.00028883370372161793
2,long_gt1000,3,3.2087087087087087,0.00012148595264212594,0.00014704976661081282,0.00032884305006010417
2,long_gt1000,3,3.2072072072072073,0.00013801507865097984,0.00017857556981867861,0.0003610841246042759
2,long_gt1000,3,3.205705705705706,0.0001526892157846585,0.00020625433117453518,0.00037612292779895876
2,long_gt1000,3,3.204204204204204,0.00016326815716323842,0.00022718597091066217,0.0003694277957386437
2,long_gt1000,3,3.2027027027027026,0.0001722762842414731,0.0002479976873140041,0.0003581669151084786
2,long_gt1000,3,3.201201201201201,0.0001822723671146241,0.00027521620959261583,0.0003646883673500065
2,long_gt1000,3,3.1996996996997,0.00019534693732957062,0.00031417656078263495,0.00041025089701452605
2,long_gt1000,3,3.198198198198198,0.00021223253212724127,0.00036747850760224243,0.0004940221942067655
2,long_gt1000,3,3.1966966966966965,0.00023600018363065245,0.00043930132946333467,0.000587703241896189
2,long_gt1000,3,3.195195195195195,0.0002863061349324403,0.0005409545522967393,0.0006668148307825625
2,long_gt1000,3,3.1936936936936937,0.00039100687489269925,0.000687129901163791,0.000728906814144753
2,long_gt1000,3,3.1921921921921923,0.0004561103060248539,0.0006726272351548213,0.0007698618808924113
2,long_gt1000,3,3.1906906906906904,0.0004397068462867054,0.000513583087229319,0.0007809068323678184
2,long_gt1000,3,3.189189189189189,0.00034377994733381795,0.0003560914263657372,0.000771385864035759
2,long_gt1000,3,3.1876876876876876,0.0002622869848426593,0.0002821274761953402,0.0007921019093835371
2,long_gt1000,3,3.186186186186186,0.0002900320270091544,0.0004532645219566117,0.0009494833364607491
2,long_gt1000,3,3.184684684684685,0.00040303882394558677,0.0007140651687524424,0.0011444704979379147
2,long_gt1000,3,3.183183183183183,0.0005332232459714994,0.0009073725866376725,0.001312790412739226
2,long_gt1000,3,3.1816816816816815,0.0006550795558280045,0.00107060804860315,0.0015715888703738273
2,long_gt1000,3,3.18018018018018,0.0007637007201210591,0.0012409532682466778,0.0018172986834226745
2,long_gt1000,3,3.1786786786786787,0.000842944325118368,0.0013340518865872647,0.0017850091426058617
2,long_gt1000,3,3.1771771771771773,0.000833636649893478,0.0011826610337648952,0.0014637527161418043
2,long_gt1000,3,3.1756756756756754,0.0007043289382198739,0.0008138769621368058,0.0011733477436341594
2,long_gt1000,3,3.174174174174174,0.0005174337699755879,0.0006716532860137764,0.0011724539108418433
2,long_gt1000,3,3.1726726726726726,0.000619221197407066,0.0008019540708560646,0.0011884985242307522
2,long_gt1000,3,3.171171171171171,0.0008650128069766783,0.001029569257282953,0.0010548404659983524
2,long_gt1000,3,3.16966966966967,0.0006658493856276648,0.0007505402194157851,0.0011571598847756603
2,long_gt1000,3,3.168168168168168,0.0006296713880952903,0.0008771207661800451,0.001510365065641936
2,long_gt1000,3,3.1666666666666665,0.0004885532500120693,0.0008367082690417249,0.0018424896288089798
2,long_gt1000,3,3.165165165165165,0.00022884881752570363,0.0006238874313027054,0.002136199336748773
2,long_gt1000,3,3.1636636636636637,-4.734275527903953e-05,0.0004497757662701718,0.0024474246456073073
2,long_gt1000,3,3.1621621621621623,-0.00017137162877566003,0.00030575847279645796,0.0028364726697474585
2,long_gt1000,3,3.1606606606606604,-0.0002403325281421509,0.00010729976599113678,0.00321864459816934
2,long_gt1000,3,3.159159159159159,-0.0002990504523706916,-0.0001282436586628466,0.0035651044173985458
2,long_gt1000,3,3.1576576576576576,-0.000641769521706595,-0.0003776117679612223,0.003957826765823874
2,long_gt1000,3,3.156156156156156,-0.0011065349994808377,-0.0004935584326188625,0.004330843226759404
2,long_gt1000,3,3.1546546546546548,-0.0014240258936600303,-0.0005358075666244133,0.004586679393458706
2,long_gt1000,3,3.153153153153153,-0.001760333794881358,-0.0007346343771290065,0.004582230341415805
2,long_gt1000,3,3.1516516516516515,-0.0021840011583881824,-0.001250047367861551,0.0044054647691286475
2,long_gt1000,3,3.15015015015015,-0.0025148304450935133,-0.001696708597193619,0.004216899120486561
2,long_gt1000,3,3.1486486486486487,-0.0026853562505472495,-0.0018937273458213832,0.004105910637042659
2,long_gt1000,3,3.1471471471471473,-0.0028170215196788584,-0.00227816740127762,0.0038954499393391573
2,long_gt1000,3,3.1456456456456454,-0.0029576821400339737,-0.002598318701101776,0.0036436257664198
2,long_gt1000,3,3.144144144144144,-0.0030342560409747366,-0.0025736167483179084,0.0035075846054689608
2,long_gt1000,3,3.1426426426426426,-0.003268658484670367,-0.002619190729621468,0.0033876511164445955
2,long_gt1000,3,3.141141141141141,-0.0037711866278834494,-0.0031558893624698547,0.0030352190371956966
2,long_gt1000,3,3.1396396396396398,-0.004176901232014474,-0.0038045891326544123,0.0026328663579167078
2,long_gt1000,3,3.138138138138138,-0.004237344617918359,-0.003913559318821702,0.0025265070999232475
2,long_gt1000,3,3.1366366366366365,-0.00420015344329272,-0.003800972213160503,0.0025339886812173473
2,long_gt1000,3,3.135135135135135,-0.004456235640035333,-0.003951532959194204,0.0023335256042406882
2,long_gt1000,3,3.1336336336336337,-0.004739904214751622,-0.004298129871649625,0.0020582689932826803
2,long_gt1000,3,3.1321321321321323,-0.004900211839930391,-0.00449886590752524,0.0019131986228413944
2,long_gt1000,3,3.1306306306306304,-0.004942981231515126,-0.004458521617848099,0.0019071545396494305
2,long_gt1000,3,3.129129129129129,-0.005038436436420157,-0.004459630483909072,0.0018750193428460904
2,long_gt1000,3,3.1276276276276276,-0.005221846642103095,-0.004736355599294695,0.0016960893442518887
2,long_gt1000,3,3.126126126126126,-0.005410946805632866,-0.005049831289916207,0.0014552099593425072
2,long_gt1000,3,3.1246246246246248,-0.005570959847315787,-0.005182398235084373,0.0013443878831015943
2,long_gt1000,3,3.123123123123123,-0.0057720056484257265,-0.005309200274763781,0.0012975453272682513
2,long_gt1000,3,3.1216216216216215,-0.006124855696424153,-0.005629719521039078,0.0011961968037796367
2,long_gt1000,3,3.12012012012012,-0.006323182060754884,-0.0058677666758018,0.001044307459545174
2,long_gt1000,3,3.1186186186186187,-0.006381649055562322,-0.006072585108618911,0.0009070175218718057
2,long_gt1000,3,3.1171171171171173,-0.006540692884274585,-0.006375210449324709,0.0007748633770940094
2,long_gt1000,3,3.1156156156156154,-0.0068079228040227036,-0.00669544030203828,0.0005834046648127422
2,long_gt1000,3,3.114114114114114,-0.007048981020949696,-0.007033821083817726,0.00036157999192829027
2,long_gt1000,3,3.1126126126126126,-0.007330244611006759,-0.007225964182529188,0.00021388424685095386
2,long_gt1000,3,3.111111111111111,-0.007681123514587079,-0.0076580379560931,-5.3552253653582627e-05
2,long_gt1000,3,3.1096096096096097,-0.007952157207879618,-0.007865400401378064,-0.0002070086488496492
2,long_gt1000,3,3.108108108108108,-0.008127790547553915,-0.008047863101112607,-0.00041100205576644067
2,long_gt1000,3,3.1066066066066065,-0.008360424270796807,-0.008305728088532471,-0.0006612396777944674
2,long_gt1000,3,3.105105105105105,-0.008657858463449242,-0.008568105915041091,-0.0008897442473190798
2,long_gt1000,3,3.1036036036036037,-0.008996897898983336,-0.00892471661452976,-0.0011358237787447156
2,long_gt1000,3,3.1021021021021022,-0.009154969264447366,-0.009079251084231021,-0.0013154642576752584
2,long_gt1000,3,3.1006006006006004,-0.00923862295524791,-0.00900273374195304,-0.0013487443173619829
2,long_gt1000,3,3.099099099099099,-0.00936239360462271,-0.00910423008134642,-0.001487528876203903
2,long_gt1000,3,3.0975975975975976,-0.009441320920197671,-0.009359640940937997,-0.001716882406408493
2,long_gt1000,3,3.096096096096096,-0.009616769524888769,-0.009534331897340764,-0.0018737951889026272
2,long_gt1000,3,3.0945945945945947,-0.009755973411643692,-0.009698275335613293,-0.0020699549088589175
2,long_gt1000,3,3.093093093093093,-0.009852577825900821,-0.009650902830676489,-0.0021795844732021563
2,long_gt1000,3,3.0915915915915915,-0.010039786933659867,-0.009843923691287504,-0.0023297593472725864
2,long_gt1000,3,3.09009009009009,-0.010257979038942266,-0.010162888487587729,-0.002536460514838801
2,long_gt1000,3,3.0885885885885886,-0.010439299128507162,-0.010404191053174916,-0.0027115420754386665
2,long_gt1000,3,3.0870870870870872,-0.010575538823471842,-0.010506234350681876,-0.0028709019855918116
2,long_gt1000,3,3.0855855855855854,-0.010673133695273673,-0.010659279712734282,-0.003077451000254583
2,long_gt1000,3,3.084084084084084,-0.010854047140091916,-0.010712464213556316,-0.0032449702655413803
2,long_gt1000,3,3.0825825825825826,-0.011056826540569109,-0.010751699138805693,-0.003328724485746115
2,long_gt1000,3,3.081081081081081,-0.011288802907905071,-0.0110034181642642,-0.003512357116558895
2,long_gt1000,3,3.0795795795795797,-0.011508361416141977,-0.01129837476202622,-0.0037548742895773812
2,long_gt1000,3,3.078078078078078,-0.011635236093343493,-0.011357246254755315,-0.003920745248604085
2,long_gt1000,3,3.0765765765765765,-0.011713476554973512,-0.01123910900061098,-0.003951909306889767
2,long_gt1000,3,3.075075075075075,-0.011805100762924015,-0.011145411695513308,-0.0039763285181310115
2,long_gt1000,3,3.0735735735735736,-0.011832108115760187,-0.011159869241415765,-0.0040141545508438625
2,long_gt1000,3,3.0720720720720722,-0.011888350541066461,-0.011287117176007166,-0.004119267753360911
2,long_gt1000,3,3.0705705705705704,-0.012160821910722819,-0.011644866669218268,-0.004375202407423007
2,long_gt1000,3,3.069069069069069,-0.0124296973602811,-0.01195968297407024,-0.004595938331184324
2,long_gt1000,3,3.0675675675675675,-0.012500609386495887,-0.011970130227769382,-0.004653425854218685
2,long_gt1000,3,3.066066066066066,-0.012587217322186373,-0.012097884540091974,-0.004779408331813839
2,long_gt1000,3,3.0645645645645647,-0.012730180689139892,-0.012263277689085417,-0.00492622103564766
2,long_gt1000,3,3.063063063063063,-0.01286765729429784,-0.01229883345054561,-0.005003188661239388
2,long_gt1000,3,3.0615615615615615,-0.012898004449508671,-0.012258857490248354,-0.005074114594051549
2,long_gt1000,3,3.06006006006006,-0.012895040568764837,-0.012247316452964618,-0.005163706209509233
2,long_gt1000,3,3.0585585585585586,-0.012979668193121463,-0.012424963010967294,-0.005344977592124545
2,long_gt1000,3,3.057057057057057,-0.013164436048257566,-0.012644062422619728,-0.005524117648274207
2,long_gt1000,3,3.0555555555555554,-0.013464633237396606,-0.012934088952736733,-0.005717828771740874
2,long_gt1000,3,3.054054054054054,-0.013728018180733603,-0.01321212288485496,-0.005930051388631952
2,long_gt1000,3,3.0525525525525525,-0.013775051741947764,-0.013212065696683095,-0.006036136487413135
2,long_gt1000,3,3.051051051051051,-0.013710336689327862,-0.013071129921336522,-0.006063870160625928
2,long_gt1000,3,3.0495495495495497,-0.01369342616274305,-0.013035294799456643,-0.0061299843703041534
2,long_gt1000,3,3.048048048048048,-0.013771956869143398,-0.013182605450451024,-0.006311181216403006
2,long_gt1000,3,3.0465465465465464,-0.013872014332316829,-0.013366459571726774,-0.006478521074922916
2,long_gt1000,3,3.045045045045045,-0.013983507145716667,-0.013593317120965898,-0.0066374851566885495
2,long_gt1000,3,3.0435435435435436,-0.014073869263852457,-0.0137791275025958,-0.00681694332176308
2,long_gt1000,3,3.042042042042042,-0.01414363098973992,-0.013864375365356452,-0.006954871957974007
2,long_gt1000,3,3.0405405405405403,-0.014246016460664424,-0.013936824221826294,-0.007085143896673696
2,long_gt1000,3,3.039039039039039,-0.014390021614739179,-0.014063826691883885,-0.007250974887871187
2,long_gt1000,3,3.0375375375375375,-0.014517156198492531,-0.014196319348797726,-0.007399996410719645
2,long_gt1000,3,3.036036036036036,-0.014581857984309166,-0.01421451781709826,-0.007482022031982061
2,long_gt1000,3,3.0345345345345347,-0.014601706080632326,-0.014156729336881169,-0.007557001798399021
2,long_gt1000,3,3.033033033033033,-0.01470566134496104,-0.014273323299002438,-0.007715201334598909
2,long_gt1000,3,3.0315315315315314,-0.014938265298049147,-0.014611380263590323,-0.007948976864724067
2,long_gt1000,3,3.03003003003003,-0.015190880924320915,-0.014953292498996351,-0.008184274334483543
2,long_gt1000,3,3.0285285285285286,-0.0152971192292784,-0.015052235860183227,-0.008311314075749254
2,long_gt1000,3,3.027027027027027,-0.015270273668942902,-0.01498209304652598,-0.00835885311754997
2,long_gt1000,3,3.0255255255255253,-0.015207644074768822,-0.014922501159136625,-0.008426900362127177
2,long_gt1000,3,3.024024024024024,-0.015152384700575283,-0.014874769407175359,-0.008528448665057864
2,long_gt1000,3,3.0225225225225225,-0.015141034331033643,-0.014810119127500632,-0.008622846515816018
2,long_gt1000,3,3.021021021021021,-0.015196124933245125,-0.01479926404610532,-0.008714192951393862
2,long_gt1000,3,3.0195195195195197,-0.015335016771524435,-0.014899560374732168,-0.008843756415744863
2,long_gt1000,3,3.018018018018018,-0.015522895988383079,-0.015071900488020207,-0.009016963993797145
2,long_gt1000,3,3.0165165165165164,-0.01569849184457095,-0.01526253448358239,-0.00921979181139948
2,long_gt1000,3,3.015015015015015,-0.01586318810158155,-0.01547652106362396,-0.009454212957764552
2,long_gt1000,3,3.0135135135135136,-0.01604039676967345,-0.015716417508932046,-0.009695256216100179
2,long_gt1000,3,3.012012012012012,-0.016194132742750778,-0.01592360116920377,-0.009892388275148323
2,long_gt1000,3,3.0105105105105103,-0.016279733855029843,-0.01606770022593018,-0.01005485656299876
2,long_gt1000,3,3.009009009009009,-0.016323655386219826,-0.016188241564339623,-0.01022858183814862
2,long_gt1000,3,3.0075075075075075,-0.016388595558000763,-0.01631791524816162,-0.010418510676016457
2,long_gt1000,3,3.006006006006006,-0.016492561045869936,-0.016442497712763515,-0.010604374602542599
2,long_gt1000,3,3.0045045045045047,-0.016623142463574936,-0.01655296064325773,-0.01078271333151315
2,long_gt1000,3,3.003003003003003,-0.016761533871599732,-0.016661139998419006,-0.010962453492932012
2,long_gt1000,3,3.0015015015015014,-0.016891712615338006,-0.01677549555448954,-0.01114875756259448
2,long_gt1000,3,3.0,-0.017006669478906278,-0.016890480963818066,-0.011339746547475271
2,long_gt1000,3,2.9984984984984986,-0.01711886893815756,-0.016995422887644218,-0.0115296506667672
2,long_gt1000,3,2.996996996996997,-0.017242716151706416,-0.017077800745956107,-0.011707663760786025
2,long_gt1000,3,2.9954954954954953,-0.017376479779522558,-0.017130578829314902,-0.011864347212093007
2,long_gt1000,3,2.993993993993994,-0.017510953677908114,-0.017165853405793574,-0.012003629119822945
2,long_gt1000,3,2.9924924924924925,-0.017645845057706944,-0.017222325956415263,-0.012152543601085808
2,long_gt1000,3,2.990990990990991,-0.017789020848881065,-0.01733634874615564,-0.012337804339075775
2,long_gt1000,3,2.9894894894894897,-0.017940916852763777,-0.01749965173006307,-0.012555146650479798
2,long_gt1000,3,2.987987987987988,-0.01809783605428006,-0.017675173310596537,-0.012780036932310446
2,long_gt1000,3,2.9864864864864864,-0.018257105775672855,-0.01783193646955461,-0.012993853046309067
2,long_gt1000,3,2.984984984984985,-0.01841582716125434,-0.01796435705298982,-0.01319673195053156
2,long_gt1000,3,2.9834834834834836,-0.01856035740976697,-0.01807257485942615,-0.013390814372566728
2,long_gt1000,3,2.981981981981982,-0.018684476528659344,-0.018159239532055116,-0.01357395501478692
2,long_gt1000,3,2.9804804804804803,-0.01879097691288395,-0.0182329390909578,-0.013744192759965912
2,long_gt1000,3,2.978978978978979,-0.018890870823289385,-0.01830312132558176,-0.013904180462775306
2,long_gt1000,3,2.9774774774774775,-0.01899251473739788,-0.018375480357737284,-0.014060774527049291
2,long_gt1000,3,2.975975975975976,-0.01909670659984941,-0.01844504672268399,-0.01421713310768119
2,long_gt1000,3,2.9744744744744747,-0.0191996087581367,-0.018505023229823503,-0.01437083321521937
2,long_gt1000,3,2.972972972972973,-0.01929457473145335,-0.018548759026874362,-0.014516174686506012
2,long_gt1000,3,2.9714714714714714,-0.019380668121916578,-0.018580377548315652,-0.014651637017447872
2,long_gt1000,3,2.96996996996997,-0.019460631937073702,-0.018609812564366446,-0.014781703304238059
2,long_gt1000,3,2.9684684684684686,-0.019540704511484708,-0.018647192806104496,-0.014913393940139297
2,long_gt1000,3,2.966966966966967,-0.01962463849963858,-0.018695819628670396,-0.01505087604958616
2,long_gt1000,3,2.9654654654654653,-0.019711276687089996,-0.01874894308636954,-0.015192672657762585
2,long_gt1000,3,2.963963963963964,-0.019799437806118758,-0.01879924919902365,-0.015334076973092636
2,long_gt1000,3,2.9624624624624625,-0.019886899628102417,-0.01883982536285367,-0.015468958243527065
2,long_gt1000,3,2.960960960960961,-0.01997485517572256,-0.018870976724625455,-0.01559469577555661
2,long_gt1000,3,2.9594594594594597,-0.020064419318956417,-0.01889678791110161,-0.015711351147727592
2,long_gt1000,3,2.957957957957958,-0.020151970255734897,-0.0189212937371267,-0.015822625928210654
2,long_gt1000,3,2.9564564564564564,-0.02023367105136603,-0.0189461936890013,-0.01593221772423531
2,long_gt1000,3,2.954954954954955,-0.02030393138866854,-0.01896922368716414,-0.01604184305552553
2,long_gt1000,3,2.9534534534534536,-0.020361841731018127,-0.018987491707812332,-0.01615194138375098
2,long_gt1000,3,2.951951951951952,-0.020412338561385412,-0.018998210903386492,-0.016259933794853743
2,long_gt1000,3,2.9504504504504503,-0.02046126384240282,-0.01900169198381052,-0.016364091537592385
2,long_gt1000,3,2.948948948948949,-0.02051649966340774,-0.019002549187872808,-0.016464839099687878
2,long_gt1000,3,2.9474474474474475,-0.020583060116578233,-0.019005958722080663,-0.01656332362373686
2,long_gt1000,3,2.945945945945946,-0.020660332895251043,-0.019017094331905904,-0.01666186290877575
2,long_gt1000,3,2.9444444444444446,-0.02074415843122973,-0.019039778678848207,-0.016762621499155694
2,long_gt1000,3,2.942942942942943,-0.020826335676631114,-0.019071001920987762,-0.01686438952686331
2,long_gt1000,3,2.9414414414414414,-0.020897742196314906,-0.019103522892879532,-0.01696392023253257
2,long_gt1000,3,2.93993993993994,-0.02095318838712562,-0.01912994467477014,-0.017058202762277652
2,long_gt1000,3,2.9384384384384385,-0.0209901179789036,-0.01914294964399932,-0.017144289081025665
2,long_gt1000,3,2.936936936936937,-0.021011628816196115,-0.019137595733622725,-0.017220341154980612
2,long_gt1000,3,2.9354354354354353,-0.021026006714452594,-0.01911803916760546,-0.017289041649324266
2,long_gt1000,3,2.933933933933934,-0.02104130138671445,-0.01909240253505784,-0.017354538894253146
2,long_gt1000,3,2.9324324324324325,-0.02106278452830912,-0.019068837661357252,-0.0174204801260609
2,long_gt1000,3,2.930930930930931,-0.02109431978703935,-0.01905541265648747,-0.0174904459142442
2,long_gt1000,3,2.9294294294294296,-0.02113579077195632,-0.019057716786051948,-0.017566769933074933
2,long_gt1000,3,2.9279279279279278,-0.021182513599365793,-0.01907280079809137,-0.01764752536783204
2,long_gt1000,3,2.9264264264264264,-0.021230096555808042,-0.019094432744314438,-0.01772925697524419
2,long_gt1000,3,2.924924924924925,-0.021276042837417852,-0.019116365580945427,-0.01780857250716056
2,long_gt1000,3,2.9234234234234235,-0.02131797718913403,-0.019132354332113244,-0.017882085207692355
2,long_gt1000,3,2.921921921921922,-0.021354273080584407,-0.019136949606442966,-0.017946924730465386
2,long_gt1000,3,2.9204204204204203,-0.021385611430548457,-0.019128957432373195,-0.018002505987177397
2,long_gt1000,3,2.918918918918919,-0.021414399842919707,-0.01911223077476909,-0.018051039317881046
2,long_gt1000,3,2.9174174174174174,-0.021441214100173633,-0.01909120761593952,-0.018095302610502906
2,long_gt1000,3,2.915915915915916,-0.02146628051069438,-0.019070325938193244,-0.018138086713360868
2,long_gt1000,3,2.9144144144144146,-0.021489878656248518,-0.01905402247410737,-0.0181821806788241
2,long_gt1000,3,2.9129129129129128,-0.0215123862586431,-0.019046117837540955,-0.01822995626100571
2,long_gt1000,3,2.9114114114114114,-0.02153265850493491,-0.019046972810114693,-0.018281798791527915
2,long_gt1000,3,2.90990990990991,-0.021548797935364128,-0.01905327132985557,-0.018335851501968536
2,long_gt1000,3,2.9084084084084085,-0.021560281695810257,-0.019061340689966788,-0.018389928390739718
2,long_gt1000,3,2.906906906906907,-0.021566706544833836,-0.019067508183651438,-0.018441843091771104
2,long_gt1000,3,2.9054054054054053,-0.021567666898637816,-0.01906810110411261,-0.01848940923899245
2,long_gt1000,3,2.903903903903904,-0.02156265528158474,-0.019059481978238257,-0.018530451971866535
2,long_gt1000,3,2.9024024024024024,-0.021551391362894412,-0.019038815745836324,-0.01856329624236236
2,long_gt1000,3,2.900900900900901,-0.021535248782095617,-0.01900679137000627,-0.018588244427402367
2,long_gt1000,3,2.8993993993993996,-0.02151582846790656,-0.018966261397986517,-0.01860671161055344
2,long_gt1000,3,2.8978978978978978,-0.021494298892426156,-0.01892012285080924,-0.018620135337542976
2,long_gt1000,3,2.8963963963963963,-0.021471824307890464,-0.01887127274950673,-0.018629953154098322
2,long_gt1000,3,2.894894894894895,-0.021449568812868247,-0.01882260811511094,-0.018637602605946824
2,long_gt1000,3,2.8933933933933935,-0.021428726690126187,-0.01877709021339391,-0.018644545723318695
2,long_gt1000,3,2.891891891891892,-0.021410402346847712,-0.01873750321417278,-0.018652199104799205
2,long_gt1000,3,2.8903903903903903,-0.02139434441683763,-0.018703946697459006,-0.01866093120176343
2,long_gt1000,3,2.888888888888889,-0.021379815644401723,-0.018675642403083836,-0.01867073999547575
2,long_gt1000,3,2.8873873873873874,-0.021395879925477868,-0.01871143486352267,-0.01868162333406359
2,long_gt1000,3,2.885885885885886,-0.021414257728243402,-0.01875548175573072,-0.018693579065654775
2,long_gt1000,3,2.8843843843843846,-0.021430152512837863,-0.01879875258698327,-0.018706604066572707
2,long_gt1000,3,2.8828828828828827,-0.021444013975399856,-0.018842028870039496,-0.01872039676119669
2,long_gt1000,3,2.8813813813813813,-0.0214560740957227,-0.018885460142714527,-0.018733834077184708
2,long_gt1000,3,2.87987987987988,-0.02146636946041619,-0.018928238550832588,-0.018745684316533395
2,long_gt1000,3,2.8783783783783785,-0.02147534983309829,-0.01896948302091106,-0.018754741542033104
2,long_gt1000,3,2.876876876876877,-0.021483504943475507,-0.01900831247946655,-0.018759799816473466
2,long_gt1000,3,2.8753753753753752,-0.021491320325238594,-0.01904384585301655,-0.018759653202644888
2,long_gt1000,3,2.873873873873874,-0.02149886252125105,-0.019075188208300564,-0.018753109796744605
2,long_gt1000,3,2.8723723723723724,-0.02150536101984757,-0.019101277283829377,-0.018739535606070112
2,long_gt1000,3,2.870870870870871,-0.021510396899467044,-0.019121977168926052,-0.01871974067795651
2,long_gt1000,3,2.8693693693693696,-0.021513403957402866,-0.01913783565119309,-0.018695194533073667
2,long_gt1000,3,2.8678678678678677,-0.021513432253338904,-0.01914940909363938,-0.01866738523897582
2,long_gt1000,3,2.8663663663663663,-0.021509521178594893,-0.019157253859273138,-0.018637800863216702
2,long_gt1000,3,2.864864864864865,-0.021500743923802135,-0.01916192631110314,-0.018607929473350326
2,long_gt1000,3,2.8633633633633635,-0.02148697345174877,-0.019164087108603955,-0.018579240014268972
2,long_gt1000,3,2.861861861861862,-0.021469036780667805,-0.019164842112240565,-0.0185526877981273
2,long_gt1000,3,2.8603603603603602,-0.021447555017929554,-0.019164644699534494,-0.018528071794833456
2,long_gt1000,3,2.858858858858859,-0.021423601923980184,-0.019163730688955494,-0.01850486088484632
2,long_gt1000,3,2.8573573573573574,-0.02139846787891886,-0.01916233589897287,-0.018482522584008176
2,long_gt1000,3,2.855855855855856,-0.0213734437240381,-0.019160696148056267,-0.018460524408161483
2,long_gt1000,3,2.8543543543543546,-0.02134971640584804,-0.019159046762016074,-0.018438333641353555
2,long_gt1000,3,2.8528528528528527,-0.02132769966464121,-0.019157394325019506,-0.018415411362042666
2,long_gt1000,3,2.8513513513513513,-0.02130731218222326,-0.019155273007994134,-0.018391367673999237
2,long_gt1000,3,2.84984984984985,-0.02128827571293107,-0.01915232274848222,-0.018365996169169674
2,long_gt1000,3,2.8483483483483485,-0.021269725507592208,-0.019148201702813172,-0.018339109531371356
2,long_gt1000,3,2.846846846846847,-0.02125070970997872,-0.019142568027317064,-0.01831052044442194
2,long_gt1000,3,2.8453453453453452,-0.021230276561299055,-0.019135079878323302,-0.018280041592138807
2,long_gt1000,3,2.843843843843844,-0.021207544113844956,-0.019125406882971152,-0.018247489254055504
2,long_gt1000,3,2.8423423423423424,-0.02118194751036495,-0.019113503519832542,-0.018212733975927542
2,long_gt1000,3,2.840840840840841,-0.021153084855787707,-0.01909955673268171,-0.018175874702316075
2,long_gt1000,3,2.8393393393393396,-0.021120956338909425,-0.019083718178100062,-0.01813728417728805
2,long_gt1000,3,2.8378378378378377,-0.021085994665245522,-0.019066138586074755,-0.018097353372646285
2,long_gt1000,3,2.8363363363363363,-0.02104865243604742,-0.01904696868659317,-0.01805647326019366
2,long_gt1000,3,2.834834834834835,-0.0210093853325084,-0.01902635920964235,-0.018015034811732944
2,long_gt1000,3,2.8333333333333335,-0.020968791070340276,-0.019004424672492748,-0.01797341897138177
2,long_gt1000,3,2.831831831831832,-0.020927603060731215,-0.01898108099776652,-0.017931938463190356
2,long_gt1000,3,2.83033033033033,-0.020886624446727065,-0.018956445449481052,-0.01789055131702222
2,long_gt1000,3,2.828828828828829,-0.0208463004906132,-0.01893072193943668,-0.017848996295358466
2,long_gt1000,3,2.8273273273273274,-0.020806882402900684,-0.018904114380179804,-0.01780700998012169
2,long_gt1000,3,2.825825825825826,-0.02076862012886299,-0.01887682668425661,-0.017764328953233988
2,long_gt1000,3,2.8243243243243246,-0.020731721750208543,-0.018849062780125436,-0.017720689804573697
2,long_gt1000,3,2.8228228228228227,-0.020695959929053875,-0.018821063480710443,-0.017675832796096858
2,long_gt1000,3,2.8213213213213213,-0.020660781688985275,-0.01879297411134251,-0.01762957488702771
2,long_gt1000,3,2.81981981981982,-0.02062549485919135,-0.018764569073028814,-0.017582247911524296
2,long_gt1000,3,2.8183183183183185,-0.020589544888584832,-0.018735581320869943,-0.01753431613175549
2,long_gt1000,3,2.816816816816817,-0.020552408321442284,-0.01870574380996548,-0.017486243809889612
2,long_gt1000,3,2.815315315315315,-0.020513561702040495,-0.0186747894954159,-0.017438495208095373
2,long_gt1000,3,2.813813813813814,-0.020472593508447046,-0.018642454620963922,-0.017391536264181995
2,long_gt1000,3,2.8123123123123124,-0.02042971231202606,-0.018608630833774287,-0.017345923721959366
2,long_gt1000,3,2.810810810810811,-0.02038545556577509,-0.0185735363775571,-0.017302031521085892
2,long_gt1000,3,2.8093093093093096,-0.02034038751468903,-0.018537504707765384,-0.017259691134129285
2,long_gt1000,3,2.8078078078078077,-0.020295035545150997,-0.018500872263459756,-0.01721868449350572
2,long_gt1000,3,2.8063063063063063,-0.02024992464791442,-0.01846397548370038,-0.01717879353163132
2,long_gt1000,3,2.804804804804805,-0.020205578501835075,-0.018427150807547976,-0.01713980018092226
2,long_gt1000,3,2.8033033033033035,-0.020162324205001747,-0.018390692567374245,-0.017101462141303314
2,long_gt1000,3,2.801801801801802,-0.020119945867994093,-0.018354509770316607,-0.01706326034095168
2,long_gt1000,3,2.8003003003003,-0.02007815702204968,-0.018318453435125837,-0.0170246828895953
2,long_gt1000,3,2.798798798798799,-0.020036701206844032,-0.018282434386315605,-0.016985356555003717
2,long_gt1000,3,2.7972972972972974,-0.019995322046137576,-0.01824636350851705,-0.01694491141216231
2,long_gt1000,3,2.795795795795796,-0.019953763164127836,-0.018210151686362308,-0.016902977536057073
2,long_gt1000,3,2.7942942942942945,-0.019911769589997574,-0.01817370980448285,-0.016859185001673715
2,long_gt1000,3,2.7927927927927927,-0.01986916992804444,-0.018137046785292044,-0.01681323015338454
2,long_gt1000,3,2.7912912912912913,-0.019825939803264025,-0.018100393881824384,-0.016765164268541022
2,long_gt1000,3,2.78978978978979,-0.01978196981627589,-0.018063716619045378,-0.016715470486878603
2,long_gt1000,3,2.7882882882882885,-0.019737284991127813,-0.018026934385311222,-0.016664765612810828
2,long_gt1000,3,2.786786786786787,-0.019691943899246556,-0.017989966568978444,-0.016613666518630332
2,long_gt1000,3,2.785285285285285,-0.01964600511205844,-0.017952732558402906,-0.016562790076629308
2,long_gt1000,3,2.7837837837837838,-0.019599558058333466,-0.017915150365139132,-0.01651275248658557
2,long_gt1000,3,2.7822822822822824,-0.01955292337886244,-0.017877068740791868,-0.016464162405159022
2,long_gt1000,3,2.7807807807807805,-0.019506609404357944,-0.017838451704709435,-0.016417405753524295
2,long_gt1000,3,2.7792792792792795,-0.01946102558489593,-0.017799466993466684,-0.016372247317531397
2,long_gt1000,3,2.7777777777777777,-0.019416267113395058,-0.01776028974827948,-0.016328368014161765
2,long_gt1000,3,2.7762762762762763,-0.019372401206472212,-0.01772109511036324,-0.016285448760396337
2,long_gt1000,3,2.774774774774775,-0.019329495080744552,-0.01768205822093416,-0.01624317047321655
2,long_gt1000,3,2.773273273273273,-0.01928753465039751,-0.017643347269873044,-0.01620120485391291
2,long_gt1000,3,2.771771771771772,-0.019246131709831027,-0.017605014695315502,-0.016158984195768333
2,long_gt1000,3,2.77027027027027,-0.019204706852181785,-0.01756684622157123,-0.01611611685124248
2,long_gt1000,3,2.7687687687687688,-0.019162930926884314,-0.017528542593199914,-0.01607265837184707
2,long_gt1000,3,2.7672672672672673,-0.019120679683696185,-0.017489804346802584,-0.016028681242782616
2,long_gt1000,3,2.7657657657657655,-0.01907783309309674,-0.017450332018980275,-0.015984257949249236
2,long_gt1000,3,2.7642642642642645,-0.01903427133836788,-0.01740982614633435,-0.015939460976447883
2,long_gt1000,3,2.7627627627627627,-0.018989942247828517,-0.017368047042592427,-0.015894401732758967
2,long_gt1000,3,2.7612612612612613,-0.018945047484991373,-0.017325100922299108,-0.01584941660403122
2,long_gt1000,3,2.75975975975976,-0.018899927025918584,-0.017281414589608746,-0.01580461523363147
2,long_gt1000,3,2.758258258258258,-0.01885478164195492,-0.01723746038010887,-0.01575994506289169
2,long_gt1000,3,2.756756756756757,-0.01880976163187914,-0.017193710629388015,-0.015715353122926434
2,long_gt1000,3,2.755255255255255,-0.018765017278041918,-0.017150637673033486,-0.015670786444849427
2,long_gt1000,3,2.7537537537537538,-0.018720699528477713,-0.01710871303283268,-0.01562619165287471
2,long_gt1000,3,2.7522522522522523,-0.018676929384691454,-0.017068289981679863,-0.015581503910218952
2,long_gt1000,3,2.7507507507507505,-0.01863363898743875,-0.017029279742555525,-0.015536769267622264
2,long_gt1000,3,2.7492492492492495,-0.01859062889941221,-0.01699126636740056,-0.015492195330640834
2,long_gt1000,3,2.7477477477477477,-0.01854774832091588,-0.01695381132900642,-0.015448017318602791
2,long_gt1000,3,2.7462462462462462,-0.018504853467312732,-0.016916476100164335,-0.015404470450836483
2,long_gt1000,3,2.744744744744745,-0.018461800553965346,-0.01687882215366554,-0.015361789946669702
2,long_gt1000,3,2.743243243243243,-0.018418462343695596,-0.01684041580287987,-0.015320211637366965
2,long_gt1000,3,2.741741741741742,-0.01837488387080194,-0.016800957135943984,-0.0152798483057216
2,long_gt1000,3,2.74024024024024,-0.01833136605576441,-0.016760574283820162,-0.015240500258540846
2,long_gt1000,3,2.7387387387387387,-0.018288224026120847,-0.016719612007741746,-0.015201836699797133
2,long_gt1000,3,2.7372372372372373,-0.018245697657005955,-0.016678418750703417,-0.015163518716113322
2,long_gt1000,3,2.7357357357357355,-0.018204024564126065,-0.016637342955699186,-0.01512520739411194
2,long_gt1000,3,2.7342342342342345,-0.018163442352118087,-0.016596733065723734,-0.015086563820415955
2,long_gt1000,3,2.7327327327327327,-0.018124078606316263,-0.016556923288790992,-0.015047251948388407
2,long_gt1000,3,2.7312312312312312,-0.01808561669708353,-0.01651806838637082,-0.015007064076980048
2,long_gt1000,3,2.72972972972973,-0.018047513000587267,-0.01647995700614535,-0.014966087905613268
2,long_gt1000,3,2.728228228228228,-0.018009346213562427,-0.016442283221391962,-0.01492453079050049
2,long_gt1000,3,2.726726726726727,-0.017970750430875482,-0.01640474108330703,-0.014882601289670339
2,long_gt1000,3,2.725225225225225,-0.017931359778523892,-0.01636702464308648,-0.014840507961151661
2,long_gt1000,3,2.7237237237237237,-0.01789081143282978,-0.016328827973328686,-0.014798459373673523
2,long_gt1000,3,2.7222222222222223,-0.017849001551603627,-0.016289905489158096,-0.014756677904013915
2,long_gt1000,3,2.7207207207207205,-0.017806335886763613,-0.016250262964758733,-0.014715331200644277
2,long_gt1000,3,2.7192192192192195,-0.017763241740448188,-0.016210070664580467,-0.014674391826177247
2,long_gt1000,3,2.7177177177177176,-0.017719928042140065,-0.016169514795345563,-0.014633793651081972
2,long_gt1000,3,2.7162162162162162,-0.017676571673693076,-0.016128781563775618,-0.014593470545827825
2,long_gt1000,3,2.714714714714715,-0.017633349516961383,-0.016088057176593118,-0.014553356380884064
2,long_gt1000,3,2.713213213213213,-0.017590431328537992,-0.01604752615822469,-0.014513384243233896
2,long_gt1000,3,2.7117117117117115,-0.017547722268862143,-0.016007278552326643,-0.01447347420702172
2,long_gt1000,3,2.71021021021021,-0.017504798433319646,-0.01596726307536267,-0.014433602826279701
2,long_gt1000,3,2.7087087087087087,-0.017461483137507394,-0.015927418055157183,-0.014393817819810306
2,long_gt1000,3,2.7072072072072073,-0.017417903508124666,-0.015887681871202375,-0.01435417276738804
2,long_gt1000,3,2.7057057057057055,-0.01737420296696246,-0.01584799290299066,-0.01431472124878752
2,long_gt1000,3,2.704204204204204,-0.017330524935810554,-0.015808289530013564,-0.01427551684378292
2,long_gt1000,3,2.7027027027027026,-0.01728703188357028,-0.015768514389090216,-0.014236614208759546
2,long_gt1000,3,2.701201201201201,-0.017244132571462734,-0.015728672933875476,-0.014198045345386157
2,long_gt1000,3,2.6996996996997,-0.017202387225697113,-0.01568888359049514,-0.014159791345601525
2,long_gt1000,3,2.698198198198198,-0.01716191548579471,-0.01564929958323713,-0.014121817788715463
2,long_gt1000,3,2.6966966966966965,-0.017122599260913418,-0.01561007427841088,-0.01408408948559392
2,long_gt1000,3,2.695195195195195,-0.01708431848026748,-0.015571361042326703,-0.014046571247102846
2,long_gt1000,3,2.6936936936936937,-0.017046953073069804,-0.015533313241293811,-0.014009227884107966
2,long_gt1000,3,2.6921921921921923,-0.017010321530129713,-0.015496081025386799,-0.013972027103461016
2,long_gt1000,3,2.6906906906906904,-0.016973905321283067,-0.015459702888340754,-0.013934968861677222
2,long_gt1000,3,2.689189189189189,-0.016937100520273973,-0.015423962619954379,-0.013898044980824364
2,long_gt1000,3,2.6876876876876876,-0.01689970668884,-0.01538860409223708,-0.013861252273655644
2,long_gt1000,3,2.686186186186186,-0.01686161333631686,-0.015353371177198927,-0.013824587687555345
2,long_gt1000,3,2.684684684684685,-0.016822709972039496,-0.015318007746849327,-0.013788048169906975
2,long_gt1000,3,2.683183183183183,-0.016782887998649465,-0.015282257793814535,-0.013751630728402575
2,long_gt1000,3,2.6816816816816815,-0.0167422616529328,-0.01524589115877295,-0.01371532276475973
2,long_gt1000,3,2.68018018018018,-0.016701440332549722,-0.015208871065571561,-0.013679014575112447
2,long_gt1000,3,2.6786786786786787,-0.016660993826082326,-0.015171330420294726,-0.013642640843763765
2,long_gt1000,3,2.6771771771771773,-0.016621237712661108,-0.015133410445294704,-0.013606155441048595
2,long_gt1000,3,2.6756756756756754,-0.016582465885346953,-0.015095252362923528,-0.013569512237301073
2,long_gt1000,3,2.674174174174174,-0.016544972237199973,-0.015056997395532346,-0.013532665102855779
2,long_gt1000,3,2.6726726726726726,-0.016509027514420516,-0.01501878575654092,-0.013495567403581044
2,long_gt1000,3,2.671171171171171,-0.0164744535242477,-0.0149807304645444,-0.013458255509958494
2,long_gt1000,3,2.66966966966967,-0.016440674665258892,-0.014942911537333847,-0.013421022992602949
2,long_gt1000,3,2.668168168168168,-0.016407238624065235,-0.014905405114914005,-0.01338405968755818
2,long_gt1000,3,2.6666666666666665,-0.01637378465441186,-0.014868287302930216,-0.013347538272784898
2,long_gt1000,3,2.665165165165165,-0.016339953615637115,-0.014831634207029154,-0.013311631426244586
2,long_gt1000,3,2.6636636636636637,-0.016305386367078345,-0.01479552193285616,-0.013276511825897952
2,long_gt1000,3,2.6621621621621623,-0.016269782340619265,-0.014760032307770121,-0.013242352176201955
2,long_gt1000,3,2.6606606606606604,-0.016233273400528603,-0.01472525780941858,-0.013209120210794345
2,long_gt1000,3,2.659159159159159,-0.016196119778442375,-0.014691145754798018,-0.013176476184574515
2,long_gt1000,3,2.6576576576576576,-0.016158575962539112,-0.014657594677362162,-0.01314412511995866
2,long_gt1000,3,2.656156156156156,-0.016120902206206655,-0.014624503104868847,-0.013111774713486679
2,long_gt1000,3,2.6546546546546548,-0.01608335876622946,-0.014591769565075019,-0.013079132661697246
2,long_gt1000,3,2.653153153153153,-0.016046205869677088,-0.014559292585690775,-0.013045906661106166
2,long_gt1000,3,2.6516516516516515,-0.016009646416787815,-0.014526936449441363,-0.013011801101679321
2,long_gt1000,3,2.65015015015015,-0.01597374540732388,-0.014494529140241408,-0.012976770369276802
2,long_gt1000,3,2.6486486486486487,-0.0159385913871416,-0.014462098814914892,-0.012941195152352591
2,long_gt1000,3,2.6471471471471473,-0.015904124309540135,-0.014429707580668971,-0.012905521231281192
2,long_gt1000,3,2.6456456456456454,-0.015870252717559707,-0.014397417544711466,-0.012870194461171769
2,long_gt1000,3,2.644144144144144,-0.015836885154241198,-0.014365290814250864,-0.012835660697134488
2,long_gt1000,3,2.6426426426426426,-0.015803929493023006,-0.014333390203595808,-0.01280236614782937
2,long_gt1000,3,2.641141141141141,-0.01577126794279371,-0.014301839669647487,-0.01277075393422411
2,long_gt1000,3,2.6396396396396398,-0.015738691174929653,-0.014270743986229961,-0.01274089762723385
2,long_gt1000,3,2.638138138138138,-0.015706031180570124,-0.014240040380056218,-0.012712432260323703
2,long_gt1000,3,2.6366366366366365,-0.015673312394299588,-0.014209653550489643,-0.012684951026165958
2,long_gt1000,3,2.635135135135135,-0.015640575668846246,-0.014179508196893842,-0.012658047117433235
2,long_gt1000,3,2.6336336336336337,-0.015607861856937744,-0.014149529018631757,-0.012631313726797377
2,long_gt1000,3,2.6321321321321323,-0.015575218666661672,-0.014119641331414634,-0.012604344359345765
2,long_gt1000,3,2.6306306306306304,-0.015542785361857492,-0.014089785107199493,-0.012576807943391333
2,long_gt1000,3,2.629129129129129,-0.015510754785685088,-0.01405991121598249,-0.012548600508332286
2,long_gt1000,3,2.6276276276276276,-0.015479146168776103,-0.014029968295223627,-0.01251963836508141
2,long_gt1000,3,2.626126126126126,-0.015447834527057447,-0.01399990493643899,-0.012489834966169622
2,long_gt1000,3,2.6246246246246248,-0.015416690506636965,-0.013969669731143775,-0.012459103764127288
2,long_gt1000,3,2.623123123123123,-0.015385584753622839,-0.013939211270854068,-0.012427358211485329
2,long_gt1000,3,2.6216216216216215,-0.015354373940010713,-0.013908457079762737,-0.012394500668436614
2,long_gt1000,3,2.62012012012012,-0.015322853392951363,-0.013877242612620133,-0.012360370005468413
2,long_gt1000,3,2.6186186186186187,-0.01529095355251553,-0.01384564005340616,-0.012325213071606833
2,long_gt1000,3,2.6171171171171173,-0.015258814806923371,-0.01381382513952989,-0.012289657845650392
2,long_gt1000,3,2.6156156156156154,-0.015226649652414825,-0.013781973714264817,-0.012254346382878478
2,long_gt1000,3,2.614114114114114,-0.015194670950772982,-0.013750261620884663,-0.012219920738570589
2,long_gt1000,3,2.6126126126126126,-0.015163091005559681,-0.013718864733041736,-0.012187022983195628
2,long_gt1000,3,2.611111111111111,-0.01513209095032264,-0.013688011357763541,-0.012156314505320509
2,long_gt1000,3,2.6096096096096097,-0.015101748614986477,-0.013657934277675698,-0.012128254070832178
2,long_gt1000,3,2.608108108108108,-0.015071939273365476,-0.01362851497127937,-0.012102422697609305
2,long_gt1000,3,2.6066066066066065,-0.015042466173840419,-0.013599577979125144,-0.012078125064365342
2,long_gt1000,3,2.605105105105105,-0.015013125006029582,-0.013570947841764713,-0.012054665198706238
2,long_gt1000,3,2.6036036036036037,-0.014983711459551574,-0.013542449099749554,-0.012031347128237724
2,long_gt1000,3,2.6021021021021022,-0.01495402629199416,-0.013513905762307932,-0.012007474614904035
2,long_gt1000,3,2.6006006006006004,-0.014924030707880176,-0.013485123973419721,-0.011982369757688627
2,long_gt1000,3,2.599099099099099,-0.014893937182651085,-0.013456013276294199,-0.011955703509646365
2,long_gt1000,3,2.5975975975975976,-0.014863954901871868,-0.013426637152242682,-0.011927738147939015
2,long_gt1000,3,2.596096096096096,-0.01483411616558139,-0.013397067976658406,-0.011898842949368493
2,long_gt1000,3,2.5945945945945947,-0.014804432016631619,-0.013367378124934381,-0.011869387190737268
2,long_gt1000,3,2.593093093093093,-0.014774913497874187,-0.0133376399724634,-0.011839740148847144
2,long_gt1000,3,2.5915915915915915,-0.01474554700548325,-0.013307917550937187,-0.011810266928244495
2,long_gt1000,3,2.59009009009009,-0.014716077375457215,-0.013278191753653745,-0.01178125813111719
2,long_gt1000,3,2.5885885885885886,-0.014686181585272906,-0.013248509517874263,-0.011752839751268507
2,long_gt1000,3,2.5870870870870872,-0.014655842539578634,-0.013218985971025221,-0.011725022694840326
2,long_gt1000,3,2.5855855855855854,-0.014625313490749137,-0.013189736905445004,-0.01169780801181719
2,long_gt1000,3,2.584084084084084,-0.014594859191517706,-0.013160878113473329,-0.011671196752183866
2,long_gt1000,3,2.5825825825825826,-0.014564744394584883,-0.013132525387449245,-0.011645189965925118
2,long_gt1000,3,2.581081081081081,-0.014535246229872345,-0.013104824636167134,-0.011619804170943548
2,long_gt1000,3,2.5795795795795797,-0.014506673553621785,-0.013078005212704413,-0.011595123856435352
2,long_gt1000,3,2.578078078078078,-0.014479177036021973,-0.013052025460605465,-0.011571101583847998
2,long_gt1000,3,2.5765765765765765,-0.014452597186923044,-0.013026739849267166,-0.01154761108222413
2,long_gt1000,3,2.575075075075075,-0.014426597005243624,-0.013002002779366029,-0.011524525431024779
2,long_gt1000,3,2.5735735735735736,-0.01440083600231401,-0.012977668651577678,-0.011501717709710091
2,long_gt1000,3,2.5720720720720722,-0.014374975119818778,-0.012953591650576746,-0.011479060889740045
2,long_gt1000,3,2.5705705705705704,-0.014348772111455022,-0.012929582277797058,-0.011456402677333055
2,long_gt1000,3,2.569069069069069,-0.01432218559588283,-0.012905450929457496,-0.011433536055463711
2,long_gt1000,3,2.5675675675675675,-0.014295306093788596,-0.01288121155237687,-0.01141037470301498
2,long_gt1000,3,2.566066066066066,-0.01426833467467048,-0.012856907230776704,-0.011386870417132156
2,long_gt1000,3,2.5645645645645647,-0.01424152309732074,-0.012832581048878744,-0.011362974998407438
2,long_gt1000,3,2.563063063063063,-0.01421512357886312,-0.01280827609090518,-0.01133864024743314
2,long_gt1000,3,2.5615615615615615,-0.01418938072949072,-0.012784037070549648,-0.011313818779537077
2,long_gt1000,3,2.56006006006006,-0.01416435993010301,-0.012759943656425632,-0.011288505399112858
2,long_gt1000,3,2.5585585585585586,-0.014139891536059435,-0.012736002251576783,-0.011262884764498216
2,long_gt1000,3,2.557057057057057,-0.014115716004689083,-0.012712054043627852,-0.01123713716314656
2,long_gt1000,3,2.5555555555555554,-0.014091572474278058,-0.012687926269911776,-0.011211425744179104
2,long_gt1000,3,2.554054054054054,-0.01406720144462048,-0.012663446167763048,-0.011185913656718283
2,long_gt1000,3,2.5525525525525525,-0.014042343415509806,-0.012638440974514609,-0.011160764049885197
2,long_gt1000,3,2.551051051051051,-0.014016757607577035,-0.01261274033293236,-0.011136141275517653
2,long_gt1000,3,2.5495495495495497,-0.013990401913770212,-0.012586215116741295,-0.01111214675322103
2,long_gt1000,3,2.548048048048048,-0.013963486395247582,-0.012559033283039867,-0.011088696263708231
2,long_gt1000,3,2.5465465465465464,-0.013936317249074293,-0.012531576401751288,-0.011065774620304225
2,long_gt1000,3,2.545045045045045,-0.013909183180837559,-0.012504231163098511,-0.01104337520606491
2,long_gt1000,3,2.5435435435435436,-0.013882370982184034,-0.012477384257304935,-0.011021491404046402
2,long_gt1000,3,2.542042042042042,-0.013856167444760814,-0.012451422374595511,-0.011000116597305376
2,long_gt1000,3,2.5405405405405403,-0.013830827882508445,-0.012426735083533869,-0.01097924568604125
2,long_gt1000,3,2.539039039039039,-0.013806401998151974,-0.012403680284904572,-0.010958922848953057
2,long_gt1000,3,2.5375375375375375,-0.013782679292893119,-0.012382225247527412,-0.010939100365073062
2,long_gt1000,3,2.536036036036036,-0.01375940251941854,-0.012362125808464075,-0.010919588349307396
2,long_gt1000,3,2.5345345345345347,-0.013736367608282118,-0.012343135773797309,-0.010900194422383325
2,long_gt1000,3,2.533033033033033,-0.013713372498242782,-0.012325008949610305,-0.010880726205028446
2,long_gt1000,3,2.5315315315315314,-0.013690215128833172,-0.012307498981490195,-0.010860991237722328
2,long_gt1000,3,2.53003003003003,-0.013666762467199223,-0.012290283779470723,-0.010840759340194017
2,long_gt1000,3,2.5285285285285286,-0.013643138256863918,-0.012272919950112371,-0.010819794004825245
2,long_gt1000,3,2.527027027027027,-0.01361962101930847,-0.012255201485069867,-0.010798241273476394
2,long_gt1000,3,2.5255255255255253,-0.01359634683170452,-0.012236982465169577,-0.010776370575207417
2,long_gt1000,3,2.524024024024024,-0.013573372162596797,-0.012218116971238757,-0.01075445154775434
2,long_gt1000,3,2.5225225225225225,-0.01355075305304132,-0.012198459084103552,-0.01073275382885197
2,long_gt1000,3,2.521021021021021,-0.013528543958997385,-0.012177866113165292,-0.010711548670523485
2,long_gt1000,3,2.5195195195195197,-0.01350668093342422,-0.012156378087505582,-0.010691197709176703
2,long_gt1000,3,2.518018018018018,-0.013484868572111397,-0.012134243723643579,-0.010671964569782144
2,long_gt1000,3,2.5165165165165164,-0.013462798965759415,-0.012111625164868967,-0.01065357722176774
2,long_gt1000,3,2.515015015015015,-0.013440381670801638,-0.01208867507220912,-0.010635682379553368
2,long_gt1000,3,2.5135135135135136,-0.013417576865950465,-0.012065546106692526,-0.01061792675755946
2,long_gt1000,3,2.512012012012012,-0.013394344729918739,-0.012042390929347224,-0.010599957070206112
2,long_gt1000,3,2.5105105105105103,-0.013370653266916555,-0.01201935423295164,-0.010581416047788839
2,long_gt1000,3,2.509009009009009,-0.013346621915054868,-0.011996387111352647,-0.010561852657646642
2,long_gt1000,3,2.5075075075075075,-0.013322571349031587,-0.011973371554150125,-0.010541025595382725
2,long_gt1000,3,2.506006006006006,-0.013298842512114661,-0.011950330081938798,-0.010519233441208975
2,long_gt1000,3,2.5045045045045047,-0.013275622361174522,-0.011927292733858952,-0.010496835821066974
2,long_gt1000,3,2.503003003003003,-0.01325307192976033,-0.011904289549050429,-0.010474192360897971
2,long_gt1000,3,2.5015015015015014,-0.013231352251421469,-0.011881350566653959,-0.010451662686643881
2,long_gt1000,3,2.5,-0.01321059839667249,-0.011858527257201379,-0.010429617139941838
2,long_gt1000,3,2.4984984984984986,-0.013190740067426376,-0.011836052183331836,-0.010408507269388911
2,long_gt1000,3,2.496996996996997,-0.013171540085454736,-0.011814107528753226,-0.01038851112945216
2,long_gt1000,3,2.4954954954954953,-0.01315277036377327,-0.011792805402928819,-0.010369503019450388
2,long_gt1000,3,2.493993993993994,-0.01313425777955457,-0.011772257616955661,-0.010351343656645029
2,long_gt1000,3,2.4924924924924925,-0.013115832568507013,-0.01175257598193169,-0.01033389375829763
2,long_gt1000,3,2.490990990990991,-0.013097324966337864,-0.011733872308954396,-0.01031701404167007
2,long_gt1000,3,2.4894894894894897,-0.013078591909626347,-0.011716215232029148,-0.01030054363547761
2,long_gt1000,3,2.487987987987988,-0.013059645061643699,-0.011699423685113342,-0.010284207679858048
2,long_gt1000,3,2.4864864864864864,-0.013040520261227706,-0.011683165963587205,-0.010267760604521725
2,long_gt1000,3,2.484984984984985,-0.013021224689048538,-0.011667096795496379,-0.010251006179974764
2,long_gt1000,3,2.4834834834834836,-0.013001742542576578,-0.011650870908886723,-0.010233748490688921
2,long_gt1000,3,2.481981981981982,-0.012982056939978337,-0.011634143031803434,-0.010215791621136061
2,long_gt1000,3,2.4804804804804803,-0.012962151313786974,-0.011616568521024995,-0.010196939970154473
2,long_gt1000,3,2.478978978978979,-0.012942022637125739,-0.011597912999226745,-0.010177053069530761
2,long_gt1000,3,2.4774774774774775,-0.01292167409626066,-0.011578311064151858,-0.010156193805291869
2,long_gt1000,3,2.475975975975976,-0.012901175668940779,-0.011558123113574847,-0.01013471764428353
2,long_gt1000,3,2.4744744744744747,-0.0128806271610854,-0.011537724067090638,-0.010113086603953714
2,long_gt1000,3,2.472972972972973,-0.01286014475243602,-0.011517488844292822,-0.010091763736614578
2,long_gt1000,3,2.4714714714714714,-0.012839844990057414,-0.01149779236477566,-0.01007121209457884
2,long_gt1000,3,2.46996996996997,-0.012819840877526967,-0.011479002461158627,-0.010051891186671491
2,long_gt1000,3,2.4684684684684686,-0.01280018386558146,-0.011461298175587942,-0.010034166126481558
2,long_gt1000,3,2.466966966966967,-0.012780884497226142,-0.01144451589426998,-0.010018144119823158
2,long_gt1000,3,2.4654654654654653,-0.012761936639731686,-0.011428378666622274,-0.010003456375521136
2,long_gt1000,3,2.463963963963964,-0.012743374723902079,-0.011412607730829638,-0.009989606363191461
2,long_gt1000,3,2.4624624624624625,-0.012725247213614455,-0.01139692432507644,-0.009976097523953453
2,long_gt1000,3,2.460960960960961,-0.012707602583871713,-0.011381049687547717,-0.009962433298926987
2,long_gt1000,3,2.4594594594594597,-0.012690493567007355,-0.011364716259233187,-0.00994812273063439
2,long_gt1000,3,2.457957957957958,-0.012673972666699118,-0.011347859278898476,-0.009932777532911774
2,long_gt1000,3,2.4564564564564564,-0.01265804826532324,-0.011330667737286415,-0.009916314117766722
2,long_gt1000,3,2.454954954954955,-0.012642674512091556,-0.011313364105787871,-0.009899032978819111
2,long_gt1000,3,2.4534534534534536,-0.012627648193854757,-0.011296170855818133,-0.009881280827465866
2,long_gt1000,3,2.451951951951952,-0.012612737907100824,-0.011279310458791603,-0.009863404375103246
2,long_gt1000,3,2.4504504504504503,-0.012597712248317627,-0.01126300538612246,-0.00984575033312729
2,long_gt1000,3,2.448948948948949,-0.01258233191167668,-0.011247458922367892,-0.009828655819505872
2,long_gt1000,3,2.4474474474474475,-0.012566372442918472,-0.011232653571375817,-0.0098123399496014
2,long_gt1000,3,2.445945945945946,-0.012549722870983104,-0.011218373065788434,-0.009796760129838544
2,long_gt1000,3,2.4444444444444446,-0.012532410658590787,-0.011204385708353026,-0.009781700633730961
2,long_gt1000,3,2.442942942942943,-0.01251461824430844,-0.01119045980181732,-0.009766937263849584
2,long_gt1000,3,2.4414414414414414,-0.012496537561066612,-0.011176363648929266,-0.009752245822765127
2,long_gt1000,3,2.43993993993994,-0.012478360541795852,-0.01116186555243659,-0.009737402113048854
2,long_gt1000,3,2.4384384384384385,-0.012460281136399742,-0.011146753845109325,-0.00972219195228241
2,long_gt1000,3,2.436936936936937,-0.012442473638671125,-0.011131038426993811,-0.00970651770500186
2,long_gt1000,3,2.4354354354354353,-0.01242508594897318,-0.011114891626802903,-0.009690490689454156
2,long_gt1000,3,2.433933933933934,-0.01240818728985893,-0.011098491563027668,-0.009674348201827443
2,long_gt1000,3,2.4324324324324325,-0.012391727900189942,-0.011082016354159174,-0.009658332240319867
2,long_gt1000,3,2.4309309309309306,-0.012375648088878588,-0.011065644118688267,-0.009642684803129686
2,long_gt1000,3,2.4294294294294296,-0.012359888155841547,-0.011049552957114406,-0.009627647879459245
2,long_gt1000,3,2.4279279279279278,-0.012344375409553798,-0.011033896447989244,-0.009613451197537093
2,long_gt1000,3,2.4264264264264264,-0.012328956887965314,-0.011018683725712686,-0.009600228430314606
2,long_gt1000,3,2.424924924924925,-0.012313411714816813,-0.011003796335371518,-0.009587802661707001
2,long_gt1000,3,2.423423423423423,-0.01229756248661118,-0.01098910622316196,-0.009575863828617304
2,long_gt1000,3,2.421921921921922,-0.012281304601985066,-0.010974485335280004,-0.009564103835974724
2,long_gt1000,3,2.4204204204204203,-0.012264539479043157,-0.010959805617922092,-0.009552214588708585
2,long_gt1000,3,2.418918918918919,-0.012247168543171538,-0.01094493903184679,-0.009539887999029162
2,long_gt1000,3,2.4174174174174174,-0.012229128753579288,-0.010929777549684827,-0.009526825985083365
2,long_gt1000,3,2.4159159159159156,-0.012210606614347697,-0.010914339927316608,-0.00951282639976303
2,long_gt1000,3,2.4144144144144146,-0.012191942439663261,-0.010898788315293784,-0.009498050885595966
2,long_gt1000,3,2.4129129129129128,-0.0121734700740882,-0.010883299919822731,-0.009482816037215902
2,long_gt1000,3,2.4114114114114114,-0.012155504202232548,-0.010868051947108492,-0.009467438721314392
2,long_gt1000,3,2.40990990990991,-0.012138358176863706,-0.010853221603356777,-0.009452235804583764
2,long_gt1000,3,2.408408408408408,-0.012122344634164728,-0.010838984667475682,-0.009437523440067208
2,long_gt1000,3,2.406906906906907,-0.01210767333120677,-0.010825450777973034,-0.009423584710608002
2,long_gt1000,3,2.4054054054054053,-0.012094231756352047,-0.010812586375738453,-0.009410618899862722
2,long_gt1000,3,2.403903903903904,-0.012081790968192507,-0.01080024927904022,-0.009398574500275925
2,long_gt1000,3,2.4024024024024024,-0.012070049497226565,-0.01078828531292042,-0.009387235295789775
2,long_gt1000,3,2.4009009009009006,-0.012058663775135203,-0.010776540302422255,-0.009376380531960438
2,long_gt1000,3,2.3993993993993996,-0.012047289568091757,-0.010764860072588256,-0.009365789454343965
2,long_gt1000,3,2.3978978978978978,-0.012035586190644265,-0.010753096194860978,-0.009355244181695976
2,long_gt1000,3,2.3963963963963963,-0.012023312383726004,-0.010741161389498322,-0.00934455740718032
2,long_gt1000,3,2.394894894894895,-0.012010368593134202,-0.010728997155515563,-0.00933355786161838
2,long_gt1000,3,2.393393393393393,-0.011996670440582391,-0.01071652611607199,-0.0093221167623051
2,long_gt1000,3,2.391891891891892,-0.01198223378781238,-0.010703668083005935,-0.00931016604669721
2,long_gt1000,3,2.3903903903903903,-0.0119671300878742,-0.010690342868155733,-0.009297641387890021
2,long_gt1000,3,2.388888888888889,-0.0119514313598037,-0.010676470283360162,-0.009284478458978507
2,long_gt1000,3,2.3873873873873874,-0.011935209754726395,-0.010661970874376259,-0.009270613300017216
2,long_gt1000,3,2.3858858858858856,-0.01191852129952442,-0.010646773629743977,-0.009255986172452046
2,long_gt1000,3,2.3843843843843846,-0.011901440144624353,-0.010630915345578806,-0.009240595286749698
2,long_gt1000,3,2.3828828828828827,-0.01188413863311455,-0.01061464147252944,-0.009224611583623643
2,long_gt1000,3,2.3813813813813813,-0.01186675511088564,-0.010598222607110186,-0.009208275534037469
2,long_gt1000,3,2.37987987987988,-0.011849386730357292,-0.010581929345834906,-0.00919182934275986
2,long_gt1000,3,2.378378378378378,-0.011832129223420473,-0.010566032285217908,-0.009175515214559504
2,long_gt1000,3,2.376876876876877,-0.011815077831352383,-0.010550800305052732,-0.009159574495844591
2,long_gt1000,3,2.3753753753753752,-0.011798364359245417,-0.010536484354792819,-0.009144239567853707
2,long_gt1000,3,2.373873873873874,-0.011782111689001562,-0.010523139568611173,-0.009129650070271333
2,long_gt1000,3,2.3723723723723724,-0.011766330777879919,-0.010510572533677376,-0.00911577519630602
2,long_gt1000,3,2.3708708708708706,-0.011751047337611786,-0.010498573022892588,-0.009102466160255784
2,long_gt1000,3,2.3693693693693696,-0.011736301729743714,-0.010486930809157968,-0.009089564957166063
2,long_gt1000,3,2.3678678678678677,-0.011722134548012186,-0.010475435667105293,-0.009076913582946822
2,long_gt1000,3,2.3663663663663663,-0.01170858420262233,-0.010463881430748723,-0.009064356063199663
2,long_gt1000,3,2.364864864864865,-0.011695573464720721,-0.010452089485397886,-0.009051750199173592
2,long_gt1000,3,2.363363363363363,-0.011682943614534924,-0.010440019351432017,-0.009039018912901597
2,long_gt1000,3,2.361861861861862,-0.01167056313997894,-0.010427703354638496,-0.009026133145233928
2,long_gt1000,3,2.3603603603603602,-0.01165828840232741,-0.010415174516825054,-0.009013144628956304
2,long_gt1000,3,2.358858858858859,-0.011645965232173983,-0.010402465859799204,-0.009000116665969338
2,long_gt1000,3,2.3573573573573574,-0.011633438989473999,-0.010389610124833748,-0.008987112417906062
2,long_gt1000,3,2.3558558558558556,-0.01162054772021237,-0.010376616926113247,-0.008974183482855391
2,long_gt1000,3,2.3543543543543546,-0.011607191599615652,-0.01036345786637538,-0.008961362453182797
2,long_gt1000,3,2.3528528528528527,-0.011593358166106404,-0.01035013355644021,-0.008948704429553422
2,long_gt1000,3,2.3513513513513513,-0.011579052933118672,-0.010336671515831286,-0.0089362990519819
2,long_gt1000,3,2.34984984984985,-0.011564306548220826,-0.010323100049529188,-0.008924198142121642
2,long_gt1000,3,2.348348348348348,-0.01154916677448159,-0.010309447462515386,-0.008912442663808973
2,long_gt1000,3,2.346846846846847,-0.011533681797108342,-0.010295742220338466,-0.008901073661163994
2,long_gt1000,3,2.3453453453453452,-0.011517931287317706,-0.010282054354348036,-0.008890152961206876
2,long_gt1000,3,2.343843843843844,-0.01150222613615759,-0.010268543734389901,-0.008879787310206111
2,long_gt1000,3,2.3423423423423424,-0.011486994554010144,-0.01025528869112291,-0.008870036859849217
2,long_gt1000,3,2.3408408408408405,-0.011472634590105057,-0.010242298094233604,-0.008860850384218244
2,long_gt1000,3,2.3393393393393396,-0.011459498685023606,-0.010229579237039266,-0.008852069013581154
2,long_gt1000,3,2.3378378378378377,-0.011447856635066755,-0.010217139412857179,-0.008843516801137374
2,long_gt1000,3,2.3363363363363363,-0.011437967905950197,-0.010204983070364992,-0.008835016377766292
2,long_gt1000,3,2.334834834834835,-0.011429843202520384,-0.010192991740569202,-0.00882632891551216
2,long_gt1000,3,2.333333333333333,-0.011422235875414688,-0.010180882355662835,-0.008817133287012169
2,long_gt1000,3,2.331831831831832,-0.011413485699417802,-0.01016845400524291,-0.008807168804416898
2,long_gt1000,3,2.33033033033033,-0.011401995711413204,-0.010155624157354604,-0.008796361432395039
2,long_gt1000,3,2.328828828828829,-0.01138626089852579,-0.010142317812021018,-0.008784765002809336
2,long_gt1000,3,2.3273273273273274,-0.011364851154667455,-0.010128459969265924,-0.008772447121476956
2,long_gt1000,3,2.3258258258258255,-0.011336348628981585,-0.010113989603624862,-0.008759482381470951
2,long_gt1000,3,2.3243243243243246,-0.01130032331341324,-0.010099086290077386,-0.008746065676086157
2,long_gt1000,3,2.3228228228228227,-0.011258525173029721,-0.0100841311165345,-0.008732492655083246
2,long_gt1000,3,2.3213213213213213,-0.011212968178872074,-0.010069423130845356,-0.008719009296949132
2,long_gt1000,3,2.31981981981982,-0.011165593909272409,-0.01005511659544256,-0.008705728158262094
2,long_gt1000,3,2.318318318318318,-0.01111831935431662,-0.010041352360120381,-0.008692703705491356
2,long_gt1000,3,2.316816816816817,-0.011072977957118257,-0.010028271274674871,-0.008679986117193672
2,long_gt1000,3,2.315315315315315,-0.011031362470356854,-0.0100159815679286,-0.008667609261438725
2,long_gt1000,3,2.313813813813814,-0.010995110520664153,-0.01000428122240149,-0.008655451883144982
2,long_gt1000,3,2.3123123123123124,-0.010965776131094618,-0.009992801013459562,-0.008643309128746113
2,long_gt1000,3,2.3108108108108105,-0.010944957200898942,-0.009981259473101023,-0.008631021413046502
2,long_gt1000,3,2.3093093093093096,-0.010933682922762533,-0.009969458394458952,-0.00861848860559633
2,long_gt1000,3,2.3078078078078077,-0.010930676924887361,-0.009957202732724602,-0.00860566826499043
2,long_gt1000,3,2.3063063063063063,-0.010934162776951584,-0.009944297443090111,-0.008592531242825996
2,long_gt1000,3,2.304804804804805,-0.010942396089126838,-0.009930595671867826,-0.008579072486260553
2,long_gt1000,3,2.303303303303303,-0.010953779432731792,-0.009916244487663928,-0.008565433903598318
2,long_gt1000,3,2.301801801801802,-0.01096677056248585,-0.009901501325886741,-0.008551812587657803
2,long_gt1000,3,2.3003003003003,-0.010979815814102789,-0.009886600783932442,-0.008538397279290177
2,long_gt1000,3,2.298798798798799,-0.010991344423232574,-0.009871743259070476,-0.008525328269909371
2,long_gt1000,3,2.2972972972972974,-0.010999783111223627,-0.009857126376680903,-0.008512658944486162
2,long_gt1000,3,2.2957957957957955,-0.011003597054959346,-0.009842947762145116,-0.008500431718840296
2,long_gt1000,3,2.2942942942942945,-0.011002440530503477,-0.009829370507326463,-0.008488671742032272
2,long_gt1000,3,2.2927927927927927,-0.01099708197807725,-0.009816384315505022,-0.00847731746883118
2,long_gt1000,3,2.2912912912912913,-0.010988312317972815,-0.00980392201528435,-0.008466278916667735
2,long_gt1000,3,2.28978978978979,-0.010976904265367349,-0.009791880025038724,-0.008455447040582098
2,long_gt1000,3,2.288288288288288,-0.010963617051850116,-0.009780127795966598,-0.008444694817854259
2,long_gt1000,3,2.286786786786787,-0.01094920759436313,-0.009768534143448804,-0.008433924611947918
2,long_gt1000,3,2.285285285285285,-0.010934384145984355,-0.009756967856126897,-0.008423048832090663
2,long_gt1000,3,2.2837837837837838,-0.010919568001613311,-0.00974528244847761,-0.00841197225042778
2,long_gt1000,3,2.2822822822822824,-0.010904873227790546,-0.009733290635593805,-0.008400579239412398
2,long_gt1000,3,2.2807807807807805,-0.010890395441310097,-0.00972080132446318,-0.008388752267445287
2,long_gt1000,3,2.2792792792792795,-0.01087627550129977,-0.009707713906742299,-0.00837641904526154
2,long_gt1000,3,2.2777777777777777,-0.010862707030790508,-0.00969403330189289,-0.008363561525875252
2,long_gt1000,3,2.2762762762762763,-0.010849888584797962,-0.009679770391405329,-0.008350193748052126
2,long_gt1000,3,2.274774774774775,-0.010838081867291516,-0.009664937014370878,-0.008336356637507536
2,long_gt1000,3,2.273273273273273,-0.010827357620432632,-0.009649656163902787,-0.008322147641214195
2,long_gt1000,3,2.271771771771772,-0.010817501867306234,-0.009634264219899213,-0.008307770899537492
2,long_gt1000,3,2.27027027027027,-0.010808290272599885,-0.009619121734947056,-0.008293442639186632
2,long_gt1000,3,2.2687687687687688,-0.010799477998397311,-0.009604548256425094,-0.008279358584267538
2,long_gt1000,3,2.2672672672672673,-0.010790716958956725,-0.009590656836061084,-0.008265606423689231
2,long_gt1000,3,2.2657657657657655,-0.010781624154342917,-0.009577495668724456,-0.008252226418234532
2,long_gt1000,3,2.2642642642642645,-0.010771784979776156,-0.00956511292585005,-0.008239270191513826
2,long_gt1000,3,2.2627627627627627,-0.010761125013725614,-0.009553474829145925,-0.00822674977192095
2,long_gt1000,3,2.2612612612612613,-0.010749702009151152,-0.009542231022413583,-0.008214518898897127
2,long_gt1000,3,2.25975975975976,-0.010737540255992939,-0.00953095471483878,-0.008202393094574822
2,long_gt1000,3,2.258258258258258,-0.01072468328302767,-0.009519257593280095,-0.008190207119923576
2,long_gt1000,3,2.256756756756757,-0.010711268011790454,-0.009506938130113163,-0.008177890022381673
2,long_gt1000,3,2.255255255255255,-0.010697462029918725,-0.009493851396077613,-0.00816540002903432
2,long_gt1000,3,2.2537537537537538,-0.010683446672805297,-0.009479852474445272,-0.008152651776110686
2,long_gt1000,3,2.2522522522522523,-0.01066920381402281,-0.0094648310118437,-0.008139553687412704
2,long_gt1000,3,2.2507507507507505,-0.010654751201985668,-0.009449010844474248,-0.008126181097041663
2,long_gt1000,3,2.2492492492492495,-0.010640199086811797,-0.009432803125101197,-0.00811270299738076
2,long_gt1000,3,2.2477477477477477,-0.01062565845200436,-0.009416620473258197,-0.008099289114197772
2,long_gt1000,3,2.2462462462462462,-0.010611217313762578,-0.009400829573872338,-0.00808608674145217
2,long_gt1000,3,2.244744744744745,-0.010596924797129037,-0.009385719487204902,-0.008073224575022797
2,long_gt1000,3,2.243243243243243,-0.010582833100828526,-0.009371571784148935,-0.008060852562400522
2,long_gt1000,3,2.241741741741742,-0.010569086625863977,-0.009358614817854827,-0.008049095418355412
2,long_gt1000,3,2.24024024024024,-0.010555712023708641,-0.009346705613652029,-0.008037892193747287
2,long_gt1000,3,2.2387387387387387,-0.010542657424829183,-0.009335542996170343,-0.008027102839085809
2,long_gt1000,3,2.2372372372372373,-0.010529870430051935,-0.009324824730758463,-0.008016586775240642
2,long_gt1000,3,2.2357357357357355,-0.010517294442446534,-0.00931424018725191,-0.008006199225591981
2,long_gt1000,3,2.2342342342342345,-0.010504869261206196,-0.009303471527733143,-0.007995799107402002
2,long_gt1000,3,2.2327327327327327,-0.010492526852546313,-0.009292200680207197,-0.00798524896135977
2,long_gt1000,3,2.2312312312312312,-0.010480100714021279,-0.009280123305231758,-0.007974410371485607
2,long_gt1000,3,2.22972972972973,-0.010467457738573827,-0.009267153859797705,-0.007963254277082998
2,long_gt1000,3,2.228228228228228,-0.010454550909346438,-0.009253382312528702,-0.007951839373271707
2,long_gt1000,3,2.226726726726727,-0.01044133587868079,-0.009238903970447687,-0.007940227024370916
2,long_gt1000,3,2.225225225225225,-0.010427785454968252,-0.009223848452676764,-0.00792849575389798
2,long_gt1000,3,2.2237237237237237,-0.010413902646962625,-0.009208405779062456,-0.00791676394803309
2,long_gt1000,3,2.2222222222222223,-0.010399693780911656,-0.009192772111061176,-0.007905121975286034
2,long_gt1000,3,2.2207207207207205,-0.010385208803134982,-0.00917714353481025,-0.007893605490073119
2,long_gt1000,3,2.2192192192192195,-0.010370561806569922,-0.009161686241449862,-0.00788223330322313
2,long_gt1000,3,2.2177177177177176,-0.010355833619126509,-0.00914649107004406,-0.007870986549526005
2,long_gt1000,3,2.2162162162162162,-0.010341099212006988,-0.00913163717235177,-0.007859840520119787
2,long_gt1000,3,2.214714714714715,-0.010326425279116758,-0.009117187145537997,-0.00784876222884523
2,long_gt1000,3,2.213213213213213,-0.010311835010183401,-0.009103116578411674,-0.007837674054085864
2,long_gt1000,3,2.211711711711712,-0.010297336674689683,-0.009089372574612176,-0.007826478454142749
2,long_gt1000,3,2.21021021021021,-0.010282913922944115,-0.009075900467463871,-0.007815158683160961
2,long_gt1000,3,2.2087087087087087,-0.01026853136317718,-0.009062596825557767,-0.0078037237678504345
2,long_gt1000,3,2.2072072072072073,-0.01025414217780063,-0.009049304255845048,-0.00779215624827545
2,long_gt1000,3,2.2057057057057055,-0.010239698195828595,-0.00903586259224931,-0.007780437277986163
2,long_gt1000,3,2.2042042042042045,-0.010225162585183134,-0.009022134346509558,-0.00776855934944054
2,long_gt1000,3,2.2027027027027026,-0.010210530981203947,-0.009008046965200522,-0.0077565474608282114
2,long_gt1000,3,2.201201201201201,-0.010195804782699991,-0.008993539443520326,-0.00774443482034437
2,long_gt1000,3,2.1996996996997,-0.010180984841055007,-0.008978551462781148,-0.007732257475501325
2,long_gt1000,3,2.198198198198198,-0.010166081084061473,-0.008963098570128114,-0.007720034495561023
2,long_gt1000,3,2.196696696696697,-0.010151131737329955,-0.00894733995638286,-0.007707783585870209
2,long_gt1000,3,2.195195195195195,-0.010136179335238582,-0.008931450811307196,-0.007695525415582161
2,long_gt1000,3,2.1936936936936937,-0.010121266150516894,-0.008915605801365745,-0.0076832803922015636
2,long_gt1000,3,2.1921921921921923,-0.010106433488865085,-0.008899977658964886,-0.007671067956204092
2,long_gt1000,3,2.1906906906906904,-0.010091722382586488,-0.008884738669797887,-0.007658908957903776
2,long_gt1000,3,2.1891891891891895,-0.010077168215815169,-0.008870060302072824,-0.007646842886593119
2,long_gt1000,3,2.1876876876876876,-0.010062757268549882,-0.008856011717483625,-0.007634925395967773
2,long_gt1000,3,2.186186186186186,-0.010048421847643985,-0.008842461532809764,-0.007623161741398543
2,long_gt1000,3,2.184684684684685,-0.01003409447871495,-0.008829255063130148,-0.007611547111261108
2,long_gt1000,3,2.183183183183183,-0.010019706564212916,-0.008816235377189896,-0.007600075570764808
2,long_gt1000,3,2.181681681681682,-0.010005177129681408,-0.008803220789920907,-0.00758872880821182
2,long_gt1000,3,2.18018018018018,-0.009990417526980155,-0.008790014268886592,-0.007577480838220629
2,long_gt1000,3,2.1786786786786787,-0.00997535224929913,-0.008776418552443044,-0.007566297574140846
2,long_gt1000,3,2.1771771771771773,-0.009959976788083025,-0.008762276337420216,-0.007555091996977903
2,long_gt1000,3,2.1756756756756754,-0.00994438089942229,-0.008747634743563992,-0.007543836627185274
2,long_gt1000,3,2.1741741741741745,-0.009928684204372651,-0.008732606089011608,-0.00753253586478575
2,long_gt1000,3,2.1726726726726726,-0.009913006338061914,-0.008717302720044895,-0.0075211941238744195
2,long_gt1000,3,2.171171171171171,-0.009897467177188313,-0.00870183746608677,-0.007509816060117247
2,long_gt1000,3,2.16966966966967,-0.009882187564679956,-0.008686325089019453,-0.007498407314928568
2,long_gt1000,3,2.168168168168168,-0.00986727718901903,-0.008670880833812955,-0.007486981132595272
2,long_gt1000,3,2.166666666666667,-0.009852742618943533,-0.00865561721009489,-0.007475578551615292
2,long_gt1000,3,2.165165165165165,-0.009838514516786967,-0.00864057793928752,-0.007464218303917636
2,long_gt1000,3,2.1636636636636637,-0.009824501068662062,-0.008625734523000084,-0.007452883220559814
2,long_gt1000,3,2.1621621621621623,-0.009810609517989066,-0.008611055040668392,-0.007441554421512397
2,long_gt1000,3,2.1606606606606604,-0.009796747121088134,-0.008596507597529168,-0.007430213039646416
2,long_gt1000,3,2.1591591591591595,-0.00978282170203193,-0.008582061434323274,-0.007418840775585078
2,long_gt1000,3,2.1576576576576576,-0.009768759033190855,-0.008567687348432385,-0.007407417425924323
2,long_gt1000,3,2.156156156156156,-0.009754587448050578,-0.00855335364438159,-0.007395917874740032
2,long_gt1000,3,2.1546546546546548,-0.009740360212724841,-0.008539000864327129,-0.0073843263731599995
2,long_gt1000,3,2.153153153153153,-0.00972611644912258,-0.008524552770341476,-0.007372623142265611
2,long_gt1000,3,2.151651651651652,-0.009711865752456972,-0.008509932891520577,-0.0073607882866499885
2,long_gt1000,3,2.15015015015015,-0.009697609277371066,-0.008495066407976593,-0.007348802736414695
2,long_gt1000,3,2.1486486486486487,-0.009683363444510484,-0.008479909038745959,-0.007336662691122875
2,long_gt1000,3,2.1471471471471473,-0.00966915607155161,-0.008464443406506872,-0.007324379426984051
2,long_gt1000,3,2.1456456456456454,-0.009654960264637302,-0.008448655904943259,-0.007311988406891512
2,long_gt1000,3,2.1441441441441444,-0.00964070722498378,-0.008432573774569185,-0.0072995507910837976
2,long_gt1000,3,2.1426426426426426,-0.009626340221447482,-0.008416254799967993,-0.007287096676870108
2,long_gt1000,3,2.141141141141141,-0.00961180324208566,-0.008399757501156735,-0.007274644048201551
2,long_gt1000,3,2.1396396396396398,-0.009597068829946265,-0.008383140356762242,-0.007262210868204777
2,long_gt1000,3,2.138138138138138,-0.009582149159069853,-0.008366442634712978,-0.007249805494657258
2,long_gt1000,3,2.136636636636637,-0.009567040661859871,-0.008349653907725907,-0.007237411258645854
2,long_gt1000,3,2.135135135135135,-0.009551776014567692,-0.008332761449200143,-0.007224991503883893
2,long_gt1000,3,2.1336336336336337,-0.009536446338179072,-0.008315830457116702,-0.007212513384346919
2,long_gt1000,3,2.1321321321321323,-0.00952117137789421,-0.00829898304195531,-0.0071999839210724614
2,long_gt1000,3,2.1306306306306304,-0.00950607152734606,-0.008282342611122706,-0.007187463259231031
2,long_gt1000,3,2.1291291291291294,-0.009491253306098568,-0.008266032538889245,-0.007175022800882891
2,long_gt1000,3,2.1276276276276276,-0.009476768356271537,-0.008250172990712512,-0.007162732343681366
2,long_gt1000,3,2.126126126126126,-0.009462651920287501,-0.008234878290137804,-0.0071506587643244135
2,long_gt1000,3,2.1246246246246248,-0.009448918781494675,-0.008220237681506148,-0.007138859058456792
2,long_gt1000,3,2.123123123123123,-0.009435461941395107,-0.008206107090110715,-0.007127309972087992
2,long_gt1000,3,2.121621621621622,-0.009422109624358743,-0.008192213058895614,-0.007115919388269942
2,long_gt1000,3,2.12012012012012,-0.00940868936554573,-0.008178280752385803,-0.007104548172657377
2,long_gt1000,3,2.1186186186186187,-0.00939502913147916,-0.008164035335105568,-0.007093053324119691
2,long_gt1000,3,2.1171171171171173,-0.009380969729954503,-0.008149211284101288,-0.007081296497787326
2,long_gt1000,3,2.1156156156156154,-0.009366393623576053,-0.008133607477570637,-0.00706917154936626
2,long_gt1000,3,2.1141141141141144,-0.009351217687153968,-0.00811705225658832,-0.00705658706600143
2,long_gt1000,3,2.1126126126126126,-0.009335459730757667,-0.008099555067913267,-0.007043539165723978
2,long_gt1000,3,2.111111111111111,-0.009319293230760861,-0.00808143649515114,-0.007030159183655238
2,long_gt1000,3,2.1096096096096097,-0.00930290700702685,-0.008063047808886559,-0.00701659281310818
2,long_gt1000,3,2.108108108108108,-0.009286489879418713,-0.008044740279704143,-0.007003029628930846
2,long_gt1000,3,2.106606606606607,-0.00927023487738221,-0.008026865154757257,-0.006989675297409126
2,long_gt1000,3,2.105105105105105,-0.009254344988673613,-0.00800975281940497,-0.006976725078370327
2,long_gt1000,3,2.1036036036036037,-0.009238978469302883,-0.007993673987588323,-0.006964344395933075
2,long_gt1000,3,2.1021021021021022,-0.009224211053448617,-0.007978748447755146,-0.006952623211469278
2,long_gt1000,3,2.1006006006006004,-0.009209950814582424,-0.007964760668226045,-0.006941483535739201
2,long_gt1000,3,2.0990990990990994,-0.009196081344844953,-0.007951446154661035,-0.006930811568837791
2,long_gt1000,3,2.0975975975975976,-0.009182486236377074,-0.007938540412719908,-0.00692046451591366
2,long_gt1000,3,2.096096096096096,-0.009169049210123625,-0.007925779205670613,-0.006910288336687054
2,long_gt1000,3,2.0945945945945947,-0.009155650092121048,-0.007912906039267531,-0.0069001327003275215
2,long_gt1000,3,2.093093093093093,-0.009142135082117808,-0.007899676212283602,-0.006889853172513782
2,long_gt1000,3,2.091591591591592,-0.00912840225131073,-0.007885972522962081,-0.006879369068659491
2,long_gt1000,3,2.09009009009009,-0.009114436818285498,-0.007871851982352407,-0.006868686810581837
2,long_gt1000,3,2.0885885885885886,-0.009100230311474,-0.00785738422119664,-0.006857818992349496
2,long_gt1000,3,2.0870870870870872,-0.009085774259307677,-0.007842638870235508,-0.006846790065566433
2,long_gt1000,3,2.0855855855855854,-0.009071060190218527,-0.007827685560211073,-0.006835654864825402
2,long_gt1000,3,2.0840840840840844,-0.009056079689325647,-0.007812594035035536,-0.006824472643354174
2,long_gt1000,3,2.0825825825825826,-0.009040838866855139,-0.0077974421631683555,-0.006813306716654144
2,long_gt1000,3,2.081081081081081,-0.009025413605423749,-0.007782330989623443,-0.006802231988503826
2,long_gt1000,3,2.0795795795795797,-0.009009904747279807,-0.007767369926393819,-0.006791327546171622
2,long_gt1000,3,2.078078078078078,-0.008994413223128883,-0.0077526684887028185,-0.006780671030559238
2,long_gt1000,3,2.076576576576577,-0.008979039963676327,-0.007738336191773554,-0.006770308893209842
2,long_gt1000,3,2.075075075075075,-0.008963885899628155,-0.007724482550830025,-0.006760250327520145
2,long_gt1000,3,2.0735735735735736,-0.008949051960766119,-0.007711217081095789,-0.006750501860610769
2,long_gt1000,3,2.0720720720720722,-0.008934621515647945,-0.007698615596074765,-0.006741053168742628
2,long_gt1000,3,2.0705705705705704,-0.008920573488102712,-0.007686549573578949,-0.006731791760330119
2,long_gt1000,3,2.0690690690690694,-0.008906819434031599,-0.007674793209002662,-0.006722556502579358
2,long_gt1000,3,2.0675675675675675,-0.008893238654886226,-0.007663113709795555,-0.006713184785181792
2,long_gt1000,3,2.066066066066066,-0.008879707946887416,-0.007651278283088869,-0.006703563895306464
2,long_gt1000,3,2.0645645645645647,-0.008866104106256323,-0.007639054136014289,-0.0066936333892786415
2,long_gt1000,3,2.063063063063063,-0.008852303929214433,-0.007626208475703944,-0.006683335317335115
2,long_gt1000,3,2.0615615615615615,-0.00883819407415154,-0.007612526728655977,-0.006672620839395793
2,long_gt1000,3,2.06006006006006,-0.008823790217492022,-0.007598034956421529,-0.0066615614329069706
2,long_gt1000,3,2.0585585585585586,-0.00880920285694442,-0.0075829376812619476,-0.006650317805670158
2,long_gt1000,3,2.057057057057057,-0.008794546573949402,-0.007567444936544598,-0.00663905337930093
2,long_gt1000,3,2.0555555555555554,-0.008779953958244269,-0.00755176675563729,-0.006627909053157022
2,long_gt1000,3,2.054054054054054,-0.008765571218038337,-0.007536113171908276,-0.006616958949405949
2,long_gt1000,3,2.0525525525525525,-0.00875154489802732,-0.007520694218725366,-0.006606264049911714
2,long_gt1000,3,2.051051051051051,-0.008738009548433956,-0.007505711564892437,-0.006595881154028982
2,long_gt1000,3,2.0495495495495497,-0.008724971390580705,-0.007491207496651997,-0.0065857873698320635
2,long_gt1000,3,2.048048048048048,-0.00871235041449736,-0.007477089211588517,-0.006575892261066252
2,long_gt1000,3,2.0465465465465464,-0.008700060603042736,-0.007463260705539598,-0.006566103790603406
2,long_gt1000,3,2.045045045045045,-0.00868797563106205,-0.007449625974341956,-0.006556330136621602
2,long_gt1000,3,2.0435435435435436,-0.00867594740474864,-0.0074360890138334135,-0.006546493745672399
2,long_gt1000,3,2.042042042042042,-0.008663827617810815,-0.007422553819850908,-0.0065365318386727544
2,long_gt1000,3,2.0405405405405403,-0.008651468270121532,-0.007408925000514932,-0.00652638244960646
2,long_gt1000,3,2.039039039039039,-0.008638781809383489,-0.007395201622106384,-0.006516030841537623
2,long_gt1000,3,2.0375375375375375,-0.008625803550511235,-0.007381526523158932,-0.006505534163656623
2,long_gt1000,3,2.036036036036036,-0.008612575498623487,-0.0073680313453452495,-0.006494943966723343
2,long_gt1000,3,2.0345345345345347,-0.008599139543934431,-0.007354847371551676,-0.006484311930860631
2,long_gt1000,3,2.033033033033033,-0.008585561162752997,-0.007342105884664996,-0.006473716693456977
2,long_gt1000,3,2.0315315315315314,-0.00857196444173658,-0.007329938167571104,-0.006463279347685313
2,long_gt1000,3,2.03003003003003,-0.008558478532727842,-0.007318467726187716,-0.006453108529257068
2,long_gt1000,3,2.0285285285285286,-0.00854514146562002,-0.007307626378920462,-0.006443214847827838
2,long_gt1000,3,2.027027027027027,-0.008531920259659431,-0.007297176162528229,-0.00643352402222952
2,long_gt1000,3,2.0255255255255253,-0.008518794713588851,-0.007286899597595653,-0.006423972013207213
2,long_gt1000,3,2.024024024024024,-0.008505744494756162,-0.007276580370524366,-0.0064144953644140745
2,long_gt1000,3,2.0225225225225225,-0.008492726494701341,-0.007266002167716223,-0.006405025900249606
2,long_gt1000,3,2.021021021021021,-0.00847967062062216,-0.007254948675572637,-0.0063954542087756305
2,long_gt1000,3,2.0195195195195197,-0.008466509164299585,-0.007243213045291519,-0.0063856553861679766
2,long_gt1000,3,2.018018018018018,-0.008453222125235804,-0.0072307465596646026,-0.006375585601220868
2,long_gt1000,3,2.0165165165165164,-0.008439816936542277,-0.007217637862526161,-0.006365269965815656
2,long_gt1000,3,2.015015015015015,-0.0084263085504106,-0.007203996253228873,-0.006354743919593009
2,long_gt1000,3,2.0135135135135136,-0.008412713220793289,-0.007189933634646373,-0.006344044203953736
2,long_gt1000,3,2.012012012012012,-0.008399047201642307,-0.007175561909651407,-0.006333207560298648
2,long_gt1000,3,2.0105105105105103,-0.008385326746909949,-0.007160992981117609,-0.006322270730028556
2,long_gt1000,3,2.009009009009009,-0.008371568110548178,-0.007146338751918169,-0.006311270454544271
2,long_gt1000,3,2.0075075075075075,-0.008357787546509399,-0.007131711124926277,-0.006300243475246603
2,long_gt1000,3,2.006006006006006,-0.008344001308745685,-0.007117222003015344,-0.006289226533536585
2,long_gt1000,3,2.0045045045045047,-0.008330225651209111,-0.00710298328905834,-0.006278256370814583
2,long_gt1000,3,2.003003003003003,-0.008316476827852193,-0.0070891068859291195,-0.006267369728482075
2,long_gt1000,3,2.0015015015015014,-0.00830277109262656,-0.007075704696500207,-0.006256603347939205
2,long_gt1000,3,2.0,-0.008289124699485062,-0.00706288862364568,-0.006245993970587338
3,middle_500_1000,21,3.5,-4.139469252151072e-05,3.541436252506964e-06,8.180347755336339e-05
3,middle_500_1000,21,3.4984984984984986,-3.876476460631294e-05,3.3261241164356096e-06,7.588459958913837e-05
3,middle_500_1000,21,3.496996996996997,-4.185893897443296e-05,8.372309072454133e-06,7.090560906516645e-05
3,middle_500_1000,21,3.4954954954954953,-4.9759803865746506e-05,1.47068032183271e-05,7.558791195651232e-05
3,middle_500_1000,21,3.493993993993994,-5.80935051068286e-05,2.133068213747743e-05,8.3443611471792e-05
3,middle_500_1000,21,3.4924924924924925,-6.65961693709184e-05,2.641704627286137e-05,9.162333128039977e-05
3,middle_500_1000,21,3.490990990990991,-7.500392333125279e-05,3.1539235429888635e-05,9.982344126420882e-05
3,middle_500_1000,21,3.4894894894894897,-8.296503856830559e-05,3.6587351586552685e-05,0.00010774031130509232
3,middle_500_1000,21,3.487987987987988,-8.045059908152742e-05,4.145149672084823e-05,0.0001150703112849253
3,middle_500_1000,21,3.4864864864864864,-7.79431984180387e-05,4.602177281076574e-05,0.00012150981108557669
3,middle_500_1000,21,3.484984984984985,-7.545763405845433e-05,5.0188281834300094e-05,0.00012675518058892176
3,middle_500_1000,21,3.4834834834834836,-7.300870348339014e-05,5.384112576944464e-05,0.00013050704006442062
3,middle_500_1000,21,3.481981981981982,-7.061120417346182e-05,5.621009405097483e-05,0.00013268735411661362
3,middle_500_1000,21,3.4804804804804803,-6.827993360928437e-05,5.659003967326893e-05,0.00013354309133111766
3,middle_500_1000,21,3.478978978978979,-6.602968927147494e-05,5.700444988190355e-05,0.00013334716632307093
3,middle_500_1000,21,3.4774774774774775,-6.387526864064855e-05,5.7376038208465106e-05,0.0001323842306684051
3,middle_500_1000,21,3.475975975975976,-6.183161667823944e-05,5.6962025867488464e-05,0.00013102023376482063
3,middle_500_1000,21,3.4744744744744747,-5.995497042867958e-05,5.379593908316321e-05,0.00012965553602782375
3,middle_500_1000,21,3.472972972972973,-5.839918687887164e-05,5.0898038047212095e-05,0.00012868553001777708
3,middle_500_1000,21,3.4714714714714714,-5.733119597848543e-05,4.867806006006491e-05,0.0001282861278146995
3,middle_500_1000,21,3.46996996996997,-5.684970389612063e-05,4.7440913357649054e-05,0.00012833498755453313
3,middle_500_1000,21,3.4684684684684686,-5.694383814297142e-05,4.705894820806062e-05,0.0001286884555282917
3,middle_500_1000,21,3.466966966966967,-5.759283758349705e-05,4.328910964054302e-05,0.0001292041124940674
3,middle_500_1000,21,3.4654654654654653,-5.8775941082156924e-05,3.946301883451229e-05,0.00012975764371148818
3,middle_500_1000,21,3.463963963963964,-6.045424282822236e-05,3.621675348368305e-05,0.00013023848608068088
3,middle_500_1000,21,3.4624624624624625,-6.241981531622385e-05,3.3950192558308096e-05,0.0001305370244740916
3,middle_500_1000,21,3.460960960960961,-6.438417956987396e-05,3.2694337213242677e-05,0.00013062049606854336
3,middle_500_1000,21,3.4594594594594597,-6.62056474653686e-05,3.24549287797995e-05,0.0001306074154315308
3,middle_500_1000,21,3.457957957957958,-6.784547660493171e-05,3.3237708589291064e-05,0.00013063396303779177
3,middle_500_1000,21,3.4564564564564564,-6.926701916622517e-05,3.504282553554996e-05,0.00013082507365123734
3,middle_500_1000,21,3.454954954954955,-7.043362732691216e-05,3.76199518814489e-05,0.00013118111598411128
3,middle_500_1000,21,3.4534534534534536,-7.130923142159942e-05,4.03906531852669e-05,0.00013162492741961148
3,middle_500_1000,21,3.451951951951952,-7.188419661696341e-05,4.2987771041675684e-05,0.00013207792216747582
3,middle_500_1000,21,3.4504504504504503,-7.218515642045916e-05,4.521208180484099e-05,0.00013242141512885043
3,middle_500_1000,21,3.448948948948949,-7.221872264300553e-05,4.6867936045098986e-05,0.00013245309522109754
3,middle_500_1000,21,3.4474474474474475,-7.196126525050998e-05,4.775968433278746e-05,0.00013196018939936422
3,middle_500_1000,21,3.445945945945946,-7.13870622146474e-05,4.76988255709149e-05,0.00013077800020093173
3,middle_500_1000,21,3.4444444444444446,-7.04703915070928e-05,4.6703458300425106e-05,0.00012900553429673594
3,middle_500_1000,21,3.442942942942943,-6.918673855003596e-05,4.502526645831068e-05,0.00012683174690683217
3,middle_500_1000,21,3.4414414414414414,-6.757331389661489e-05,4.293071566845489e-05,0.0001244456740310449
3,middle_500_1000,21,3.43993993993994,-6.575729654281011e-05,4.0687062325670204e-05,0.0001220575503155959
3,middle_500_1000,21,3.4384384384384385,-6.38702351747184e-05,3.856156356206344e-05,0.00011994813909157781
3,middle_500_1000,21,3.436936936936937,-6.203565184658279e-05,3.6821476509741637e-05,0.00011841285291072038
3,middle_500_1000,21,3.4354354354354353,-6.0375606218090365e-05,3.572959035472818e-05,0.00011768646443403429
3,middle_500_1000,21,3.433933933933934,-5.901215794893106e-05,3.544506308686499e-05,0.00011773046253121919
3,middle_500_1000,21,3.4324324324324325,-5.8065574616656714e-05,3.598256298552923e-05,0.00011842938540262797
3,middle_500_1000,21,3.430930930930931,-5.758861816693769e-05,3.716929315134682e-05,0.00011966750081853004
3,middle_500_1000,21,3.4294294294294296,-5.754758874090978e-05,3.878068948302859e-05,0.00012130690653606633
3,middle_500_1000,21,3.4279279279279278,-5.788986981139477e-05,4.059218461524008e-05,0.00012317119779497944
3,middle_500_1000,21,3.4264264264264264,-5.8502241246902436e-05,4.2379211182645964e-05,0.00012508012292185462
3,middle_500_1000,21,3.424924924924925,-5.925417953458849e-05,4.391724473594926e-05,0.00012688920501914168
3,middle_500_1000,21,3.4234234234234235,-6.001515983386084e-05,4.498489477465918e-05,0.00012858394947183865
3,middle_500_1000,21,3.421921921921922,-6.065507179423913e-05,4.544116916016419e-05,0.0001301793736229388
3,middle_500_1000,21,3.4204204204204203,-6.107065770694585e-05,4.5347281288103756e-05,0.00013168960176393506
3,middle_500_1000,21,3.418918918918919,-6.120146373395866e-05,4.4797792586989595e-05,0.00013089374769088835
3,middle_500_1000,21,3.4174174174174174,-6.101416841707095e-05,4.388726448533451e-05,0.00012960436623768922
3,middle_500_1000,21,3.415915915915916,-6.05871877540202e-05,4.271025841165021e-05,0.0001279971708736628
3,middle_500_1000,21,3.4144144144144146,-6.003238067729547e-05,4.136247330920268e-05,0.00012614113771832565
3,middle_500_1000,21,3.4129129129129128,-5.9461612251872267e-05,3.998637769997296e-05,0.00012410530903701278
3,middle_500_1000,21,3.4114114114114114,-5.898374329214298e-05,3.870009784492706e-05,0.00012195872709505834
3,middle_500_1000,21,3.40990990990991,-5.866776449221225e-05,3.751482884792887e-05,0.00011978340901915149
3,middle_500_1000,21,3.4084084084084085,-5.85543823737834e-05,3.643500920505862e-05,0.00011772864617375046
3,middle_500_1000,21,3.406906906906907,-5.86679518538376e-05,3.546507741239609e-05,0.00011594560528773064
3,middle_500_1000,21,3.4054054054054053,-5.8939954495304016e-05,3.46094719660215e-05,0.00011443350791786591
3,middle_500_1000,21,3.403903903903904,-5.926794838099223e-05,3.386605967017637e-05,0.00011312139397262133
3,middle_500_1000,21,3.4024024024024024,-5.9549441583923394e-05,3.316231826898256e-05,0.00011193792534635845
3,middle_500_1000,21,3.400900900900901,-5.969135674907143e-05,3.244559580061314e-05,0.00011081169093862288
3,middle_500_1000,21,3.3993993993993996,-5.966191627469666e-05,3.460099244055213e-05,0.00010965758448872303
3,middle_500_1000,21,3.3978978978978978,-5.945388216231206e-05,3.662233378216601e-05,0.00010836077496833131
3,middle_500_1000,21,3.3963963963963963,-5.907860783955707e-05,3.807816803186835e-05,0.0001068367056773602
3,middle_500_1000,21,3.394894894894895,-5.8615809578188485e-05,3.891578174294906e-05,0.00010520346647722133
3,middle_500_1000,21,3.3933933933933935,-5.816096842117336e-05,3.926200502159336e-05,0.00010365356580951555
3,middle_500_1000,21,3.391891891891892,-5.78095654114796e-05,3.9264631281423195e-05,0.00010237962612647108
3,middle_500_1000,21,3.3903903903903903,-5.7655607149700513e-05,3.891828306783066e-05,0.00010157005022590595
3,middle_500_1000,21,3.388888888888889,-5.7786191039612723e-05,3.653703940924074e-05,0.00010133493451717828
3,middle_500_1000,21,3.3873873873873874,-5.8286144415427375e-05,3.461728880743394e-05,0.00010171485877388505
3,middle_500_1000,21,3.385885885885886,-5.919516059251688e-05,3.329956536016025e-05,0.000102652857040063
3,middle_500_1000,21,3.3843843843843846,-6.04556636646502e-05,3.2516590839141296e-05,0.00010387366544174423
3,middle_500_1000,21,3.3828828828828827,-6.199743227506497e-05,3.210613258630788e-05,0.00010507153715275195
3,middle_500_1000,21,3.3813813813813813,-6.375012600442695e-05,3.1905451097092447e-05,0.00010594072534690722
3,middle_500_1000,21,3.37987987987988,-6.561282845545229e-05,3.175180686692397e-05,0.00010620117202310604
3,middle_500_1000,21,3.3783783783783785,-6.74135771212463e-05,3.1482460391231426e-05,0.00010572762621072901
3,middle_500_1000,21,3.376876876876877,-6.897154832447797e-05,3.0934781717810965e-05,0.0001044566607735515
3,middle_500_1000,21,3.3753753753753752,-7.016879561395125e-05,3.0008705264477666e-05,0.00010242890554670522
3,middle_500_1000,21,3.373873873873874,-7.097974427526868e-05,2.8779122012550715e-05,9.979438417680436e-05
3,middle_500_1000,21,3.3723723723723724,-7.13861992640806e-05,2.755402269079537e-05,9.670832451169793e-05
3,middle_500_1000,21,3.370870870870871,-7.137028504606343e-05,2.6511857309497594e-05,9.332595338157508e-05
3,middle_500_1000,21,3.3693693693693696,-7.095599247836527e-05,2.543930077829413e-05,8.978108570246047e-05
3,middle_500_1000,21,3.3678678678678677,-7.025040706076964e-05,2.435927009532008e-05,8.929732339286317e-05
3,middle_500_1000,21,3.3663663663663663,-6.936994619910052e-05,2.3264555935226076e-05,8.949645020627645e-05
3,middle_500_1000,21,3.364864864864865,-6.841726142327136e-05,2.2146207892773974e-05,8.99993529213123e-05
3,middle_500_1000,21,3.3633633633633635,-6.747934513836804e-05,2.0995275562723896e-05,9.067947116964646e-05
3,middle_500_1000,21,3.361861861861862,-6.664234022295355e-05,1.9802808539838568e-05,9.139230476801295e-05
3,middle_500_1000,21,3.3603603603603602,-6.599108625593344e-05,1.894134689399765e-05,9.199291557147275e-05
3,middle_500_1000,21,3.358858858858859,-6.556804140375825e-05,1.826382969174773e-05,9.233636543508252e-05
3,middle_500_1000,21,3.3573573573573574,-6.536497279164156e-05,1.743718055627428e-05,9.227928950015628e-05
3,middle_500_1000,21,3.355855855855856,-6.536847311241871e-05,1.638686759547741e-05,9.176102261928502e-05
3,middle_500_1000,21,3.3543543543543546,-6.554089559931628e-05,1.5865804395911315e-05,9.084789709769888e-05
3,middle_500_1000,21,3.3528528528528527,-6.582952812517716e-05,1.5491463791260894e-05,8.96440206258186e-05
3,middle_500_1000,21,3.3513513513513513,-6.618143200576038e-05,1.4365310405618434e-05,8.826301870961447e-05
3,middle_500_1000,21,3.34984984984985,-6.655073990406019e-05,1.2698331157082882e-05,8.681852472731955e-05
3,middle_500_1000,21,3.3483483483483485,-6.69513953859436e-05,1.0722152468270116e-05,8.54241720571608e-05
3,middle_500_1000,21,3.346846846846847,-6.742741751158531e-05,8.668287146985747e-06,8.419020954396946e-05
3,middle_500_1000,21,3.3453453453453452,-6.800986083252067e-05,6.768248001037119e-06,8.316563955023532e-05
3,middle_500_1000,21,3.343843843843844,-6.867986582596592e-05,5.253547838232446e-06,8.234290018569162e-05
3,middle_500_1000,21,3.3423423423423424,-6.94067700495668e-05,4.348404257680655e-06,8.170207385112e-05
3,middle_500_1000,21,3.340840840840841,-7.01599107224872e-05,4.130318688504164e-06,8.122114432605222e-05
3,middle_500_1000,21,3.3393393393393396,-7.090667348136608e-05,4.5195238751495614e-06,8.087809539001484e-05
3,middle_500_1000,21,3.3378378378378377,-7.160790072719206e-05,5.422285776558386e-06,8.0650910822537e-05
3,middle_500_1000,21,3.3363363363363363,-7.222312076957376e-05,6.744867347215251e-06,8.051553641491571e-05
3,middle_500_1000,21,3.334834834834835,-7.274068762758504e-05,8.393531541605638e-06,8.042638717150295e-05
3,middle_500_1000,21,3.3333333333333335,-7.32248172871635e-05,1.0274541314216762e-05,8.031894574367718e-05
3,middle_500_1000,21,3.3318318318318316,-7.375205757287166e-05,1.2292625965976654e-05,8.012021752434179e-05
3,middle_500_1000,21,3.33033033033033,-7.439761134239546e-05,1.43335148837841e-05,7.97566207095951e-05
3,middle_500_1000,21,3.328828828828829,-7.518138927033007e-05,1.626086620764352e-05,7.915457349552853e-05
3,middle_500_1000,21,3.3273273273273274,-7.604968608460917e-05,1.7935534163826192e-05,7.824049407824211e-05
3,middle_500_1000,21,3.325825825825826,-7.694384257081119e-05,1.8367649497044725e-05,7.696446621065396e-05
3,middle_500_1000,21,3.324324324324324,-7.781038174102875e-05,1.5997048982304557e-05,7.542394214109585e-05
3,middle_500_1000,21,3.3228228228228227,-7.860220230101155e-05,1.344354000867333e-05,7.375880031687716e-05
3,middle_500_1000,21,3.3213213213213213,-7.92725950242313e-05,1.0713476335759767e-05,7.210007603279667e-05
3,middle_500_1000,21,3.31981981981982,-7.978182354181212e-05,7.814495796091767e-06,7.05786911447074e-05
3,middle_500_1000,21,3.3183183183183185,-8.018164767611101e-05,4.7811384250046746e-06,6.932556750846065e-05
3,middle_500_1000,21,3.3168168168168166,-8.05882232034795e-05,1.6734609816770885e-06,6.847161849429448e-05
3,middle_500_1000,21,3.315315315315315,-8.111247216514329e-05,-1.463082541553612e-06,6.807409623781589e-05
3,middle_500_1000,21,3.313813813813814,-8.177699862631053e-05,-4.693175909436381e-06,6.79466070660547e-05
3,middle_500_1000,21,3.3123123123123124,-8.25412316038613e-05,-8.12889359752024e-06,6.788170329084277e-05
3,middle_500_1000,21,3.310810810810811,-8.33632302609192e-05,-1.1882494447092162e-05,6.767940175859445e-05
3,middle_500_1000,21,3.309309309309309,-8.446250789683786e-05,-1.605968476047631e-05,6.713971931571368e-05
3,middle_500_1000,21,3.3078078078078077,-8.918549583578766e-05,-2.0712666732503396e-05,6.606267280861826e-05
3,middle_500_1000,21,3.3063063063063063,-9.410633917891764e-05,-2.5867510379329675e-05,6.614343531077815e-05
3,middle_500_1000,21,3.304804804804805,-9.910431587207766e-05,-3.1495602866755956e-05,6.50958912779831e-05
3,middle_500_1000,21,3.3033033033033035,-0.00010405870386111238,-3.7386317833976515e-05,6.257744906190514e-05
3,middle_500_1000,21,3.3018018018018016,-0.0001088487810918734,-4.329108160939718e-05,5.891427829055919e-05
3,middle_500_1000,21,3.3003003003003,-0.00011335513191776218,-4.8961321079388914e-05,5.451218063029506e-05
3,middle_500_1000,21,3.298798798798799,-0.00011750724211676174,-5.421399122003054e-05,4.97769589207081e-05
3,middle_500_1000,21,3.2972972972972974,-0.00012139165576306732,-5.911227753170774e-05,4.5453681432680235e-05
3,middle_500_1000,21,3.295795795795796,-0.0001252418983446399,-6.377774198762856e-05,4.287795344738027e-05
3,middle_500_1000,21,3.294294294294294,-0.00012930283848412542,-6.839151654729723e-05,4.075273181087212e-05
3,middle_500_1000,21,3.2927927927927927,-0.00013381934480415948,-7.324676390179502e-05,3.892212301563093e-05
3,middle_500_1000,21,3.2912912912912913,-0.00013903628592738457,-7.86490214523955e-05,3.722342187096293e-05
3,middle_500_1000,21,3.28978978978979,-0.0001451856700218808,-8.490243531361283e-05,3.5493728872274324e-05
3,middle_500_1000,21,3.2882882882882885,-0.00015234751564730843,-9.212604654510251e-05,3.35701445149765e-05
3,middle_500_1000,21,3.2867867867867866,-0.00016045762117281905,-0.00010007000830266483,3.158876715780162e-05
3,middle_500_1000,21,3.285285285285285,-0.00016876572397571052,-0.00010843637675938232,3.0969584988781856e-05
3,middle_500_1000,21,3.2837837837837838,-0.00017198683347584634,-0.00011686151917443197,3.0056803687913622e-05
3,middle_500_1000,21,3.2822822822822824,-0.0001752276209769938,-0.00012493111237467727,2.8811903397235605e-05
3,middle_500_1000,21,3.280780780780781,-0.00017839822734190894,-0.0001274183366546111,2.726282755480605e-05
3,middle_500_1000,21,3.279279279279279,-0.00018155375498577625,-0.00013034546545948392,2.543737232608978e-05
3,middle_500_1000,21,3.2777777777777777,-0.00018476936298166859,-0.00013387419402366083,2.3363333876553344e-05
3,middle_500_1000,21,3.2762762762762763,-0.00018812021040265012,-0.00013805911676284532,2.106850837165289e-05
3,middle_500_1000,21,3.274774774774775,-0.00019168145632179542,-0.00014295482809272703,1.858067549244738e-05
3,middle_500_1000,21,3.2732732732732734,-0.00019552891327367233,-0.00014593347715416774,1.5912715853830944e-05
3,middle_500_1000,21,3.2717717717717716,-0.00019973838766451993,-0.00014847929707746677,1.3075162305208748e-05
3,middle_500_1000,21,3.27027027027027,-0.00020429669952938545,-0.00015172562041392348,1.0094246593077977e-05
3,middle_500_1000,21,3.2687687687687688,-0.0002091061179520029,-0.00015602163875568995,6.996259852676268e-06
3,middle_500_1000,21,3.2672672672672673,-0.0002140656937112892,-0.00016136494184481112,6.507258818629069e-06
3,middle_500_1000,21,3.265765765765766,-0.0002209640620617695,-0.00016769264215866012,8.024057708038573e-06
3,middle_500_1000,21,3.264264264264264,-0.00022939782620432642,-0.00017484805587572594,9.635224484216831e-06
3,middle_500_1000,21,3.2627627627627627,-0.0002379517262773058,-0.00018232143798641368,1.1121131819308294e-05
3,middle_500_1000,21,3.2612612612612613,-0.0002467567163750052,-0.00018951998666520697,1.2252663676073222e-05
3,middle_500_1000,21,3.25975975975976,-0.00025594566803642874,-0.00019585925379863797,1.2772838572878975e-05
3,middle_500_1000,21,3.2582582582582584,-0.00026565145280058045,-0.00020106779650997178,1.2635097592497008e-05
3,middle_500_1000,21,3.2567567567567566,-0.0002760069422064644,-0.00020527410950299183,1.1852306398902474e-05
3,middle_500_1000,21,3.255255255255255,-0.0002871435089860097,-0.00020863381616830975,1.0437330656063587e-05
3,middle_500_1000,21,3.2537537537537538,-0.00029911241132511007,-0.00021137837019321454,8.40303602796244e-06
3,middle_500_1000,21,3.2522522522522523,-0.0003118531497271239,-0.00021386437385968737,2.334745747314265e-06
3,middle_500_1000,21,3.250750750750751,-0.00032529871761422663,-0.000216460136475978,-9.704184722587189e-06
3,middle_500_1000,21,3.249249249249249,-0.0003393821090656793,-0.00021952899780144225,-2.272758355220325e-05
3,middle_500_1000,21,3.2477477477477477,-0.00035403631816074976,-0.00022337887036364204,-3.704569615870651e-05
3,middle_500_1000,21,3.2462462462462462,-0.0003691943389786956,-0.00022828298952990572,-5.22837531159101e-05
3,middle_500_1000,21,3.244744744744745,-0.00038478954446875477,-0.0002344930782118143,-6.800953465640677e-05
3,middle_500_1000,21,3.2432432432432434,-0.0004008778850379813,-0.00024199388045791428,-8.379082101277885e-05
3,middle_500_1000,21,3.2417417417417416,-0.0004158109507702325,-0.00025190220768170346,-9.417632598670081e-05
3,middle_500_1000,21,3.24024024024024,-0.0004291052043176903,-0.0002700037558828576,-0.00010464280338202264
3,middle_500_1000,21,3.2387387387387387,-0.00044825568125387433,-0.0002883546274171818,-0.00011568549366719472
3,middle_500_1000,21,3.2372372372372373,-0.0004684574270598478,-0.000306657126388013,-0.00012726289840192875
3,middle_500_1000,21,3.235735735735736,-0.0004899884275162414,-0.00032461355689868826,-0.00013933351914592607
3,middle_500_1000,21,3.234234234234234,-0.0005131266684036892,-0.00034209469313958504,-0.00015185666524741848
3,middle_500_1000,21,3.2327327327327327,-0.0005359931273467046,-0.00035979862324873185,-0.0001648717538084224
3,middle_500_1000,21,3.2312312312312312,-0.0005549182919462638,-0.0003786517797038959,-0.00017861308566508374
3,middle_500_1000,21,3.22972972972973,-0.0005760842920953073,-0.0003995784819382578,-0.0001933515425329782
3,middle_500_1000,21,3.2282282282282284,-0.0006000513657611582,-0.00042350304938499825,-0.00020935800715765618
3,middle_500_1000,21,3.2267267267267266,-0.0006274215710898833,-0.00045134980147730486,-0.00022570002313948567
3,middle_500_1000,21,3.225225225225225,-0.0006592893598248994,-0.00047799732207383025,-0.0002423279472794082
3,middle_500_1000,21,3.2237237237237237,-0.0006964092251838319,-0.00049782385219245,-0.00026172095257385314
3,middle_500_1000,21,3.2222222222222223,-0.0007378448208636701,-0.000518492473940424,-0.00028356948866301024
3,middle_500_1000,21,3.220720720720721,-0.0007823920462954673,-0.000541377291120318,-0.000308163010691781
3,middle_500_1000,21,3.219219219219219,-0.0008288468009102351,-0.0005665633725438837,-0.0003359223162456848
3,middle_500_1000,21,3.2177177177177176,-0.0008760049841389783,-0.0006054237433630663,-0.0003695470002153464
3,middle_500_1000,21,3.2162162162162162,-0.000923386622817754,-0.0006453419748495351,-0.0004107921113133961
3,middle_500_1000,21,3.214714714714715,-0.0009733913929370411,-0.0006763535266405898,-0.00044942032498666157
3,middle_500_1000,21,3.2132132132132134,-0.0010284204174932227,-0.0007097148114830407,-0.00048688693307645525
3,middle_500_1000,21,3.2117117117117115,-0.0010900623638928145,-0.0007453575195354098,-0.0005300577082253677
3,middle_500_1000,21,3.21021021021021,-0.0011598631023386832,-0.0007832133409561917,-0.0005742039025060236
3,middle_500_1000,21,3.2087087087087087,-0.0012393685084662182,-0.0008232139659039295,-0.0006251317177662988
3,middle_500_1000,21,3.2072072072072073,-0.0013302450647311448,-0.0008770236768743042,-0.0006875261058321563
3,middle_500_1000,21,3.205705705705706,-0.0014246359330464947,-0.0009570764621588748,-0.0007605288190150813
3,middle_500_1000,21,3.204204204204204,-0.0015367513825146409,-0.0010421719663047876,-0.000845021748634503
3,middle_500_1000,21,3.2027027027027026,-0.0016832185486700124,-0.0011336317824484007,-0.0009347143581194955
3,middle_500_1000,21,3.201201201201201,-0.0018703163028955389,-0.0012332477736710645,-0.0010247775528179418
3,middle_500_1000,21,3.1996996996997,-0.0020919745911857426,-0.0013428117251921695,-0.0011116740939936115
3,middle_500_1000,21,3.198198198198198,-0.0023349820865486356,-0.0014650742747649576,-0.001202847887948215
3,middle_500_1000,21,3.1966966966966965,-0.0025673629619751698,-0.0016068276950668425,-0.0013141124992661277
3,middle_500_1000,21,3.195195195195195,-0.0028270233848247117,-0.0017759155087584202,-0.0014598821773589774
3,middle_500_1000,21,3.1936936936936937,-0.0031438395032457947,-0.0019797406782160326,-0.0016191336227145692
3,middle_500_1000,21,3.1921921921921923,-0.0034619800525602443,-0.0022174647339187545,-0.0018113110770275678
3,middle_500_1000,21,3.1906906906906904,-0.0038068108657943536,-0.0024813531069222752,-0.0020201073128941482
3,middle_500_1000,21,3.189189189189189,-0.004180216470272058,-0.0027041352663877555,-0.002243263290483098
3,middle_500_1000,21,3.1876876876876876,-0.004587615814187665,-0.0028939572646958234,-0.002481626831221981
3,middle_500_1000,21,3.186186186186186,-0.005050498188145999,-0.0031595615391011855,-0.0026442167094291175
3,middle_500_1000,21,3.184684684684685,-0.00558543593035038,-0.0035501353826914855,-0.002860871822350078
3,middle_500_1000,21,3.183183183183183,-0.006183653022503344,-0.003973596202168875,-0.0031794141232343864
3,middle_500_1000,21,3.1816816816816815,-0.006857086710502516,-0.004418165591796655,-0.003591316760670371
3,middle_500_1000,21,3.18018018018018,-0.007602011847617093,-0.0048371116860109475,-0.0039765331990646025
3,middle_500_1000,21,3.1786786786786787,-0.008383383361644306,-0.00524144227359892,-0.00424293493801331
3,middle_500_1000,21,3.1771771771771773,-0.009202216795870827,-0.005694242109777828,-0.004554569331301397
3,middle_500_1000,21,3.1756756756756754,-0.010059903857793179,-0.006214015252417535,-0.004873335014188851
3,middle_500_1000,21,3.174174174174174,-0.010975392426008576,-0.006734204188084333,-0.005207649666660763
3,middle_500_1000,21,3.1726726726726726,-0.011901194073713026,-0.00725331934220147,-0.00556719723521476
3,middle_500_1000,21,3.171171171171171,-0.012798534928022631,-0.007726471289924541,-0.005897626993224256
3,middle_500_1000,21,3.16966966966967,-0.01365942046415107,-0.008150336245320355,-0.006269246678544338
3,middle_500_1000,21,3.168168168168168,-0.014469621346639594,-0.008502827320264583,-0.00671022274052907
3,middle_500_1000,21,3.1666666666666665,-0.015244480022392565,-0.008882750279521567,-0.007121857508602697
3,middle_500_1000,21,3.165165165165165,-0.01595891670841082,-0.009349520679822754,-0.007469418760325752
3,middle_500_1000,21,3.1636636636636637,-0.016545613621998384,-0.009846010396040716,-0.007770358468042443
3,middle_500_1000,21,3.1621621621621623,-0.017160015862471067,-0.010243641202303366,-0.008128653566573218
3,middle_500_1000,21,3.1606606606606604,-0.017658959042616468,-0.010547981162016135,-0.008576331585893299
3,middle_500_1000,21,3.159159159159159,-0.01802478913136113,-0.01086957035905628,-0.009024272892902613
3,middle_500_1000,21,3.1576576576576576,-0.0183505536632054,-0.011417352087398303,-0.009316087831239162
3,middle_500_1000,21,3.156156156156156,-0.0187610686519111,-0.011870750916122136,-0.009635174494526721
3,middle_500_1000,21,3.1546546546546548,-0.019172899897046652,-0.01226697306468813,-0.010025903226365235
3,middle_500_1000,21,3.153153153153153,-0.019469495637564838,-0.012642545766906405,-0.01036638285120256
3,middle_500_1000,21,3.1516516516516515,-0.019706351991155946,-0.012970832181869008,-0.010610697734492969
3,middle_500_1000,21,3.15015015015015,-0.02003181406748089,-0.01320970063472221,-0.010780511898909273
3,middle_500_1000,21,3.1486486486486487,-0.020334739561055137,-0.013433411584972244,-0.011018331375966806
3,middle_500_1000,21,3.1471471471471473,-0.02048976968399313,-0.013822404049154802,-0.011309691095513774
3,middle_500_1000,21,3.1456456456456454,-0.02064376510344823,-0.014247753969652832,-0.011647862422632216
3,middle_500_1000,21,3.144144144144144,-0.020830810376826492,-0.014537939731109895,-0.01184681489333217
3,middle_500_1000,21,3.1426426426426426,-0.021056528005233055,-0.014669379678509897,-0.011933162559182309
3,middle_500_1000,21,3.141141141141141,-0.02126274407772122,-0.014676394167791873,-0.012034887961782537
3,middle_500_1000,21,3.1396396396396398,-0.021368167173089647,-0.01476348826543561,-0.01214491586414801
3,middle_500_1000,21,3.138138138138138,-0.02144672053617236,-0.015035281955456947,-0.012157042572128629
3,middle_500_1000,21,3.1366366366366365,-0.021532478992368986,-0.015301239749490103,-0.01223261860420255
3,middle_500_1000,21,3.135135135135135,-0.021620453376701987,-0.015505496471138636,-0.012339690214835608
3,middle_500_1000,21,3.1336336336336337,-0.02171725362050414,-0.015590423498539452,-0.01243914735644247
3,middle_500_1000,21,3.1321321321321323,-0.0218324004626001,-0.015676493518766377,-0.012655032311155279
3,middle_500_1000,21,3.1306306306306304,-0.021876624599008798,-0.015816252678577336,-0.012787936808246136
3,middle_500_1000,21,3.129129129129129,-0.02187607540413017,-0.0159853398693941,-0.013006606216657612
3,middle_500_1000,21,3.1276276276276276,-0.021882146207456654,-0.01617761878285362,-0.01311558317548156
3,middle_500_1000,21,3.126126126126126,-0.02186776644081062,-0.016347602813758744,-0.01313068005197393
3,middle_500_1000,21,3.1246246246246248,-0.021894518354572623,-0.01653594184996543,-0.013147357542601601
3,middle_500_1000,21,3.123123123123123,-0.021984886784711277,-0.01673816490740715,-0.013178905292272891
3,middle_500_1000,21,3.1216216216216215,-0.02208005569787913,-0.01694671190275593,-0.013300042523762656
3,middle_500_1000,21,3.12012012012012,-0.0221577519856494,-0.017157898836524244,-0.01358038242599574
3,middle_500_1000,21,3.1186186186186187,-0.022260889854511245,-0.01732893791274942,-0.01367342671556332
3,middle_500_1000,21,3.1171171171171173,-0.022336935330451113,-0.017488087711239386,-0.01378366054587099
3,middle_500_1000,21,3.1156156156156154,-0.022356185664046235,-0.01764244293531514,-0.014048764942107217
3,middle_500_1000,21,3.114114114114114,-0.022411881409224566,-0.017781410371992934,-0.01422858413204442
3,middle_500_1000,21,3.1126126126126126,-0.022504312784354774,-0.017980305334931057,-0.014346650245317338
3,middle_500_1000,21,3.111111111111111,-0.022598914839106365,-0.01824858918442679,-0.014494988342108217
3,middle_500_1000,21,3.1096096096096097,-0.02271605831440554,-0.018475585764605673,-0.014642073271235012
3,middle_500_1000,21,3.108108108108108,-0.022860445250222072,-0.018601199853865713,-0.014860614995897636
3,middle_500_1000,21,3.1066066066066065,-0.022985971759370727,-0.01871871731447805,-0.015125362246332763
3,middle_500_1000,21,3.105105105105105,-0.023137626700034608,-0.01887608331906282,-0.015323025391090317
3,middle_500_1000,21,3.1036036036036037,-0.023309417617840333,-0.019053364088928493,-0.0154929954212647
3,middle_500_1000,21,3.1021021021021022,-0.02354032693080166,-0.01920990533469258,-0.015660084042061095
3,middle_500_1000,21,3.1006006006006004,-0.023785078281773786,-0.019328374671016224,-0.015851172601289543
3,middle_500_1000,21,3.099099099099099,-0.024000904646543142,-0.01949726799934215,-0.01599288594031223
3,middle_500_1000,21,3.0975975975975976,-0.02418328543703996,-0.019706387093250344,-0.01610661721330875
3,middle_500_1000,21,3.096096096096096,-0.024323421119446187,-0.01991717655873182,-0.016246617858889922
3,middle_500_1000,21,3.0945945945945947,-0.024429931272683114,-0.02011028616492161,-0.01646958978614521
3,middle_500_1000,21,3.093093093093093,-0.024535868785347303,-0.020257378001282134,-0.016746340189362385
3,middle_500_1000,21,3.0915915915915915,-0.024665448017918812,-0.020361192008133577,-0.016957501112557005
3,middle_500_1000,21,3.09009009009009,-0.024821019565641866,-0.020459448738753494,-0.017044496835319056
3,middle_500_1000,21,3.0885885885885886,-0.02495388961585343,-0.0205680037062983,-0.01709433272907679
3,middle_500_1000,21,3.0870870870870872,-0.025051399796873985,-0.020633474386822948,-0.017311312501657183
3,middle_500_1000,21,3.0855855855855854,-0.025148325423081763,-0.020672811430314963,-0.017514902912350694
3,middle_500_1000,21,3.084084084084084,-0.025203014271991453,-0.020713245056331542,-0.0175300502305612
3,middle_500_1000,21,3.0825825825825826,-0.02523682180202369,-0.020763350785273582,-0.017602711653673886
3,middle_500_1000,21,3.081081081081081,-0.02526501660506586,-0.020829388501955814,-0.01775112472700402
3,middle_500_1000,21,3.0795795795795797,-0.02531587456067641,-0.02090855638016942,-0.01791200575667773
3,middle_500_1000,21,3.078078078078078,-0.02542944038187467,-0.021017043287976822,-0.0180424320854925
3,middle_500_1000,21,3.0765765765765765,-0.025520422312366287,-0.02108908464024284,-0.018127173439043243
3,middle_500_1000,21,3.075075075075075,-0.02555656166294229,-0.021097402791184217,-0.018158590287789322
3,middle_500_1000,21,3.0735735735735736,-0.02555564212618644,-0.0211262703221875,-0.018229401517974475
3,middle_500_1000,21,3.0720720720720722,-0.025592839217450147,-0.021201266715278222,-0.0183458550372958
3,middle_500_1000,21,3.0705705705705704,-0.02567262147838445,-0.021301601806643866,-0.01838829030830813
3,middle_500_1000,21,3.069069069069069,-0.025754513855516192,-0.021404397612516668,-0.018458903730038223
3,middle_500_1000,21,3.0675675675675675,-0.02582848178803354,-0.021497517838992786,-0.01854645142730571
3,middle_500_1000,21,3.066066066066066,-0.025902027299803843,-0.021567608162684326,-0.018595511997556935
3,middle_500_1000,21,3.0645645645645647,-0.02599110302500285,-0.02161467256144356,-0.018679373397767596
3,middle_500_1000,21,3.063063063063063,-0.026072257902297946,-0.021659774048575886,-0.01883667503984021
3,middle_500_1000,21,3.0615615615615615,-0.026143782353405753,-0.021704473506071298,-0.01900628230520618
3,middle_500_1000,21,3.06006006006006,-0.026195036500088253,-0.02175651422074687,-0.019125574999207084
3,middle_500_1000,21,3.0585585585585586,-0.026215095313775194,-0.021825653559370606,-0.019254438408465857
3,middle_500_1000,21,3.057057057057057,-0.026262630473118387,-0.021892593748146782,-0.01936976510790367
3,middle_500_1000,21,3.0555555555555554,-0.02634707684287063,-0.021945931075087355,-0.019395646958492163
3,middle_500_1000,21,3.054054054054054,-0.026484498348123497,-0.02200622751798942,-0.01934123739433946
3,middle_500_1000,21,3.0525525525525525,-0.02663609937135003,-0.02207869905204718,-0.019459931127863483
3,middle_500_1000,21,3.051051051051051,-0.026742864442170444,-0.022137892763621325,-0.01951545929924059
3,middle_500_1000,21,3.0495495495495497,-0.026773552395100042,-0.022180985178056667,-0.01959557801955325
3,middle_500_1000,21,3.048048048048048,-0.026807673962191414,-0.022214016104278422,-0.01971661462428209
3,middle_500_1000,21,3.0465465465465464,-0.026861840649667124,-0.022275383252117864,-0.01993763832906792
3,middle_500_1000,21,3.045045045045045,-0.026921268914639862,-0.022367574982086524,-0.020039665665597894
3,middle_500_1000,21,3.0435435435435436,-0.027003720250311947,-0.02242019268404083,-0.02010946513858536
3,middle_500_1000,21,3.042042042042042,-0.02708774896359256,-0.022422652883793637,-0.020179244929365625
3,middle_500_1000,21,3.0405405405405403,-0.02715215275837346,-0.022430199296874842,-0.02025925192812461
3,middle_500_1000,21,3.039039039039039,-0.027230863908187297,-0.022459984625252005,-0.02036807641684324
3,middle_500_1000,21,3.0375375375375375,-0.027314790896395436,-0.022564164897608707,-0.020490501658322335
3,middle_500_1000,21,3.036036036036036,-0.027387274755637514,-0.022647738765121272,-0.02060495311915156
3,middle_500_1000,21,3.0345345345345347,-0.027446207899625485,-0.0227202792871235,-0.02070689096315559
3,middle_500_1000,21,3.033033033033033,-0.027491632675816002,-0.022778005603495632,-0.020808579131089577
3,middle_500_1000,21,3.0315315315315314,-0.027541723280014585,-0.022846099279474563,-0.020923861009465528
3,middle_500_1000,21,3.03003003003003,-0.027635527052688458,-0.02294201318344624,-0.021043677202327915
3,middle_500_1000,21,3.0285285285285286,-0.027743579832091303,-0.023046582691827466,-0.021157892026087977
3,middle_500_1000,21,3.027027027027027,-0.027812517486805355,-0.02315963714335656,-0.021258376438934135
3,middle_500_1000,21,3.0255255255255253,-0.0278801438542855,-0.023267681246481153,-0.021358484212666173
3,middle_500_1000,21,3.024024024024024,-0.027967888445354805,-0.023353181254267108,-0.0214866352616635
3,middle_500_1000,21,3.0225225225225225,-0.02804610780211192,-0.02342899401321119,-0.021628962415072617
3,middle_500_1000,21,3.021021021021021,-0.028114362802835635,-0.023500490792184192,-0.021754186806888454
3,middle_500_1000,21,3.0195195195195197,-0.028192807969939948,-0.02356056130894335,-0.021874516363804997
3,middle_500_1000,21,3.018018018018018,-0.028282345666656883,-0.02361513020286432,-0.022015716706878186
3,middle_500_1000,21,3.0165165165165164,-0.028376202654597504,-0.023679735967049642,-0.022171130323324184
3,middle_500_1000,21,3.015015015015015,-0.02846671860396266,-0.023764716237767103,-0.022317146827144807
3,middle_500_1000,21,3.0135135135135136,-0.02854993998306199,-0.023874055730229715,-0.02243196930668756
3,middle_500_1000,21,3.012012012012012,-0.028641628440158384,-0.02399930213482193,-0.022522296932190544
3,middle_500_1000,21,3.0105105105105103,-0.028754069832240714,-0.024126558128119813,-0.02261701192563026
3,middle_500_1000,21,3.009009009009009,-0.0288676190658832,-0.024239810247704163,-0.022728673702017033
3,middle_500_1000,21,3.0075075075075075,-0.028965023588640504,-0.02432743506513735,-0.022857407156776643
3,middle_500_1000,21,3.006006006006006,-0.029063836760473416,-0.024407125704565713,-0.022999800215778743
3,middle_500_1000,21,3.0045045045045047,-0.0291818394640041,-0.024504838225122838,-0.023099438769268676
3,middle_500_1000,21,3.003003003003003,-0.029308414145401973,-0.024609875957858796,-0.023163314451164374
3,middle_500_1000,21,3.0015015015015014,-0.029427411834249573,-0.024690783703062436,-0.023250977150168217
3,middle_500_1000,21,3.0,-0.029530042840662074,-0.024747413935882867,-0.02335195850474381
3,middle_500_1000,21,2.9984984984984986,-0.02961254419794046,-0.02481149382842196,-0.023464961778080995
3,middle_500_1000,21,2.996996996996997,-0.02968725488467283,-0.024904889345058412,-0.023588935545393208
3,middle_500_1000,21,2.9954954954954953,-0.029771879172377114,-0.025025707422783317,-0.023704422843366935
3,middle_500_1000,21,2.993993993993994,-0.029868276080640355,-0.025167336996148593,-0.023791996111904967
3,middle_500_1000,21,2.9924924924924925,-0.02996438082262165,-0.025309049713393428,-0.023852697670459055
3,middle_500_1000,21,2.990990990990991,-0.030052092949862663,-0.025423005501551632,-0.023905502147362312
3,middle_500_1000,21,2.9894894894894897,-0.0301344398420208,-0.025497555740694233,-0.02396607549951668
3,middle_500_1000,21,2.987987987987988,-0.030216097108502593,-0.025549734274095792,-0.0240352204110027
3,middle_500_1000,21,2.9864864864864864,-0.030294678121100427,-0.02560052053041706,-0.02410443025286335
3,middle_500_1000,21,2.984984984984985,-0.030364147543510023,-0.02566146824533022,-0.024166894926292093
3,middle_500_1000,21,2.9834834834834836,-0.030423188084857333,-0.025732343839856453,-0.024269942396418
3,middle_500_1000,21,2.981981981981982,-0.030480498088464758,-0.025807741046610433,-0.02436672541763718
3,middle_500_1000,21,2.9804804804804803,-0.03053917185523014,-0.02588625859515581,-0.02445465230036037
3,middle_500_1000,21,2.978978978978979,-0.030596898183918086,-0.025972348361645303,-0.024530098831161418
3,middle_500_1000,21,2.9774774774774775,-0.03065203671623329,-0.026067832877637698,-0.02459101867339819
3,middle_500_1000,21,2.975975975975976,-0.030712955793233854,-0.026164686989790242,-0.02464090612808678
3,middle_500_1000,21,2.9744744744744747,-0.030783262210505757,-0.026252821913926305,-0.024684872064700714
3,middle_500_1000,21,2.972972972972973,-0.030855978005035256,-0.026332456984028085,-0.024728399996689188
3,middle_500_1000,21,2.9714714714714714,-0.030916064667051213,-0.026410848885884186,-0.024777103601769435
3,middle_500_1000,21,2.96996996996997,-0.03095726031519941,-0.026494907665236878,-0.024834827742570953
3,middle_500_1000,21,2.9684684684684686,-0.030983452790789512,-0.026526575558101784,-0.024902019492563765
3,middle_500_1000,21,2.966966966966967,-0.031003854249068596,-0.02653944837659017,-0.024974028566320916
3,middle_500_1000,21,2.9654654654654653,-0.03102371576605989,-0.026550129132757894,-0.025044265392344056
3,middle_500_1000,21,2.963963963963964,-0.031042914172110136,-0.02656262985563862,-0.025110239558488345
3,middle_500_1000,21,2.9624624624624625,-0.03106054881135889,-0.026581903655422345,-0.02510960779773419
3,middle_500_1000,21,2.960960960960961,-0.031076527414568123,-0.02660489826321688,-0.025109123975655567
3,middle_500_1000,21,2.9594594594594597,-0.031093410767274565,-0.026627775907811402,-0.02511062488291671
3,middle_500_1000,21,2.957957957957958,-0.03111232861368185,-0.026644960952094787,-0.025157113000732534
3,middle_500_1000,21,2.9564564564564564,-0.03113236460866653,-0.026655361989391446,-0.025187990267060978
3,middle_500_1000,21,2.954954954954955,-0.031152655373843707,-0.02666135721868257,-0.025199607066640595
3,middle_500_1000,21,2.9534534534534536,-0.031172795048136637,-0.02666526732797081,-0.02520374532401748
3,middle_500_1000,21,2.951951951951952,-0.031194873535186685,-0.026668453221952992,-0.0252128432076294
3,middle_500_1000,21,2.9504504504504503,-0.031221491840911386,-0.02667121929250804,-0.025235246457659732
3,middle_500_1000,21,2.948948948948949,-0.03125176521266515,-0.026673676316102735,-0.025272748623173635
3,middle_500_1000,21,2.9474474474474475,-0.0312832781730884,-0.02667606618007723,-0.025317621286606307
3,middle_500_1000,21,2.945945945945946,-0.03131213678536304,-0.02667970116573648,-0.025362205388379522
3,middle_500_1000,21,2.9444444444444446,-0.031334827812664834,-0.026685460130096872,-0.025399807343379988
3,middle_500_1000,21,2.942942942942943,-0.03135202342138421,-0.026693796076917353,-0.025427733360845917
3,middle_500_1000,21,2.9414414414414414,-0.03136579313181098,-0.026705104913253952,-0.0254474003225994
3,middle_500_1000,21,2.93993993993994,-0.03137908610105278,-0.026718148861567426,-0.025462932200004618
3,middle_500_1000,21,2.9384384384384385,-0.03139508164774851,-0.026745351801602424,-0.025480996926777744
3,middle_500_1000,21,2.936936936936937,-0.03141517714767661,-0.026790560729548107,-0.025505844439318803
3,middle_500_1000,21,2.9354354354354353,-0.03143973652715115,-0.026833920506895703,-0.025538600264015332
3,middle_500_1000,21,2.933933933933934,-0.03146856812968224,-0.02687680380464863,-0.025577740085256595
3,middle_500_1000,21,2.9324324324324325,-0.03150071775814978,-0.026920193098013634,-0.025616247027152927
3,middle_500_1000,21,2.930930930930931,-0.0315344317495978,-0.02696482411158463,-0.025647440189587534
3,middle_500_1000,21,2.9294294294294296,-0.03156639069643341,-0.027009401846706305,-0.025668150629502118
3,middle_500_1000,21,2.9279279279279278,-0.03159314723776885,-0.027052609067980016,-0.025676257165978766
3,middle_500_1000,21,2.9264264264264264,-0.03161205811658108,-0.027094666301366033,-0.025674375260735682
3,middle_500_1000,21,2.924924924924925,-0.031621069467839935,-0.0271359281111615,-0.0256685984927143
3,middle_500_1000,21,2.9234234234234235,-0.03162067930784307,-0.027176943749991467,-0.025663914388262654
3,middle_500_1000,21,2.921921921921922,-0.03161445765658644,-0.027219100047012,-0.025663772951304842
3,middle_500_1000,21,2.9204204204204203,-0.031606167549010133,-0.027262868644438942,-0.025671158513706493
3,middle_500_1000,21,2.918918918918919,-0.03159970436169157,-0.02730643712275027,-0.02568534034948422
3,middle_500_1000,21,2.9174174174174174,-0.031599044206814475,-0.02734772202280522,-0.025703422012444244
3,middle_500_1000,21,2.915915915915916,-0.031606440412814574,-0.0273846512811301,-0.025722874457751344
3,middle_500_1000,21,2.9144144144144146,-0.03162092203234901,-0.027415224769540503,-0.02574171997199648
3,middle_500_1000,21,2.9129129129129128,-0.03164116138323203,-0.02740121684336483,-0.025758087884785175
3,middle_500_1000,21,2.9114114114114114,-0.03166516270338926,-0.02736713831794113,-0.02577210994719803
3,middle_500_1000,21,2.90990990990991,-0.0316894529089059,-0.0273281804040314,-0.0257862323027106
3,middle_500_1000,21,2.9084084084084085,-0.03171048818771083,-0.027286438935311352,-0.025802702681909984
3,middle_500_1000,21,2.906906906906907,-0.03172603975096511,-0.027244439291644218,-0.02582240847514017
3,middle_500_1000,21,2.9054054054054053,-0.03173465580183865,-0.027204517294228125,-0.025845883683673576
3,middle_500_1000,21,2.903903903903904,-0.03173492178819726,-0.027167445854693884,-0.02587340546096706
3,middle_500_1000,21,2.9024024024024024,-0.031726809264677636,-0.027133228627260086,-0.02590286625840421
3,middle_500_1000,21,2.900900900900901,-0.03171230896965771,-0.027101716817500288,-0.025930865364847677
3,middle_500_1000,21,2.8993993993993996,-0.03169361745819699,-0.027071655369281022,-0.025954508765261952
3,middle_500_1000,21,2.8978978978978978,-0.03167341701705839,-0.027041285754562883,-0.02597228200455981
3,middle_500_1000,21,2.8963963963963963,-0.031654679566912924,-0.027008878710399475,-0.02598289705553436
3,middle_500_1000,21,2.894894894894895,-0.031640380771835175,-0.02697345436487164,-0.02598513188750473
3,middle_500_1000,21,2.8933933933933935,-0.03163284364244989,-0.02693479226007245,-0.025978851302570938
3,middle_500_1000,21,2.891891891891892,-0.03163221224843593,-0.02689270604130467,-0.025964810651342485
3,middle_500_1000,21,2.8903903903903903,-0.031638174903271254,-0.02684725934360288,-0.025943791152616025
3,middle_500_1000,21,2.888888888888889,-0.0316496421762551,-0.02681103506687854,-0.0259165704179517
3,middle_500_1000,21,2.8873873873873874,-0.031663493599621284,-0.02681850260815022,-0.025883924077113152
3,middle_500_1000,21,2.885885885885886,-0.0316762813000544,-0.02682353932086068,-0.025846627739382844
3,middle_500_1000,21,2.8843843843843846,-0.03168457599721697,-0.026824064936709524,-0.02580568722620602
3,middle_500_1000,21,2.8828828828828827,-0.03168574867062002,-0.026817999187396135,-0.02576342248384844
3,middle_500_1000,21,2.8813813813813813,-0.03167825703726901,-0.026803322143124975,-0.02572261900550532
3,middle_500_1000,21,2.87987987987988,-0.03166070815580546,-0.026779119730507284,-0.025685785052884547
3,middle_500_1000,21,2.8783783783783785,-0.031633543583052814,-0.026746726863951076,-0.02565444352794055
3,middle_500_1000,21,2.876876876876877,-0.03159914774557093,-0.026708715046820153,-0.025629898942388207
3,middle_500_1000,21,2.8753753753753752,-0.0315599985326841,-0.0266676964317899,-0.02561344852303815
3,middle_500_1000,21,2.873873873873874,-0.031518566083188704,-0.026626283171536036,-0.025605017489217508
3,middle_500_1000,21,2.8723723723723724,-0.03147724038713495,-0.02658708741873439,-0.025601550547678098
3,middle_500_1000,21,2.870870870870871,-0.03143836408949052,-0.026552473477841065,-0.025599605323516017
3,middle_500_1000,21,2.8693693693693696,-0.03140402045136548,-0.02652321415191483,-0.02556105932758157
3,middle_500_1000,21,2.8678678678678677,-0.031374356902760914,-0.026498034328953812,-0.02552370773949686
3,middle_500_1000,21,2.8663663663663663,-0.03134864400155313,-0.02647507419740225,-0.025489878717846803
3,middle_500_1000,21,2.864864864864865,-0.031326147961346806,-0.026452473134025434,-0.025455435273649907
3,middle_500_1000,21,2.8633633633633635,-0.03130599784882648,-0.026428370515588995,-0.025416240417924785
3,middle_500_1000,21,2.861861861861862,-0.0312868323589639,-0.026400909160872676,-0.025368159643985755
3,middle_500_1000,21,2.8603603603603602,-0.0312671808124656,-0.026368714943701188,-0.025308202718177908
3,middle_500_1000,21,2.858858858858859,-0.031245812339546486,-0.026331720511034273,-0.02527715466532554
3,middle_500_1000,21,2.8573573573573574,-0.031222208924193584,-0.02629071698269292,-0.025253980555990818
3,middle_500_1000,21,2.855855855855856,-0.0311959844024835,-0.026246594997257344,-0.025206584147040356
3,middle_500_1000,21,2.8543543543543546,-0.031166754606026248,-0.026200245193307325,-0.02513896290713047
3,middle_500_1000,21,2.8528528528528527,-0.031123745603091835,-0.02615255820942297,-0.025073277019463935
3,middle_500_1000,21,2.8513513513513513,-0.03105843080133841,-0.026104397925493794,-0.025010532258292084
3,middle_500_1000,21,2.84984984984985,-0.03099323305415902,-0.026056154912121765,-0.024951501599703607
3,middle_500_1000,21,2.8483483483483485,-0.030929146975820276,-0.02600767213733024,-0.024896059493926703
3,middle_500_1000,21,2.846846846846847,-0.030867014149378535,-0.025958640780129327,-0.024843863283092293
3,middle_500_1000,21,2.8453453453453452,-0.03080633955337253,-0.025908746920266346,-0.02478816336036538
3,middle_500_1000,21,2.843843843843844,-0.030745937974636206,-0.025857676637488503,-0.02470834533173183
3,middle_500_1000,21,2.8423423423423424,-0.030684618795874807,-0.025805116011543228,-0.024626612543407145
3,middle_500_1000,21,2.840840840840841,-0.03062121476471036,-0.025750773925133585,-0.024544205560360854
3,middle_500_1000,21,2.8393393393393396,-0.030554595921010508,-0.025694506497669245,-0.024462364947562154
3,middle_500_1000,21,2.8378378378378377,-0.03048363588586811,-0.025636338725715357,-0.024382331269980684
3,middle_500_1000,21,2.8363363363363363,-0.030407771347769508,-0.025576342631440707,-0.024305347858613713
3,middle_500_1000,21,2.834834834834835,-0.03032820379998513,-0.025514590320681596,-0.024232547411418448
3,middle_500_1000,21,2.8333333333333335,-0.030246479573644902,-0.02545115389927466,-0.02416351654672866
3,middle_500_1000,21,2.831831831831832,-0.03016410900401778,-0.025386106161697786,-0.02409712360748384
3,middle_500_1000,21,2.83033033033033,-0.03008216196491731,-0.02531962993385173,-0.02403223451286851
3,middle_500_1000,21,2.828828828828829,-0.03000141334885975,-0.02525212693343759,-0.023967715182067195
3,middle_500_1000,21,2.8273273273273274,-0.029922607800117795,-0.025184001160440284,-0.023902431534264412
3,middle_500_1000,21,2.825825825825826,-0.02984556431140928,-0.025115652702996316,-0.023835226887665706
3,middle_500_1000,21,2.8243243243243246,-0.02976892168736145,-0.025047481649241532,-0.02376509765293955
3,middle_500_1000,21,2.8228228228228227,-0.02969124205919671,-0.02497988808731222,-0.02369205413897768
3,middle_500_1000,21,2.8213213213213213,-0.02961127215849857,-0.02491325621831919,-0.023616303690580986
3,middle_500_1000,21,2.81981981981982,-0.02952855526334175,-0.02484763539713919,-0.023538053652550905
3,middle_500_1000,21,2.8183183183183185,-0.02944284945136111,-0.024782914538477585,-0.023457511369688766
3,middle_500_1000,21,2.816816816816817,-0.029354020566575212,-0.024719134994178216,-0.023374884186795786
3,middle_500_1000,21,2.815315315315315,-0.029262936369569115,-0.024656345022298742,-0.02329045824249454
3,middle_500_1000,21,2.813813813813814,-0.02917100893750091,-0.024594592880897492,-0.0232049563948179
3,middle_500_1000,21,2.8123123123123124,-0.029079652913275633,-0.02453392682803235,-0.02311926598900127
3,middle_500_1000,21,2.810810810810811,-0.02899006543624616,-0.02447437080000736,-0.023034276093815698
3,middle_500_1000,21,2.8093093093093096,-0.02890307683633453,-0.02441570032852347,-0.022950875778032342
3,middle_500_1000,21,2.8078078078078077,-0.028819482124948337,-0.02435699680624781,-0.02286995411042214
3,middle_500_1000,21,2.8063063063063063,-0.028739812746525817,-0.02429707787312496,-0.022792398799713287
3,middle_500_1000,21,2.804804804804805,-0.02866368006753628,-0.024234760300849367,-0.02271868324212578
3,middle_500_1000,21,2.8033033033033035,-0.02859049480630016,-0.02416886086111525,-0.022648848061163296
3,middle_500_1000,21,2.801801801801802,-0.028519634054946064,-0.024098197614973116,-0.02259105681280793
3,middle_500_1000,21,2.8003003003003,-0.028450006397506722,-0.024022041812285733,-0.02253319463284531
3,middle_500_1000,21,2.798798798798799,-0.028380176693394543,-0.023941014627668955,-0.02247446749413662
3,middle_500_1000,21,2.7972972972972974,-0.028308708107863678,-0.02385651435735947,-0.022414081369542815
3,middle_500_1000,21,2.795795795795796,-0.0282345023038314,-0.0237700371592261,-0.022351274827009604
3,middle_500_1000,21,2.7942942942942945,-0.02815696650065458,-0.023683079191137657,-0.022286060773538896
3,middle_500_1000,21,2.7927927927927927,-0.02807554924658051,-0.0235971366109633,-0.022218816907320416
3,middle_500_1000,21,2.7912912912912913,-0.02798996763965611,-0.023513669141923987,-0.022149775797111748
3,middle_500_1000,21,2.78978978978979,-0.027901256493989668,-0.02343322027657435,-0.022079169943008847
3,middle_500_1000,21,2.7882882882882885,-0.02781085413248008,-0.023355660817780954,-0.022007231845107555
3,middle_500_1000,21,2.786786786786787,-0.027720182788749326,-0.023281152325380416,-0.021934194003503493
3,middle_500_1000,21,2.785285285285285,-0.02763048285950198,-0.023198504887783855,-0.02186019497652303
3,middle_500_1000,21,2.7837837837837838,-0.027542880400667324,-0.023112072001246098,-0.021785063866505916
3,middle_500_1000,21,2.7822822822822824,-0.027458495890313017,-0.023027926781701846,-0.02170308246470609
3,middle_500_1000,21,2.7807807807807805,-0.027377824333507994,-0.022946385819148873,-0.02162632002283782
3,middle_500_1000,21,2.7792792792792795,-0.02730004486832216,-0.02286748959557583,-0.021555016195130228
3,middle_500_1000,21,2.7777777777777777,-0.027224170311108464,-0.022790357354320445,-0.021483023632973053
3,middle_500_1000,21,2.7762762762762763,-0.027149223219479324,-0.022713965124046,-0.021409883194077106
3,middle_500_1000,21,2.774774774774775,-0.027074271687195783,-0.022637541866163957,-0.021338848946590994
3,middle_500_1000,21,2.773273273273273,-0.026998397102776295,-0.02256039842324742,-0.021270023371466995
3,middle_500_1000,21,2.771771771771772,-0.026920718647746922,-0.02248184567962297,-0.021202853584620596
3,middle_500_1000,21,2.77027027027027,-0.02684110146371599,-0.022409795041859804,-0.02112310016809904
3,middle_500_1000,21,2.7687687687687688,-0.026760093999352086,-0.022352760821427453,-0.021035621654749037
3,middle_500_1000,21,2.7672672672672673,-0.02667826831918496,-0.02229592100838662,-0.0209459987736641
3,middle_500_1000,21,2.7657657657657655,-0.026596035225954884,-0.02223865921509449,-0.020856921434707076
3,middle_500_1000,21,2.7642642642642645,-0.026513509182266803,-0.02218037053918065,-0.020770954556861065
3,middle_500_1000,21,2.7627627627627627,-0.02643077284310802,-0.022120450136754788,-0.020690569180136453
3,middle_500_1000,21,2.7612612612612613,-0.02634788665700638,-0.022058415587918212,-0.02061821975525424
3,middle_500_1000,21,2.75975975975976,-0.02626477766916735,-0.02199498678597611,-0.02055467310449066
3,middle_500_1000,21,2.758258258258258,-0.02618132334082246,-0.021931565731055702,-0.020497441493511626
3,middle_500_1000,21,2.756756756756757,-0.02609743936430453,-0.021869274112676917,-0.02044366645976159
3,middle_500_1000,21,2.755255255255255,-0.0260136588923624,-0.02180590984961106,-0.02039060048353636
3,middle_500_1000,21,2.7537537537537538,-0.02593101405653442,-0.021733958275739318,-0.02033073790085571
3,middle_500_1000,21,2.7522522522522523,-0.025850550080755652,-0.021663142854263184,-0.02025798238187282
3,middle_500_1000,21,2.7507507507507505,-0.02577304544042991,-0.02159252215179952,-0.02018106629352412
3,middle_500_1000,21,2.7492492492492495,-0.02569867590195296,-0.021520737405536616,-0.020100483097777788
3,middle_500_1000,21,2.7477477477477477,-0.025627534496914683,-0.021447635271879206,-0.020021105216857182
3,middle_500_1000,21,2.7462462462462462,-0.02555953539122935,-0.021373995234182264,-0.019943504773287768
3,middle_500_1000,21,2.744744744744745,-0.025493484689561807,-0.021300609162589912,-0.019867936030664946
3,middle_500_1000,21,2.743243243243243,-0.025427764724033186,-0.02122826892724572,-0.0197941973196728
3,middle_500_1000,21,2.741741741741742,-0.025360780672532002,-0.02115776639829392,-0.019720830096386255
3,middle_500_1000,21,2.74024024024024,-0.025291462695179012,-0.02109005008115661,-0.019644203427472307
3,middle_500_1000,21,2.7387387387387387,-0.02521925500621225,-0.021026260874547953,-0.01956984780067328
3,middle_500_1000,21,2.7372372372372373,-0.025143624052859637,-0.020965729656072685,-0.01949840747250997
3,middle_500_1000,21,2.7357357357357355,-0.025064452593083986,-0.020907249707450948,-0.01942971000096616
3,middle_500_1000,21,2.7342342342342345,-0.024982737441668457,-0.020849614299464858,-0.019363483678587978
3,middle_500_1000,21,2.7327327327327327,-0.024899659793307882,-0.020791616702895976,-0.019299456797921666
3,middle_500_1000,21,2.7312312312312312,-0.024816366411682056,-0.020732044610720424,-0.019237357651513465
3,middle_500_1000,21,2.72972972972973,-0.024733745620935332,-0.020669250966901642,-0.019176802051744657
3,middle_500_1000,21,2.728228228228228,-0.024652568338800362,-0.02060195721471758,-0.019112102978581014
3,middle_500_1000,21,2.726726726726727,-0.024573591147972085,-0.020530958525361687,-0.019041567345175037
3,middle_500_1000,21,2.725225225225225,-0.02449711090425777,-0.02045729056235779,-0.018970137500295747
3,middle_500_1000,21,2.7237237237237237,-0.02442286719357256,-0.020381988989229605,-0.018897726593341102
3,middle_500_1000,21,2.7222222222222223,-0.024350566143054087,-0.020306089469500854,-0.018824525575271478
3,middle_500_1000,21,2.7207207207207205,-0.02427995430208918,-0.020230674299538287,-0.018750752363572487
3,middle_500_1000,21,2.7192192192192195,-0.024210901699686538,-0.020157509054606004,-0.018677317185842646
3,middle_500_1000,21,2.7177177177177176,-0.02414330186046343,-0.0200874191961965,-0.018605873280964413
3,middle_500_1000,21,2.7162162162162162,-0.0240770550677466,-0.020019963557762144,-0.018538108322026514
3,middle_500_1000,21,2.714714714714715,-0.024012121627626448,-0.01995466396329182,-0.018475037722297194
3,middle_500_1000,21,2.713213213213213,-0.02394849326635129,-0.019891042236774403,-0.018416051061625582
3,middle_500_1000,21,2.7117117117117115,-0.023886150810286,-0.019828620202198333,-0.018347861403978594
3,middle_500_1000,21,2.71021021021021,-0.023824628769275935,-0.019766758433318765,-0.01828123055993003
3,middle_500_1000,21,2.7087087087087087,-0.023762874906589015,-0.019704172875508963,-0.018217160128008558
3,middle_500_1000,21,2.7072072072072073,-0.02369979706519909,-0.019640358442778227,-0.01815482659012324
3,middle_500_1000,21,2.7057057057057055,-0.023634414906830492,-0.019575156285661532,-0.0180806780174676
3,middle_500_1000,21,2.704204204204204,-0.023566163357419345,-0.01950840776056173,-0.018006317271099248
3,middle_500_1000,21,2.7027027027027026,-0.023494573721382084,-0.019439954223882006,-0.0179343123094875
3,middle_500_1000,21,2.701201201201201,-0.02341928925187098,-0.019369638750959317,-0.017865596624632385
3,middle_500_1000,21,2.6996996996997,-0.023341162870196497,-0.019297551868085017,-0.017801030342172508
3,middle_500_1000,21,2.698198198198198,-0.023261786467907664,-0.019224327529778096,-0.01774100510961807
3,middle_500_1000,21,2.6966966966966965,-0.02318275599538977,-0.01915074904237224,-0.017684985673067866
3,middle_500_1000,21,2.695195195195195,-0.02310525219628934,-0.019077611322811605,-0.01761895397961366
3,middle_500_1000,21,2.6936936936936937,-0.023029798111273037,-0.019005709288041017,-0.01753993072044424
3,middle_500_1000,21,2.6921921921921923,-0.022956858516669176,-0.018935837855005078,-0.017464644758301118
3,middle_500_1000,21,2.6906906906906904,-0.022886549819256197,-0.01886878806525505,-0.01739481019382083
3,middle_500_1000,21,2.689189189189189,-0.022817680707096444,-0.018805215851034562,-0.017331652601569658
3,middle_500_1000,21,2.6876876876876876,-0.022748753074245842,-0.018745055860551085,-0.017275559522638373
3,middle_500_1000,21,2.686186186186186,-0.022678329581048096,-0.018687628221637498,-0.017226836054386574
3,middle_500_1000,21,2.684684684684685,-0.022606033679948068,-0.01863222587130564,-0.017182655621747145
3,middle_500_1000,21,2.683183183183183,-0.0225323906136361,-0.018578141746566468,-0.017123203513092045
3,middle_500_1000,21,2.6816816816816815,-0.022457962238769946,-0.01852466878443204,-0.01706593303970405
3,middle_500_1000,21,2.68018018018018,-0.022383756748034944,-0.018471066770683997,-0.01700963741657935
3,middle_500_1000,21,2.6786786786786787,-0.022311458337055168,-0.01841637596877832,-0.016953109858714788
3,middle_500_1000,21,2.6771771771771773,-0.022242807541998033,-0.01835990240836627,-0.016895143581106886
3,middle_500_1000,21,2.6756756756756754,-0.022179210810926886,-0.018301120959229422,-0.01683453158677861
3,middle_500_1000,21,2.674174174174174,-0.02211997020567713,-0.018239507071243777,-0.01677008011455461
3,middle_500_1000,21,2.6726726726726726,-0.022063570532012466,-0.018174536194285995,-0.016701939360566076
3,middle_500_1000,21,2.671171171171171,-0.02200848388127552,-0.018105683779763293,-0.016631309635281588
3,middle_500_1000,21,2.66966966966967,-0.021953018313555672,-0.018032601584754504,-0.016559410447157696
3,middle_500_1000,21,2.668168168168168,-0.02189535515807295,-0.017955877262266995,-0.01648746130465073
3,middle_500_1000,21,2.6666666666666665,-0.021833674251043433,-0.017877033338394188,-0.01641668171621713
3,middle_500_1000,21,2.665165165165165,-0.021767025952643015,-0.017797729646448657,-0.0163483077821841
3,middle_500_1000,21,2.6636636636636637,-0.021696728635437257,-0.017719626019742307,-0.016283584268937168
3,middle_500_1000,21,2.6621621621621623,-0.02162446535293827,-0.017644382291587934,-0.01622228833529138
3,middle_500_1000,21,2.6606606606606604,-0.0215518695935093,-0.017573653959118474,-0.016163673477142093
3,middle_500_1000,21,2.659159159159159,-0.021480271381825178,-0.017508779268446517,-0.016106993158939265
3,middle_500_1000,21,2.6576576576576576,-0.021410885940982727,-0.01744987560509803,-0.016051500845134514
3,middle_500_1000,21,2.656156156156156,-0.021344906029695743,-0.017396040681076252,-0.01599645000017791
3,middle_500_1000,21,2.6546546546546548,-0.021282609278003184,-0.017346304708689475,-0.015941017157529047
3,middle_500_1000,21,2.653153153153153,-0.021223054645580275,-0.017299697900246214,-0.0158842830206124
3,middle_500_1000,21,2.6516516516516515,-0.021165216921208208,-0.01725525046805454,-0.015826506610450597
3,middle_500_1000,21,2.65015015015015,-0.02110824928076882,-0.017211997183361083,-0.015768171013497922
3,middle_500_1000,21,2.6486486486486487,-0.021051772768432064,-0.0171690669288187,-0.01570975931620766
3,middle_500_1000,21,2.6471471471471473,-0.020995484203077286,-0.017125968639156497,-0.015651754605033652
3,middle_500_1000,21,2.6456456456456454,-0.020939095572513056,-0.01708245015988452,-0.015594639967007606
3,middle_500_1000,21,2.644144144144144,-0.020882529367633795,-0.017038264778146184,-0.015539071314410124
3,middle_500_1000,21,2.6426426426426426,-0.020825862094512537,-0.01687806669879477,-0.015485366310722726
3,middle_500_1000,21,2.641141141141141,-0.020769162879429315,-0.016667990695222623,-0.015432663539731384
3,middle_500_1000,21,2.6396396396396398,-0.0207121511288344,-0.01648748091218366,-0.015380019476471274
3,middle_500_1000,21,2.638138138138138,-0.020654130737720378,-0.016353949556516922,-0.015326490595977016
3,middle_500_1000,21,2.6366366366366365,-0.020594381415799612,-0.0162847051063979,-0.015271133373283341
3,middle_500_1000,21,2.635135135135135,-0.02053229444223148,-0.01628713515943836,-0.015213002971285694
3,middle_500_1000,21,2.6336336336336337,-0.02046777449398296,-0.01634581819833192,-0.01515116412307671
3,middle_500_1000,21,2.6321321321321323,-0.02040087382689304,-0.01644213919615889,-0.015086076840791218
3,middle_500_1000,21,2.6306306306306304,-0.020331718072806204,-0.016557454336507016,-0.015019126945612138
3,middle_500_1000,21,2.629129129129129,-0.02026122620790627,-0.016525790308291377,-0.014951710671458174
3,middle_500_1000,21,2.6276276276276276,-0.020190802137689756,-0.016466560941762243,-0.01488522425224803
3,middle_500_1000,21,2.626126126126126,-0.020121856464741628,-0.01640626044089455,-0.01483731413025624
3,middle_500_1000,21,2.6246246246246248,-0.020055587322483914,-0.01634539595152229,-0.014790760553722304
3,middle_500_1000,21,2.623123123123123,-0.01999259588050739,-0.016284474619480793,-0.014745127914113976
3,middle_500_1000,21,2.6216216216216215,-0.019933379239007287,-0.016224003590604275,-0.014699892247553636
3,middle_500_1000,21,2.62012012012012,-0.019878115114493333,-0.016164490112542174,-0.014654526505759824
3,middle_500_1000,21,2.6186186186186187,-0.019825765376419335,-0.016106431630706464,-0.014608503640451076
3,middle_500_1000,21,2.6171171171171173,-0.019775002616611026,-0.01604987850522277,-0.014561296603345486
3,middle_500_1000,21,2.6156156156156154,-0.019724506608978176,-0.015994370678137804,-0.014512378346161814
3,middle_500_1000,21,2.614114114114114,-0.01967323221835371,-0.015939421096769157,-0.01446126575426443
3,middle_500_1000,21,2.6126126126126126,-0.019620489301237498,-0.015884542708434868,-0.014408071517680865
3,middle_500_1000,21,2.611111111111111,-0.019565617583721107,-0.015829248460453638,-0.014353376909182591
3,middle_500_1000,21,2.6096096096096097,-0.019508406168592618,-0.015773075359855726,-0.014297779384425668
3,middle_500_1000,21,2.608108108108108,-0.019449381900197737,-0.015715973204011302,-0.014241876399065934
3,middle_500_1000,21,2.6066066066066065,-0.019389140157754392,-0.015658588212355884,-0.014186265408759224
3,middle_500_1000,21,2.605105105105105,-0.019328264661635064,-0.015601804312745937,-0.014131543869161378
3,middle_500_1000,21,2.6036036036036037,-0.019267198527551876,-0.015546508087600053,-0.014078240302422218
3,middle_500_1000,21,2.6021021021021022,-0.019206291691302724,-0.015493586119335712,-0.014026545188950523
3,middle_500_1000,21,2.6006006006006004,-0.019145899159422664,-0.015443924990371727,-0.013976540402597104
3,middle_500_1000,21,2.599099099099099,-0.019086463734285575,-0.015398279207246679,-0.01392830752383678
3,middle_500_1000,21,2.5975975975975976,-0.019028489703228457,-0.015356257290334296,-0.013881928133144594
3,middle_500_1000,21,2.596096096096096,-0.018972482619635134,-0.015316115702081134,-0.013837483810995588
3,middle_500_1000,21,2.5945945945945947,-0.018918903482329164,-0.015275833679061934,-0.013795055473635243
3,middle_500_1000,21,2.593093093093093,-0.01886794759118615,-0.015233390422172643,-0.013754596067172331
3,middle_500_1000,21,2.5915915915915915,-0.01881971216466627,-0.015186765132308988,-0.013715542435453143
3,middle_500_1000,21,2.59009009009009,-0.018774190448058725,-0.015133937034293776,-0.013677171149107936
3,middle_500_1000,21,2.5885885885885886,-0.018730693918118435,-0.015073334408578942,-0.013638758584065602
3,middle_500_1000,21,2.5870870870870872,-0.018688259001550245,-0.01500567434651856,-0.013599581116255699
3,middle_500_1000,21,2.5855855855855854,-0.018645921506708962,-0.014933709038634113,-0.013558915121608006
3,middle_500_1000,21,2.584084084084084,-0.018602840007953647,-0.014860438273998078,-0.013516050760621123
3,middle_500_1000,21,2.5825825825825826,-0.018558519385898364,-0.014788861841683376,-0.01347072127334048
3,middle_500_1000,21,2.581081081081081,-0.01851252515126456,-0.014721979530762708,-0.013423421517169132
3,middle_500_1000,21,2.5795795795795797,-0.018464526161590333,-0.014662785354884411,-0.013373053359660325
3,middle_500_1000,21,2.578078078078078,-0.018414563683607943,-0.01461321367094226,-0.01332134953294406
3,middle_500_1000,21,2.5765765765765765,-0.01836276283930216,-0.014572171730716788,-0.013275446890550269
3,middle_500_1000,21,2.575075075075075,-0.018309252719430402,-0.014537227989276147,-0.01322663597135576
3,middle_500_1000,21,2.5735735735735736,-0.01825434645645596,-0.014505878567328878,-0.013178524250746504
3,middle_500_1000,21,2.5720720720720722,-0.01819861505733633,-0.014475619585583521,-0.013131469368436788
3,middle_500_1000,21,2.5705705705705704,-0.018142649322041127,-0.014443947164748172,-0.013085175579135688
3,middle_500_1000,21,2.569069069069069,-0.018087148635581363,-0.014408459192835288,-0.013039337653568461
3,middle_500_1000,21,2.5675675675675675,-0.01803305292570556,-0.01436881426739145,-0.012993650362460585
3,middle_500_1000,21,2.566066066066066,-0.01798133440152183,-0.014326251158471193,-0.01294780847653798
3,middle_500_1000,21,2.5645645645645647,-0.017932879966965132,-0.01428179701636001,-0.012901506766525683
3,middle_500_1000,21,2.563063063063063,-0.017887580368564304,-0.01423647162810271,-0.012854561413240928
3,middle_500_1000,21,2.5615615615615615,-0.017844681534676,-0.014191294780744323,-0.0128072789763638
3,middle_500_1000,21,2.56006006006006,-0.017803404794143773,-0.01414728626132944,-0.012760065257624742
3,middle_500_1000,21,2.5585585585585586,-0.01776265948184319,-0.014105111442282547,-0.012713324526379077
3,middle_500_1000,21,2.557057057057057,-0.01772104536261221,-0.01406317457674544,-0.012667461051982132
3,middle_500_1000,21,2.5555555555555554,-0.017677148929913233,-0.014020488281677679,-0.012622879103789009
3,middle_500_1000,21,2.554054054054054,-0.017629853670590556,-0.013976759226880686,-0.012579982609771223
3,middle_500_1000,21,2.5525525525525525,-0.01757948014624411,-0.01393169625994739,-0.012538972087906108
3,middle_500_1000,21,2.551051051051051,-0.017526782992885126,-0.013885008228471829,-0.012499679351378745
3,middle_500_1000,21,2.5495495495495497,-0.01747255809627446,-0.013836405508246719,-0.012461961999348237
3,middle_500_1000,21,2.548048048048048,-0.01741794248882811,-0.013786415161121557,-0.012425678446751132
3,middle_500_1000,21,2.5465465465465464,-0.017364241870885033,-0.013737111169460192,-0.012390687108525311
3,middle_500_1000,21,2.545045045045045,-0.01731276167668394,-0.013689224054635574,-0.012356846399607102
3,middle_500_1000,21,2.5435435435435436,-0.0172643250612734,-0.01364319439421191,-0.012324016207418742
3,middle_500_1000,21,2.542042042042042,-0.01721857921728409,-0.01359946276575319,-0.01229206769889668
3,middle_500_1000,21,2.5405405405405403,-0.017174995477973853,-0.013558469746823176,-0.012251068666302656
3,middle_500_1000,21,2.539039039039039,-0.01713291941658257,-0.013520632832597634,-0.012201929624326313
3,middle_500_1000,21,2.5375375375375375,-0.017091248399034642,-0.013485376508957758,-0.012155926894457991
3,middle_500_1000,21,2.536036036036036,-0.01704877998220078,-0.013451197094685119,-0.01211369380778593
3,middle_500_1000,21,2.5345345345345347,-0.017004335419676053,-0.013417177408043157,-0.012075407876887212
3,middle_500_1000,21,2.533033033033033,-0.01695741822464214,-0.013382460581354172,-0.012040308069148242
3,middle_500_1000,21,2.5315315315315314,-0.016908300430929835,-0.013346189746941794,-0.012007501918280816
3,middle_500_1000,21,2.53003003003003,-0.016857301956038295,-0.013307508037128324,-0.011976096957997173
3,middle_500_1000,21,2.5285285285285286,-0.016805090949873813,-0.01326559982270381,-0.011945207703350169
3,middle_500_1000,21,2.527027027027027,-0.016752841791324746,-0.01322053231233844,-0.011914113683996419
3,middle_500_1000,21,2.5255255255255253,-0.016701768709666664,-0.01317328703664633,-0.01187873996679123
3,middle_500_1000,21,2.524024024024024,-0.01665303509887117,-0.013124954140802725,-0.01184056120296395
3,middle_500_1000,21,2.5225225225225225,-0.01660707143485629,-0.01307662734606252,-0.011806030602792728
3,middle_500_1000,21,2.521021021021021,-0.016563757845569516,-0.013029400373679723,-0.011774940355046892
3,middle_500_1000,21,2.5195195195195197,-0.016522931739957558,-0.01298436694490901,-0.01174604956010561
3,middle_500_1000,21,2.518018018018018,-0.01648395425961202,-0.012942540977797456,-0.011713229200706499
3,middle_500_1000,21,2.5165165165165164,-0.016445799872774725,-0.012903964847101435,-0.011678622175454567
3,middle_500_1000,21,2.515015015015015,-0.016407431871068745,-0.012867988493735494,-0.011643791341692467
3,middle_500_1000,21,2.5135135135135136,-0.016367875849292446,-0.012833926223671632,-0.011608601705527688
3,middle_500_1000,21,2.512012012012012,-0.016326830801197456,-0.012801092209519194,-0.011572885511276887
3,middle_500_1000,21,2.5105105105105103,-0.0162844071737136,-0.012768800623886634,-0.01153647428893545
3,middle_500_1000,21,2.509009009009009,-0.01624079088239805,-0.012736365639382852,-0.011499199568498986
3,middle_500_1000,21,2.5075075075075075,-0.016196591834839014,-0.012703241804516985,-0.011460968478565814
3,middle_500_1000,21,2.506006006006006,-0.016152579645737353,-0.012669668795079359,-0.011416119603668395
3,middle_500_1000,21,2.5045045045045047,-0.01610952422108003,-0.01263583489567699,-0.011371845240302214
3,middle_500_1000,21,2.503003003003003,-0.01606806889688639,-0.012601834359129649,-0.01132958210754298
3,middle_500_1000,21,2.5015015015015014,-0.016028219193017446,-0.012567761438257108,-0.01129022478574604
3,middle_500_1000,21,2.5,-0.015989780146472565,-0.01253371038587936,-0.011253541831245828
3,middle_500_1000,21,2.4984984984984986,-0.015952495295024294,-0.012499775454815953,-0.011219031906708032
3,middle_500_1000,21,2.496996996996997,-0.01591591372542145,-0.012466002460418624,-0.01118619489363648
3,middle_500_1000,21,2.4954954954954953,-0.01587954613868381,-0.012432249442076104,-0.01115179651289866
3,middle_500_1000,21,2.493993993993994,-0.0158429037959138,-0.012398399377199887,-0.011113763130241372
3,middle_500_1000,21,2.4924924924924925,-0.015805702054150883,-0.012364344306522668,-0.0110753706289064
3,middle_500_1000,21,2.490990990990991,-0.01576816311163043,-0.012329976270776033,-0.011036831181628237
3,middle_500_1000,21,2.4894894894894897,-0.01573058566887453,-0.012295187310693345,-0.01099835699040752
3,middle_500_1000,21,2.487987987987988,-0.015693215543925776,-0.012259869455928385,-0.010960191777163564
3,middle_500_1000,21,2.4864864864864864,-0.01565621501177894,-0.012223841269328739,-0.010923203475462051
3,middle_500_1000,21,2.484984984984985,-0.015619738973618347,-0.012186885720615548,-0.01088883265106122
3,middle_500_1000,21,2.4834834834834836,-0.015583938874279335,-0.012149009943040356,-0.010858076554104201
3,middle_500_1000,21,2.481981981981982,-0.015548706725270645,-0.012110237282830338,-0.010830511516530805
3,middle_500_1000,21,2.4804804804804803,-0.01551349923230294,-0.012070591086213334,-0.010805443135730952
3,middle_500_1000,21,2.478978978978979,-0.015477751779167992,-0.012030094699416516,-0.010782177009093674
3,middle_500_1000,21,2.4774774774774775,-0.015441263017750506,-0.01198877234050566,-0.01075990067775745
3,middle_500_1000,21,2.475975975975976,-0.01540414529560441,-0.011946752880382938,-0.010731008299914357
3,middle_500_1000,21,2.4744744744744747,-0.015366521268963984,-0.011904228920886828,-0.010698673749538479
3,middle_500_1000,21,2.472972972972973,-0.015328534622275791,-0.011861326146989315,-0.01066776177664619
3,middle_500_1000,21,2.4714714714714714,-0.015290683490767565,-0.011818169525218192,-0.010638598918910391
3,middle_500_1000,21,2.46996996996997,-0.0152537607758636,-0.011774884022101917,-0.010610969963159134
3,middle_500_1000,21,2.4684684684684686,-0.01521849823736976,-0.011731594604168283,-0.010581808204134457
3,middle_500_1000,21,2.466966966966967,-0.015184868372529747,-0.01168843317395174,-0.010545790428335922
3,middle_500_1000,21,2.4654654654654653,-0.015152379051709186,-0.011645742086571209,-0.01051012575018584
3,middle_500_1000,21,2.463963963963964,-0.015120531459600572,-0.01160429807785368,-0.010475863104937089
3,middle_500_1000,21,2.4624624624624625,-0.015088763606655897,-0.011564963883024415,-0.010443547066407266
3,middle_500_1000,21,2.460960960960961,-0.015056131949559681,-0.011528602237759422,-0.010412986863208351
3,middle_500_1000,21,2.4594594594594597,-0.015021550416979501,-0.011496075877736045,-0.01038393360178258
3,middle_500_1000,21,2.457957957957958,-0.01498417139814956,-0.011468247538630294,-0.010356138405800408
3,middle_500_1000,21,2.4564564564564564,-0.014944293535892772,-0.011445869253428942,-0.01032935554835035
3,middle_500_1000,21,2.454954954954955,-0.014902559116391378,-0.011428548878437583,-0.010303346097134014
3,middle_500_1000,21,2.4534534534534536,-0.01485961058009444,-0.011414475611372987,-0.010277858191273026
3,middle_500_1000,21,2.451951951951952,-0.014816254069750512,-0.011401656787429992,-0.010252316429030461
3,middle_500_1000,21,2.4504504504504503,-0.014773798083205003,-0.011388099741802993,-0.010225818588648794
3,middle_500_1000,21,2.448948948948949,-0.014733646914243392,-0.011371811809687493,-0.010197447979518826
3,middle_500_1000,21,2.4474474474474475,-0.014696809335724037,-0.01135080032627811,-0.010166293699108042
3,middle_500_1000,21,2.445945945945946,-0.014663094552433531,-0.011323251009459634,-0.010131724173217505
3,middle_500_1000,21,2.4444444444444446,-0.014632085209517642,-0.011289051704403752,-0.010093505667517988
3,middle_500_1000,21,2.442942942942943,-0.01460335652438527,-0.011249874026447282,-0.010051547672063954
3,middle_500_1000,21,2.4414414414414414,-0.014576094180747123,-0.011207555408243364,-0.010007024995891678
3,middle_500_1000,21,2.43993993993994,-0.014548910322150999,-0.011163933282445138,-0.009961907462904707
3,middle_500_1000,21,2.4384384384384385,-0.014520387544435742,-0.0111208450817053,-0.00991817722150845
3,middle_500_1000,21,2.436936936936937,-0.01448966093962234,-0.011080128238674769,-0.009877789502434675
3,middle_500_1000,21,2.4354354354354353,-0.014456537326516194,-0.01104339938689991,-0.009842211351000829
3,middle_500_1000,21,2.433933933933934,-0.014420864072643091,-0.011010904797233989,-0.009812484885715067
3,middle_500_1000,21,2.4324324324324325,-0.014382525456442918,-0.0109818598145619,-0.009789414333424062
3,middle_500_1000,21,2.4309309309309306,-0.014342108392591646,-0.010955408627695062,-0.009772122282066364
3,middle_500_1000,21,2.4294294294294296,-0.01430082964013768,-0.010930695425445558,-0.009758966369792121
3,middle_500_1000,21,2.4279279279279278,-0.014259927273867046,-0.010906864396624805,-0.009748300379098795
3,middle_500_1000,21,2.4264264264264264,-0.014220630188861882,-0.010883059731836342,-0.009738463760148086
3,middle_500_1000,21,2.424924924924925,-0.014184162272130596,-0.010858541200656102,-0.009727694146114407
3,middle_500_1000,21,2.423423423423423,-0.014151747360111155,-0.01083301255986946,-0.009714185094796823
3,middle_500_1000,21,2.421921921921922,-0.014124522551490326,-0.010806291288854686,-0.009696403421871613
3,middle_500_1000,21,2.4204204204204203,-0.014102519374283196,-0.010778195239910637,-0.009674080724130674
3,middle_500_1000,21,2.418918918918919,-0.014085007018281415,-0.010748542265336836,-0.009647314037203092
3,middle_500_1000,21,2.4174174174174174,-0.014070981586564502,-0.010717150217432136,-0.009616200610135461
3,middle_500_1000,21,2.4159159159159156,-0.014058403700402122,-0.010683838476123197,-0.009581215508748242
3,middle_500_1000,21,2.4144144144144146,-0.014044974220019268,-0.010648596432419,-0.009544009597350911
3,middle_500_1000,21,2.4129129129129128,-0.014028394005640044,-0.01061198812195574,-0.009506461410209388
3,middle_500_1000,21,2.4114114114114114,-0.0140065815505106,-0.010574759160919989,-0.009470263312655325
3,middle_500_1000,21,2.40990990990991,-0.013978692664005976,-0.01053765579504784,-0.009436626287273375
3,middle_500_1000,21,2.408408408408408,-0.013944321845968721,-0.010501424270076054,-0.009406684545258726
3,middle_500_1000,21,2.406906906906907,-0.013903760263527465,-0.010466810831741169,-0.009381551298105029
3,middle_500_1000,21,2.4054054054054053,-0.01385901229762454,-0.01043455039418073,-0.009361273085810362
3,middle_500_1000,21,2.403903903903904,-0.013812341146077767,-0.01040500486534901,-0.00934434560643993
3,middle_500_1000,21,2.4024024024024024,-0.013766010006705187,-0.010378118690586913,-0.00932914245274219
3,middle_500_1000,21,2.4009009009009006,-0.013722198809043906,-0.010353819527761043,-0.009314061022970721
3,middle_500_1000,21,2.3993993993993996,-0.013682464384588311,-0.010332035034736897,-0.00929758645450085
3,middle_500_1000,21,2.3978978978978978,-0.013648039657643274,-0.010312692869380635,-0.009278224093643317
3,middle_500_1000,21,2.3963963963963963,-0.013618897216977288,-0.01029572068955864,-0.009254554005674098
3,middle_500_1000,21,2.394894894894895,-0.013593555627045006,-0.01028105578765981,-0.009226441163787458
3,middle_500_1000,21,2.393393393393393,-0.013570452587206905,-0.010268382162386569,-0.00919483263779286
3,middle_500_1000,21,2.391891891891892,-0.013548025796823904,-0.010256345624602758,-0.009160709278598134
3,middle_500_1000,21,2.3903903903903903,-0.013524769648186385,-0.010243403044853272,-0.009125103804663137
3,middle_500_1000,21,2.388888888888889,-0.013499411408691042,-0.010228011293683004,-0.00908927412005256
3,middle_500_1000,21,2.3873873873873874,-0.013470838225978055,-0.010208627241637513,-0.009054539225823222
3,middle_500_1000,21,2.3858858858858856,-0.013439325011806336,-0.01018370775926103,-0.009022088223244573
3,middle_500_1000,21,2.3843843843843846,-0.013406161399883931,-0.010151714483046081,-0.008992266725777354
3,middle_500_1000,21,2.3828828828828827,-0.013372660210253073,-0.01011227509606627,-0.008965083527925133
3,middle_500_1000,21,2.3813813813813813,-0.013340134262955106,-0.0100676941168647,-0.008940546543084738
3,middle_500_1000,21,2.37987987987988,-0.01330979017121825,-0.010020649961717476,-0.008918514071826422
3,middle_500_1000,21,2.378378378378378,-0.013282396724273893,-0.0099738210469007,-0.008898222829210267
3,middle_500_1000,21,2.376876876876877,-0.013258381759862159,-0.009929885788690251,-0.008878748453992502
3,middle_500_1000,21,2.3753753753753752,-0.013236853347820654,-0.009891522603362013,-0.008859308276266686
3,middle_500_1000,21,2.373873873873874,-0.013216446090104084,-0.009861354354227414,-0.00883948235974108
3,middle_500_1000,21,2.3723723723723724,-0.013195793977777592,-0.009839976890410274,-0.008818907991895442
3,middle_500_1000,21,2.3708708708708706,-0.013173531014827544,-0.009825043818652013,-0.0087972240609957
3,middle_500_1000,21,2.3693693693693696,-0.013148549604621973,-0.009813957489997804,-0.008774368037254732
3,middle_500_1000,21,2.3678678678678677,-0.013120663871540428,-0.009804120255492377,-0.008750924571520047
3,middle_500_1000,21,2.3663663663663663,-0.013090024051342297,-0.009792934466181347,-0.00872754952552568
3,middle_500_1000,21,2.364864864864865,-0.013057461057837783,-0.009777802473109443,-0.008704536140386576
3,middle_500_1000,21,2.363363363363363,-0.013024026716245807,-0.009756197646620501,-0.008681783272051602
3,middle_500_1000,21,2.361861861861862,-0.01299077296754736,-0.009727498360251996,-0.008659169922848431
3,middle_500_1000,21,2.3603603603603602,-0.012958749647855816,-0.009693648456685189,-0.008636575067547447
3,middle_500_1000,21,2.358858858858859,-0.012928511124579378,-0.009656798832396563,-0.008613765984343491
3,middle_500_1000,21,2.3573573573573574,-0.012899481091169784,-0.009619100383863932,-0.00859014407096459
3,middle_500_1000,21,2.3558558558558556,-0.012870975444509547,-0.00958270400756378,-0.008565075660055266
3,middle_500_1000,21,2.3543543543543546,-0.01284252849901879,-0.009549760599973256,-0.008538654142343782
3,middle_500_1000,21,2.3528528528528527,-0.012813735186537833,-0.00952223963348442,-0.008511609201818482
3,middle_500_1000,21,2.3513513513513513,-0.012784190441224696,-0.009500132508144299,-0.008484692002986405
3,middle_500_1000,21,2.34984984984985,-0.012753528243164558,-0.009482146279963244,-0.008458653710353925
3,middle_500_1000,21,2.348348348348348,-0.0127223131808758,-0.009466963659332972,-0.008434215967591197
3,middle_500_1000,21,2.346846846846847,-0.01269205577954624,-0.009453267356644313,-0.008411945847030866
3,middle_500_1000,21,2.3453453453453452,-0.012663795853802506,-0.009439740082288539,-0.00839219757224785
3,middle_500_1000,21,2.343843843843844,-0.012637493300979186,-0.009425064546656703,-0.008374056794645979
3,middle_500_1000,21,2.3423423423423424,-0.01261297156017216,-0.009407993352121169,-0.008356012817671399
3,middle_500_1000,21,2.3408408408408405,-0.012590054070477752,-0.009387928758234132,-0.008336551482384325
3,middle_500_1000,21,2.3393393393393396,-0.012568532645377273,-0.009364626387020403,-0.008314160845289242
3,middle_500_1000,21,2.3378378378378377,-0.012547258039244502,-0.009337845414807644,-0.008287687360765794
3,middle_500_1000,21,2.3363363363363363,-0.01252403795293855,-0.009307345017923296,-0.008256728669939983
3,middle_500_1000,21,2.334834834834835,-0.012497756271123928,-0.009272884372695023,-0.008221448489132088
3,middle_500_1000,21,2.333333333333333,-0.012468659226736012,-0.00923422265544982,-0.008183430590551044
3,middle_500_1000,21,2.331831831831832,-0.01243707361075752,-0.00919126704978157,-0.008144524936659847
3,middle_500_1000,21,2.33033033033033,-0.012403326214171395,-0.009145358264638803,-0.00810658148992216
3,middle_500_1000,21,2.328828828828829,-0.01236777616359186,-0.009098647205745491,-0.008071448978765883
3,middle_500_1000,21,2.3273273273273274,-0.012331569601296,-0.009053294257482802,-0.008032409663460305
3,middle_500_1000,21,2.3258258258258255,-0.01229652925478808,-0.009011459804232347,-0.007908464163577378
3,middle_500_1000,21,2.3243243243243246,-0.012263194456510362,-0.008975304230375958,-0.00787602343573024
3,middle_500_1000,21,2.3228228228228227,-0.01223135853417645,-0.008946987920294802,-0.007876119966136352
3,middle_500_1000,21,2.3213213213213213,-0.01220080638270371,-0.008928178849743507,-0.007874117632407307
3,middle_500_1000,21,2.31981981981982,-0.01217132289700884,-0.008917391192734714,-0.007867267693545399
3,middle_500_1000,21,2.318318318318318,-0.012142632431457967,-0.008911893970547924,-0.007853240266343375
3,middle_500_1000,21,2.316816816816817,-0.012114039163473977,-0.008908953100051908,-0.007832107502189434
3,middle_500_1000,21,2.315315315315315,-0.012084836652746622,-0.00890583449811544,-0.007805437192607512
3,middle_500_1000,21,2.313813813813814,-0.012055079394216905,-0.00889980408160751,-0.007776856466949145
3,middle_500_1000,21,2.3123123123123124,-0.012025038158562928,-0.00888812776745862,-0.0077780168292664875
3,middle_500_1000,21,2.3108108108108105,-0.01199498373118879,-0.008868629304112474,-0.007776322285298898
3,middle_500_1000,21,2.3093093093093096,-0.011965186897498148,-0.008841871701862125,-0.007770148839182367
3,middle_500_1000,21,2.3078078078078077,-0.011935931723145554,-0.00880930986408801,-0.007754188324260891
3,middle_500_1000,21,2.3063063063063063,-0.011907609361840654,-0.008772400384446266,-0.007731850620795067
3,middle_500_1000,21,2.304804804804805,-0.011880441164792144,-0.00873259985659458,-0.007709610028086011
3,middle_500_1000,21,2.303303303303303,-0.011854049552290302,-0.008691364874188867,-0.00768701032341057
3,middle_500_1000,21,2.301801801801802,-0.0118279567630597,-0.008650152030886149,-0.0076639114325549595
3,middle_500_1000,21,2.3003003003003,-0.01180168503582446,-0.008610322242345925,-0.007640193324945699
3,middle_500_1000,21,2.298798798798799,-0.011774756609309156,-0.008572382149145907,-0.0076157359700093075
3,middle_500_1000,21,2.2972972972972974,-0.011746682987245904,-0.008536381716224506,-0.007590419337172305
3,middle_500_1000,21,2.2957957957957955,-0.011716918271264198,-0.008502366204872214,-0.007564123716844229
3,middle_500_1000,21,2.2942942942942945,-0.011685288911214231,-0.008470380876380634,-0.007536736731446725
3,middle_500_1000,21,2.2927927927927927,-0.011652298794551985,-0.008440470992040261,-0.007508234974986205
3,middle_500_1000,21,2.2912912912912913,-0.011618518484281637,-0.008412681813142697,-0.007489029189207574
3,middle_500_1000,21,2.28978978978979,-0.011584518543407807,-0.008386923158994586,-0.007479959137395298
3,middle_500_1000,21,2.288288288288288,-0.011550869534934671,-0.008362532125328004,-0.007468513997309412
3,middle_500_1000,21,2.286786786786787,-0.011518100720732338,-0.008338694450128248,-0.007453717243733893
3,middle_500_1000,21,2.285285285285285,-0.011486477926011318,-0.008314595870464458,-0.007435649815734191
3,middle_500_1000,21,2.2837837837837838,-0.011455945393205047,-0.00828942212340733,-0.007414818689591929
3,middle_500_1000,21,2.2822822822822824,-0.011426102240771119,-0.008262358946025561,-0.00739173084158784
3,middle_500_1000,21,2.2807807807807805,-0.011396517602543899,-0.008232592080038792,-0.007366893248002659
3,middle_500_1000,21,2.2792792792792795,-0.011366760612357751,-0.008199583653055065,-0.007340812885117565
3,middle_500_1000,21,2.2777777777777777,-0.011336400404047264,-0.008164114546517665,-0.007313991968119105
3,middle_500_1000,21,2.2762762762762763,-0.011305013844964629,-0.008127388701148819,-0.007286629438878256
3,middle_500_1000,21,2.274774774774775,-0.011272589501481578,-0.00809061083157192,-0.007259183283396808
3,middle_500_1000,21,2.273273273273273,-0.011239580912919322,-0.00805498565241125,-0.0072323838533938645
3,middle_500_1000,21,2.271771771771772,-0.011206282745564344,-0.008021717878290424,-0.007206961501974751
3,middle_500_1000,21,2.27027027027027,-0.011172974457787976,-0.007992012194395048,-0.007183646582244574
3,middle_500_1000,21,2.2687687687687688,-0.011139935507962884,-0.007966600303891846,-0.007163169447309103
3,middle_500_1000,21,2.2672672672672673,-0.011107445354459955,-0.007944399863082374,-0.007146260455516362
3,middle_500_1000,21,2.2657657657657655,-0.011075782509017529,-0.007923878352986247,-0.00713376884707162
3,middle_500_1000,21,2.2642642642642645,-0.011044828497161374,-0.007903503125381128,-0.007114179521019226
3,middle_500_1000,21,2.2627627627627627,-0.01101378926959895,-0.007881741532044018,-0.007083242599680073
3,middle_500_1000,21,2.2612612612612613,-0.01098218415792851,-0.007857060924752579,-0.007053867010751169
3,middle_500_1000,21,2.25975975975976,-0.010949565095927705,-0.007827932532147086,-0.0070252731285325165
3,middle_500_1000,21,2.258258258258258,-0.010915484017374855,-0.007793588017775521,-0.006996531684294149
3,middle_500_1000,21,2.256756756756757,-0.010879492856047612,-0.007755039911875317,-0.0069666366003227065
3,middle_500_1000,21,2.255255255255255,-0.01084117464843204,-0.007713581637008637,-0.006934605162960628
3,middle_500_1000,21,2.2537537537537538,-0.010800868449470036,-0.007670506705388824,-0.006900176899621524
3,middle_500_1000,21,2.2522522522522523,-0.01075936408819933,-0.007627108629228996,-0.006863923259908811
3,middle_500_1000,21,2.2507507507507505,-0.010717000680338762,-0.007584680920741604,-0.006826461758868696
3,middle_500_1000,21,2.2492492492492495,-0.010674079672093217,-0.007544691846620211,-0.006808677956922304
3,middle_500_1000,21,2.2477477477477477,-0.010630902509666917,-0.007515109415704879,-0.0067937810081852845
3,middle_500_1000,21,2.2462462462462462,-0.01058777063926497,-0.007480806776719584,-0.006779154782857066
3,middle_500_1000,21,2.244744744744745,-0.010544966992262594,-0.007442343025020337,-0.006764237919103522
3,middle_500_1000,21,2.243243243243243,-0.010502326004697249,-0.0074094625285032745,-0.006748329017191024
3,middle_500_1000,21,2.241741741741742,-0.010459555979028146,-0.007379201281282777,-0.006730041487073457
3,middle_500_1000,21,2.24024024024024,-0.010416842881496136,-0.007349100480657844,-0.006708759855347246
3,middle_500_1000,21,2.2387387387387387,-0.010374411569079811,-0.007318544474170352,-0.006684449873171738
3,middle_500_1000,21,2.2372372372372373,-0.010332486898758209,-0.007287074674695138,-0.006657083426168553
3,middle_500_1000,21,2.2357357357357355,-0.01029129372750992,-0.007254707536749505,-0.006626632399959753
3,middle_500_1000,21,2.2342342342342345,-0.010251057239926809,-0.007221676497500384,-0.006593068680167846
3,middle_500_1000,21,2.2327327327327327,-0.01021210242348558,-0.0071882182640021774,-0.006559087698802868
3,middle_500_1000,21,2.2312312312312312,-0.010174645945634442,-0.00715456954330862,-0.006560308389214731
3,middle_500_1000,21,2.22972972972973,-0.010138349697930149,-0.007120967042474113,-0.006556770438780779
3,middle_500_1000,21,2.228228228228228,-0.010102820950313784,-0.007087648201503649,-0.006547329811072755
3,middle_500_1000,21,2.226726726726727,-0.010067666972725098,-0.007054888233364087,-0.006532452780497744
3,middle_500_1000,21,2.225225225225225,-0.010032495035104949,-0.0070227306418244595,-0.006512854799100465
3,middle_500_1000,21,2.2237237237237237,-0.00999691240739331,-0.006990789819918186,-0.006489251318925415
3,middle_500_1000,21,2.2222222222222223,-0.009960507437139166,-0.006958645934324714,-0.006462357792016871
3,middle_500_1000,21,2.2207207207207205,-0.009896540592253977,-0.006931893987566884,-0.0064328896704199945
3,middle_500_1000,21,2.2192192192192195,-0.0098311579612258,-0.006906064339138318,-0.006401577578270201
3,middle_500_1000,21,2.2177177177177176,-0.009766506085550075,-0.006873321175391522,-0.006369397538458443
3,middle_500_1000,21,2.2162162162162162,-0.009703423804991562,-0.006831812964123829,-0.006337190303545404
3,middle_500_1000,21,2.214714714714715,-0.009642481127462021,-0.006786086299487071,-0.006305533482378278
3,middle_500_1000,21,2.213213213213213,-0.009584220701210233,-0.006745270848420359,-0.00627499849572577
3,middle_500_1000,21,2.211711711711712,-0.0095291851744852,-0.006705413934373183,-0.006246156764356581
3,middle_500_1000,21,2.21021021021021,-0.009477882807799043,-0.006667850202872971,-0.0062195797090398575
3,middle_500_1000,21,2.2087087087087087,-0.009430137194300858,-0.006631654593756586,-0.006195724296908622
3,middle_500_1000,21,2.2072072072072073,-0.009385137911794628,-0.006597367659230358,-0.0061740588523266915
3,middle_500_1000,21,2.2057057057057055,-0.009341935348967212,-0.0065646266158727595,-0.006153659016882251
3,middle_500_1000,21,2.2042042042042045,-0.009299443054381129,-0.006532643036701424,-0.006133829525269752
3,middle_500_1000,21,2.2027027027027026,-0.009256566667643629,-0.006500793842267427,-0.006113903653558239
3,middle_500_1000,21,2.201201201201201,-0.009212211828361072,-0.00646847038164422,-0.0060932146778163165
3,middle_500_1000,21,2.1996996996997,-0.009165309845898806,-0.006435064003904367,-0.006071095874113475
3,middle_500_1000,21,2.198198198198198,-0.009115615777354646,-0.00639996605812132,-0.006046957479590942
3,middle_500_1000,21,2.196696696696697,-0.009063891276926972,-0.0063625985553597,-0.006021124369652409
3,middle_500_1000,21,2.195195195195195,-0.009011234433498716,-0.006339891605311454,-0.005994472772074433
3,middle_500_1000,21,2.1936936936936937,-0.008958905666518024,-0.006329991177369543,-0.005967531576930529
3,middle_500_1000,21,2.1921921921921923,-0.008908167398057554,-0.0063168991618534065,-0.005940669170191537
3,middle_500_1000,21,2.1906906906906904,-0.008860282050190849,-0.006300251552065594,-0.005914253177542461
3,middle_500_1000,21,2.1891891891891895,-0.008816495814620184,-0.006279733642490015,-0.0058886512246683065
3,middle_500_1000,21,2.1876876876876876,-0.00877723272604558,-0.0062816876171520875,-0.005864179542781844
3,middle_500_1000,21,2.186186186186186,-0.008741670864664819,-0.006289285791109878,-0.005840680860182301
3,middle_500_1000,21,2.184684684684685,-0.008708486021165696,-0.006261167931955969,-0.005817854024439573
3,middle_500_1000,21,2.183183183183183,-0.008676160793565257,-0.006225794824716857,-0.005795798833997168
3,middle_500_1000,21,2.181681681681682,-0.008643176629002047,-0.006194773494418326,-0.00577470631159227
3,middle_500_1000,21,2.18018018018018,-0.008608014974615052,-0.006168500391853016,-0.00575476747996162
3,middle_500_1000,21,2.1786786786786787,-0.008569232559782591,-0.006127594535850545,-0.0057361733618428445
3,middle_500_1000,21,2.1771771771771773,-0.008526259959122484,-0.006086757116886998,-0.005719057947788819
3,middle_500_1000,21,2.1756756756756754,-0.008479274251282698,-0.006048125371252988,-0.005703190344553466
3,middle_500_1000,21,2.1741741741741745,-0.008429328145519888,-0.006013059641930996,-0.00568817793512344
3,middle_500_1000,21,2.1726726726726726,-0.008377729937503187,-0.005982155232011399,-0.005673404979047669
3,middle_500_1000,21,2.171171171171171,-0.008325787959882591,-0.005955393745309401,-0.005658105175325279
3,middle_500_1000,21,2.16966966966967,-0.00827481054530832,-0.005932734755169422,-0.005641509387904531
3,middle_500_1000,21,2.168168168168168,-0.008226106026430369,-0.005914137834935662,-0.0056228484807325785
3,middle_500_1000,21,2.166666666666667,-0.008180956592507727,-0.005899562557952542,-0.005601664718400068
3,middle_500_1000,21,2.165165165165165,-0.008140114768440343,-0.005860121355286019,-0.005573530915497837
3,middle_500_1000,21,2.1636636636636637,-0.008102740131187947,-0.005813560669326812,-0.005550840604252594
3,middle_500_1000,21,2.1621621621621623,-0.008067516829619148,-0.005767495825666158,-0.00553348671309406
3,middle_500_1000,21,2.1606606606606604,-0.008033128747800378,-0.0057230946243933545,-0.005508698589106853
3,middle_500_1000,21,2.1591591591591595,-0.007998259769797622,-0.00568152036573033,-0.0054866132072799445
3,middle_500_1000,21,2.1576576576576576,-0.0079615937796782,-0.005643482032186675,-0.005466948651283943
3,middle_500_1000,21,2.156156156156156,-0.007921814661508098,-0.0056088510158711635,-0.0054490350703446655
3,middle_500_1000,21,2.1546546546546548,-0.007878030143237513,-0.005577401282985228,-0.005432202613688375
3,middle_500_1000,21,2.153153153153153,-0.007831128275041621,-0.005548683784462938,-0.005415781430541333
3,middle_500_1000,21,2.151651651651652,-0.0077825876415189565,-0.005521988210235529,-0.0053726880822349
3,middle_500_1000,21,2.15015015015015,-0.007733911478839728,-0.005496589382659289,-0.005324890310083985
3,middle_500_1000,21,2.1486486486486487,-0.0076866030231745874,-0.005471762124091839,-0.005275348623302367
3,middle_500_1000,21,2.1471471471471473,-0.007642165510694854,-0.00544677895035095,-0.005248152072289125
3,middle_500_1000,21,2.1456456456456454,-0.007602102171750724,-0.005420852938516463,-0.00522224465329213
3,middle_500_1000,21,2.1441441441441444,-0.007567524649748192,-0.005393173586418554,-0.0051915655239374026
3,middle_500_1000,21,2.1426426426426426,-0.007537803298664381,-0.0053636385904043404,-0.005157272284577852
3,middle_500_1000,21,2.141141141141141,-0.0075115776734102635,-0.005332760667879022,-0.0051210221669852896
3,middle_500_1000,21,2.1396396396396398,-0.007487462192774963,-0.005301072801696005,-0.005084498420675931
3,middle_500_1000,21,2.138138138138138,-0.007464071275547601,-0.005269107974709142,-0.005049384295166881
3,middle_500_1000,21,2.136636636636637,-0.007440019340517745,-0.005237399169771839,-0.005017363039974354
3,middle_500_1000,21,2.135135135135135,-0.007413922504706294,-0.0052065303749950775,-0.004990892793627744
3,middle_500_1000,21,2.1336336336336337,-0.00738482965270193,-0.0051773964133488,-0.004967698639824603
3,middle_500_1000,21,2.1321321321321323,-0.007352983626349063,-0.005150414336864806,-0.004947898101930415
3,middle_500_1000,21,2.1306306306306304,-0.007319402350914217,-0.005125342770575969,-0.004923534656621875
3,middle_500_1000,21,2.1291291291291294,-0.007285235404869139,-0.005101907770839187,-0.004898559179118855
3,middle_500_1000,21,2.1276276276276276,-0.007251632366687133,-0.005079835394011134,-0.004878842678126327
3,middle_500_1000,21,2.126126126126126,-0.007219742814840169,-0.005058851689528465,-0.004861554610060326
3,middle_500_1000,21,2.1246246246246248,-0.007190683827686284,-0.005038641789800735,-0.004846651545410197
3,middle_500_1000,21,2.123123123123123,-0.007164891574181542,-0.005018754859177577,-0.004834000560601126
3,middle_500_1000,21,2.121621621621622,-0.007142143715650917,-0.004998855364453769,-0.004806112943404717
3,middle_500_1000,21,2.12012012012012,-0.007121848187925384,-0.0049788732486559795,-0.004769901893891593
3,middle_500_1000,21,2.1186186186186187,-0.007103036337151369,-0.004958767037156475,-0.004737804033937865
3,middle_500_1000,21,2.1171171171171173,-0.007084720363893071,-0.004938495255327746,-0.004709801270535774
3,middle_500_1000,21,2.1156156156156154,-0.00706591246871402,-0.004918016428541394,-0.004685152269978232
3,middle_500_1000,21,2.1141141141141144,-0.007045637528125592,-0.004897289082169687,-0.004663089675634335
3,middle_500_1000,21,2.1126126126126126,-0.007023342917755082,-0.004876274096473621,-0.0046428461308734015
3,middle_500_1000,21,2.111111111111111,-0.006998987341345186,-0.004854932469402717,-0.004623654279064526
3,middle_500_1000,21,2.1096096096096097,-0.006972597884800091,-0.004833142129313739,-0.00460474676357725
3,middle_500_1000,21,2.108108108108108,-0.006944592639888336,-0.004810762504507293,-0.004585378362310655
3,middle_500_1000,21,2.106606606606607,-0.006915621018510398,-0.004787653023284211,-0.0045650675886508285
3,middle_500_1000,21,2.105105105105105,-0.006886335447541692,-0.0047636731139453214,-0.004543721854407323
3,middle_500_1000,21,2.1036036036036037,-0.006857387147731986,-0.004738682204791234,-0.004521512763767888
3,middle_500_1000,21,2.1021021021021022,-0.00682938464154037,-0.0047125477613705336,-0.004497118979433168
3,middle_500_1000,21,2.1006006006006004,-0.006802883293860917,-0.004694203829245014,-0.004473186717609323
3,middle_500_1000,21,2.0990990990990994,-0.0067784211070525124,-0.004680287130482297,-0.004445946099317588
3,middle_500_1000,21,2.0975975975975976,-0.006756188250033546,-0.0046666757160747085,-0.0044143340029902944
3,middle_500_1000,21,2.096096096096096,-0.00673601253035816,-0.004652962344353417,-0.00438067036409473
3,middle_500_1000,21,2.0945945945945947,-0.0067177048154456465,-0.004638851534980892,-0.004357349475023531
3,middle_500_1000,21,2.093093093093093,-0.0067010634560513704,-0.004624346679241942,-0.004338489069267704
3,middle_500_1000,21,2.091591591591592,-0.006685657555378199,-0.0046093261549529085,-0.004324321525776664
3,middle_500_1000,21,2.09009009009009,-0.006670855470141568,-0.0045934896802097835,-0.004314975453745928
3,middle_500_1000,21,2.0885885885885886,-0.006656018772118744,-0.004576529079755476,-0.004304955102328645
3,middle_500_1000,21,2.0870870870870872,-0.006640510862820026,-0.004558136178331562,-0.004280801546223234
3,middle_500_1000,21,2.0855855855855854,-0.006623960369632753,-0.004520664501027838,-0.004251714345960611
3,middle_500_1000,21,2.0840840840840844,-0.006606536466083668,-0.004476601151764514,-0.004226799370845802
3,middle_500_1000,21,2.0825825825825826,-0.0065884723679838775,-0.004437268051970422,-0.004206350455010943
3,middle_500_1000,21,2.081081081081081,-0.006569957749477329,-0.004406074928559933,-0.0041891296176930215
3,middle_500_1000,21,2.0795795795795797,-0.006551137067400292,-0.004386546621848453,-0.0041737867118798455
3,middle_500_1000,21,2.078078078078078,-0.00653215267634466,-0.004372559578585955,-0.004158971590558558
3,middle_500_1000,21,2.076576576576577,-0.006513146930902325,-0.004368833324021049,-0.004143334106716967
3,middle_500_1000,21,2.075075075075075,-0.006494260681512598,-0.0043581326005541765,-0.004125524113342216
3,middle_500_1000,21,2.0735735735735736,-0.00647531242161814,-0.004335349374162245,-0.004094763908015331
3,middle_500_1000,21,2.0720720720720722,-0.006455481274302288,-0.004315728932560603,-0.0040636144725856305
3,middle_500_1000,21,2.0705705705705704,-0.006434501844649221,-0.004299281227997609,-0.004033681605979389
3,middle_500_1000,21,2.0690690690690694,-0.00641242253430252,-0.004285544308305855,-0.004006385184598615
3,middle_500_1000,21,2.0675675675675675,-0.006389293734816892,-0.004273985972212957,-0.003983145084845763
3,middle_500_1000,21,2.066066066066066,-0.0063651658377477105,-0.0042640740183859105,-0.003958853651134353
3,middle_500_1000,21,2.0645645645645647,-0.006340089234650348,-0.004255276245492379,-0.003935147755419477
3,middle_500_1000,21,2.063063063063063,-0.006314114317080177,-0.00424706045219958,-0.003918900873103759
3,middle_500_1000,21,2.0615615615615615,-0.006287400065798199,-0.0042387975917566045,-0.003911661325906923
3,middle_500_1000,21,2.06006006006006,-0.006260503528339623,-0.0042146441262647105,-0.003913558278777929
3,middle_500_1000,21,2.0585585585585586,-0.006234004479380939,-0.004189846151669396,-0.003922689883357089
3,middle_500_1000,21,2.057057057057057,-0.006208479300183312,-0.00416886405755168,-0.00391232973462885
3,middle_500_1000,21,2.0555555555555554,-0.006184504372007016,-0.004151609734307948,-0.003882578546093418
3,middle_500_1000,21,2.054054054054054,-0.006162656076112993,-0.00413799507233481,-0.0038509702550670877
3,middle_500_1000,21,2.0525525525525525,-0.006143509211826492,-0.004127777587994652,-0.003818908036079538
3,middle_500_1000,21,2.051051051051051,-0.006127291577792349,-0.004119671141660897,-0.0037877950636597824
3,middle_500_1000,21,2.0495495495495497,-0.00611350808347999,-0.004106709771219297,-0.003759033185034344
3,middle_500_1000,21,2.048048048048048,-0.006101583242207109,-0.004081257191989485,-0.0037336107725232104
3,middle_500_1000,21,2.0465465465465464,-0.0060909415682504076,-0.004055731342787805,-0.0037113434737614526
3,middle_500_1000,21,2.045045045045045,-0.006081007575887254,-0.004030830285331355,-0.0036917939470331174
3,middle_500_1000,21,2.0435435435435436,-0.006071205779394129,-0.0040072520813378976,-0.003674524371140686
3,middle_500_1000,21,2.042042042042042,-0.006060963273590403,-0.003985694792524308,-0.0036590969248875282
3,middle_500_1000,21,2.0405405405405403,-0.00604984274904119,-0.003966750230607552,-0.0036450737870767913
3,middle_500_1000,21,2.039039039039039,-0.006037570093170075,-0.0039501609983616515,-0.0036320171365114007
3,middle_500_1000,21,2.0375375375375375,-0.006023869307460794,-0.0039354748078828106,-0.003619487182976888
3,middle_500_1000,21,2.036036036036036,-0.00600846437078606,-0.0039222788784289975,-0.0036071721565109627
3,middle_500_1000,21,2.0345345345345347,-0.005991079262016585,-0.0039121939395294625,-0.003591826394148123
3,middle_500_1000,21,2.033033033033033,-0.005971437960024861,-0.0039021331074007293,-0.0035786772696617675
3,middle_500_1000,21,2.0315315315315314,-0.005949270610090096,-0.003890124788828553,-0.003567966169953918
3,middle_500_1000,21,2.03003003003003,-0.005924759352311071,-0.003876270664671333,-0.003558742263800374
3,middle_500_1000,21,2.0285285285285286,-0.005899000148712252,-0.003865217311123992,-0.003546562696407296
3,middle_500_1000,21,2.027027027027027,-0.005873214242795521,-0.003852946590049866,-0.0035342694888500503
3,middle_500_1000,21,2.0255255255255253,-0.005848622878061427,-0.0038370136542698052,-0.0035220942188609605
3,middle_500_1000,21,2.024024024024024,-0.00582644729801185,-0.0038218614639511372,-0.0035103212205813694
3,middle_500_1000,21,2.0225225225225225,-0.005807908746147561,-0.0038071325910036258,-0.003499127813201719
3,middle_500_1000,21,2.021021021021021,-0.005794178400100103,-0.0037924696073363684,-0.0034886854687508073
3,middle_500_1000,21,2.0195195195195197,-0.005785733463998355,-0.0037775150848589067,-0.0034791656592576548
3,middle_500_1000,21,2.018018018018018,-0.005781969463625636,-0.00376188221559115,-0.0034707398567508374
3,middle_500_1000,21,2.0165165165165164,-0.005782090096943193,-0.003744923038528025,-0.0034635487313781077
3,middle_500_1000,21,2.015015015015015,-0.005785299061912497,-0.003722913073650913,-0.0034574881476119312
3,middle_500_1000,21,2.0135135135135136,-0.005790800056495238,-0.003697424487836054,-0.0034493841718121754
3,middle_500_1000,21,2.012012012012012,-0.005797796778653108,-0.0036704451257272286,-0.0034266667339870605
3,middle_500_1000,21,2.0105105105105103,-0.005805492926346689,-0.0036439798380158983,-0.003402399770917608
3,middle_500_1000,21,2.009009009009009,-0.005813092197537895,-0.0036263859401544085,-0.0033770568817912405
3,middle_500_1000,21,2.0075075075075075,-0.005819798290188416,-0.0036086852934311686,-0.003351111665795159
3,middle_500_1000,21,2.006006006006006,-0.005824814902259279,-0.0035864924219495276,-0.003325037722116564
3,middle_500_1000,21,2.0045045045045047,-0.005827345731712175,-0.003560839399015192,-0.003299308649942656
3,middle_500_1000,21,2.003003003003003,-0.005826594476508129,-0.003535115052496929,-0.003274398048460858
3,middle_500_1000,21,2.0015015015015014,-0.0058217648346088335,-0.003509547281009162,-0.003250779516858149
3,middle_500_1000,21,2.0,-0.00581206050397598,-0.0034843639831663165,-0.003228926654322395
3,long_gt1000,23,3.5,-6.431456684577695e-05,-2.1646932758676235e-05,3.458284576149395e-05
3,long_gt1000,23,3.4984984984984986,-6.389142828812967e-05,-2.034320822502959e-05,3.891783245466834e-05
3,long_gt1000,23,3.496996996996997,-6.430486515486654e-05,-1.7973199853076456e-05,4.4304515764210286e-05
3,long_gt1000,23,3.4954954954954953,-6.572836545582759e-05,-1.5154801614142386e-05,4.888625355447457e-05
3,long_gt1000,23,3.493993993993994,-7.079343482011309e-05,-1.4068854555621525e-05,4.997891812935144e-05
3,long_gt1000,23,3.4924924924924925,-7.227994578392884e-05,-1.1603599259346061e-05,5.1353991865426836e-05
3,long_gt1000,23,3.490990990990991,-7.456594101686915e-05,-9.158403234675654e-06,5.290975934225962e-05
3,long_gt1000,23,3.4894894894894897,-7.815668972498694e-05,-6.857443266515079e-06,5.454450513940878e-05
3,long_gt1000,23,3.487987987987988,-8.212083660884357e-05,-4.8248961397686805e-06,5.61565138364337e-05
3,long_gt1000,23,3.4864864864864864,-8.609519545682435e-05,-3.184938639342591e-06,5.76440700128923e-05
3,long_gt1000,23,3.484984984984985,-8.991360254357962e-05,-2.0617475501410174e-06,5.8905458248344035e-05
3,long_gt1000,23,3.4834834834834836,-9.340989414375868e-05,-1.5794996570688187e-06,5.9839071684628916e-05
3,long_gt1000,23,3.481981981981982,-9.641790653201074e-05,-1.86237174503088e-06,6.037144879277902e-05
3,long_gt1000,23,3.4804804804804803,-9.877473483371391e-05,-1.6738241509898805e-06,6.054013420068644e-05
3,long_gt1000,23,3.478978978978979,-0.00010019127528534326,8.844944698790371e-08,6.041412688475485e-05
3,long_gt1000,23,3.4774774774774775,-9.9432874925765e-05,1.068467559362928e-06,6.0062437330022296e-05
3,long_gt1000,23,3.475975975975976,-9.827546662100195e-05,1.4037910276934614e-06,5.9554076021526814e-05
3,long_gt1000,23,3.4744744744744747,-9.696304273476547e-05,1.245073784780456e-06,5.895805274866911e-05
3,long_gt1000,23,3.472972972972973,-9.509447230729104e-05,7.392081968989918e-07,5.8320511103922284e-05
3,long_gt1000,23,3.4714714714714714,-9.297469159763204e-05,3.3086630324527695e-08,5.7619572007904006e-05
3,long_gt1000,23,3.46996996996997,-9.130326034827713e-05,-7.26398548667748e-07,5.685890647810856e-05
3,long_gt1000,23,3.4684684684684686,-9.020487128327166e-05,-1.3923549738026472e-06,5.609737496789846e-05
3,long_gt1000,23,3.466966966966967,-8.973550017855639e-05,-1.8435935762630275e-06,5.5398020308239425e-05
3,long_gt1000,23,3.4654654654654653,-8.986007412649903e-05,-2.1141012872076797e-06,5.48238853300969e-05
3,long_gt1000,23,3.463963963963964,-9.042396738568811e-05,-2.322863168099194e-06,5.4438105242861514e-05
3,long_gt1000,23,3.4624624624624625,-9.125540263267085e-05,-2.592256814960077e-06,5.4313733097463655e-05
3,long_gt1000,23,3.460960960960961,-9.21826025439949e-05,-3.0446598238132155e-06,5.451228272389727e-05
3,long_gt1000,23,3.4594594594594597,-0.00010072778808759112,-3.8024497906812785e-06,5.5021065928730886e-05
3,long_gt1000,23,3.457957957957958,-0.00010897959884436265,-4.987849599846772e-06,5.5766868685180545e-05
3,long_gt1000,23,3.4564564564564564,-0.00011124321884641367,-6.66818717521547e-06,5.666374379587004e-05
3,long_gt1000,23,3.454954954954955,-0.00010468982428166434,-8.724307082216853e-06,5.762574406342351e-05
3,long_gt1000,23,3.4534534534534536,-9.34211373239067e-05,-9.29121595867285e-06,5.856695904171759e-05
3,long_gt1000,23,3.451951951951952,-9.283537060385906e-05,1.0518635335700008e-05,5.940934193637051e-05
3,long_gt1000,23,3.4504504504504503,-9.214290376195999e-05,2.077226550177471e-05,8.190240321270874e-05
3,long_gt1000,23,3.448948948948949,-9.143000932941743e-05,2.1105038568256657e-05,9.937858884055868e-05
3,long_gt1000,23,3.4474474474474475,-9.079196098758303e-05,2.1610950014304886e-05,0.00010054883194705655
3,long_gt1000,23,3.445945945945946,-9.033951543706634e-05,2.2216015347370976e-05,0.00010182179619354326
3,long_gt1000,23,3.4444444444444446,-9.008493077917968e-05,2.2846250074907157e-05,0.00010314091744667049
3,long_gt1000,23,3.442942942942943,-8.995622275952825e-05,2.3427669704365875e-05,0.00010444936843991096
3,long_gt1000,23,3.4414414414414414,-8.987519718318786e-05,2.3886289743198924e-05,0.00010567756793153891
3,long_gt1000,23,3.43993993993994,-8.976366271399574e-05,2.4148125698858318e-05,0.00010675704412626066
3,long_gt1000,23,3.4384384384384385,-8.95462926928524e-05,2.416628208275857e-05,0.00010768129339788779
3,long_gt1000,23,3.436936936936937,-8.915560776501718e-05,2.4007015240133526e-05,0.00010846547667993475
3,long_gt1000,23,3.4354354354354353,-8.854700036809013e-05,2.3766113208800992e-05,0.00010913761637300898
3,long_gt1000,23,3.433933933933934,-8.777615001645252e-05,2.3539364054456658e-05,0.00010972600555520559
3,long_gt1000,23,3.4324324324324325,-8.695588038245584e-05,2.342255584279556e-05,0.00011025893231494043
3,long_gt1000,23,3.430930930930931,-8.620125684637007e-05,2.351147663951208e-05,0.00011077230792004664
3,long_gt1000,23,3.4294294294294296,-8.562734793833842e-05,2.390190838369075e-05,0.00011109601340769572
3,long_gt1000,23,3.4279279279279278,-8.535090686297533e-05,2.4665785745494814e-05,0.00011145774964463188
3,long_gt1000,23,3.4264264264264264,-8.548713795209623e-05,2.575548731610102e-05,0.00011194317167883877
3,long_gt1000,23,3.424924924924925,-8.603851766071256e-05,2.7084827016586425e-05,0.00011257870632266638
3,long_gt1000,23,3.4234234234234235,-8.685999081252047e-05,2.743831779262844e-05,0.0001092556200105204
3,long_gt1000,23,3.421921921921922,-8.777208558550034e-05,2.7430482255022103e-05,8.692373826595405e-05
3,long_gt1000,23,3.4204204204204203,-8.859475215481846e-05,2.778092770318579e-05,7.171123235951121e-05
3,long_gt1000,23,3.418918918918919,-8.914781639386454e-05,2.855042483545416e-05,7.248311094444084e-05
3,long_gt1000,23,3.4174174174174174,-8.859253942389701e-05,1.2780530093943997e-05,7.34027238738701e-05
3,long_gt1000,23,3.415915915915916,-8.739454660715512e-05,1.3314173871027332e-05,7.436201632412404e-05
3,long_gt1000,23,3.4144144144144146,-8.600396001293815e-05,1.402659106707364e-05,7.528269293489488e-05
3,long_gt1000,23,3.4129129129129128,-8.464022947156109e-05,1.4819906691259516e-05,7.608995020436105e-05
3,long_gt1000,23,3.4114114114114114,-8.281878878546069e-05,1.5591530844082362e-05,7.670903304540766e-05
3,long_gt1000,23,3.40990990990991,-8.121093904563483e-05,1.6239477493706824e-05,7.707732883864538e-05
3,long_gt1000,23,3.4084084084084085,-8.011370558511262e-05,1.6661760608296678e-05,7.71968415326286e-05
3,long_gt1000,23,3.406906906906907,-7.935531383751557e-05,1.675639415601657e-05,7.714705953466437e-05
3,long_gt1000,23,3.4054054054054053,-7.869186114786318e-05,1.642139756411528e-05,7.702209565527704e-05
3,long_gt1000,23,3.403903903903904,-7.863291063997611e-05,1.5606217968789325e-05,7.691868990285212e-05
3,long_gt1000,23,3.4024024024024024,-7.905399491812438e-05,1.4457033074925015e-05,7.794196214458773e-05
3,long_gt1000,23,3.400900900900901,-7.98172486011421e-05,1.317663096828776e-05,7.936000970100595e-05
3,long_gt1000,23,3.3993993993993996,-8.078477709785544e-05,1.1968317434501649e-05,8.111174630070334e-05
3,long_gt1000,23,3.3978978978978978,-8.181819152858075e-05,1.2116608095409914e-05,8.313469980373049e-05
3,long_gt1000,23,3.3963963963963963,-8.276781606000394e-05,1.543948514661029e-05,8.53603014400405e-05
3,long_gt1000,23,3.394894894894895,-8.351840787034653e-05,1.8781770461187737e-05,8.78187469249064e-05
3,long_gt1000,23,3.3933933933933935,-8.342782531674622e-05,2.200186082678985e-05,9.034634795574456e-05
3,long_gt1000,23,3.391891891891892,-8.322309649678983e-05,2.4965658102011744e-05,9.273448531584862e-05
3,long_gt1000,23,3.3903903903903903,-8.310222635534228e-05,2.7545461606335968e-05,9.483336794882929e-05
3,long_gt1000,23,3.388888888888889,-8.305194990008242e-05,2.970448840823982e-05,9.653092975566444e-05
3,long_gt1000,23,3.3873873873873874,-8.304965950275576e-05,3.147809538255487e-05,9.778114334427039e-05
3,long_gt1000,23,3.385885885885886,-8.305910116069605e-05,3.2903623720631926e-05,9.860545339735317e-05
3,long_gt1000,23,3.3843843843843846,-8.302834647790341e-05,3.4019237960395896e-05,9.91398407609353e-05
3,long_gt1000,23,3.3828828828828827,-8.28669412182674e-05,3.490480875537917e-05,9.954634999401885e-05
3,long_gt1000,23,3.3813813813813813,-8.248270949354946e-05,3.570077691077665e-05,9.998723206935283e-05
3,long_gt1000,23,3.37987987987988,-8.186411184422839e-05,3.70084079044531e-05,0.00010062314004375718
3,long_gt1000,23,3.3783783783783785,-8.105579695151695e-05,3.755723618426368e-05,0.00010155239279570566
3,long_gt1000,23,3.376876876876877,-8.011685220793777e-05,3.881578077041554e-05,0.0001027686920402884
3,long_gt1000,23,3.3753753753753752,-7.91193204393941e-05,4.0414053438792355e-05,0.00010415659606854847
3,long_gt1000,23,3.373873873873874,-7.813491617388556e-05,4.118918284536782e-05,0.00010556213377037327
3,long_gt1000,23,3.3723723723723724,-7.723215589864121e-05,4.094445433218408e-05,0.00010683282780994414
3,long_gt1000,23,3.370870870870871,-7.647058020837736e-05,4.0362524882497225e-05,0.00010891524952974432
3,long_gt1000,23,3.3693693693693696,-7.586947823279722e-05,3.953949190328883e-05,0.00011131952254375297
3,long_gt1000,23,3.3678678678678677,-7.543517505007166e-05,3.857145280154132e-05,0.00011376474584685057
3,long_gt1000,23,3.3663663663663663,-7.516328654805834e-05,3.7554504984237125e-05,0.00011616098272340235
3,long_gt1000,23,3.364864864864865,-7.504221695344175e-05,3.658474585836128e-05,0.00011841147791513684
3,long_gt1000,23,3.3633633633633635,-7.50580998915137e-05,3.573736668059657e-05,0.00012039464264276952
3,long_gt1000,23,3.361861861861862,-7.520225771516639e-05,3.5027935066872865e-05,0.00012198447275568085
3,long_gt1000,23,3.3603603603603602,-7.546126901628774e-05,3.455620946181317e-05,0.00012307198475243301
3,long_gt1000,23,3.358858858858859,-7.58107236153902e-05,3.4434019252574215e-05,0.00012376263274232156
3,long_gt1000,23,3.3573573573573574,-7.622794226384974e-05,3.4773193826315336e-05,0.0001242543990746807
3,long_gt1000,23,3.355855855855856,-7.670018473927582e-05,3.568556257019413e-05,0.00012470017752283557
3,long_gt1000,23,3.3543543543543546,-7.720399075961852e-05,3.728295487136907e-05,0.00012525190475634216
3,long_gt1000,23,3.3528528528528527,-7.767507520026803e-05,3.967378347867999e-05,0.0001260621707180878
3,long_gt1000,23,3.3513513513513513,-7.803524700593801e-05,4.279068153823125e-05,0.00012728363335026
3,long_gt1000,23,3.34984984984985,-7.82238901396214e-05,4.64217195668519e-05,0.0001290423577887446
3,long_gt1000,23,3.3483483483483485,-7.819858908921515e-05,4.9758966864489954e-05,0.0001301575161711528
3,long_gt1000,23,3.346846846846847,-7.792783520053914e-05,5.037035776511451e-05,0.00013162459166901922
3,long_gt1000,23,3.3453453453453452,-7.739748185225503e-05,5.117760507986242e-05,0.00013339484926523388
3,long_gt1000,23,3.343843843843844,-7.665315538955093e-05,5.2020858271170124e-05,0.00013529025076094514
3,long_gt1000,23,3.3423423423423424,-7.582036932537442e-05,5.273539889695707e-05,0.00013713273555126387
3,long_gt1000,23,3.340840840840841,-7.504044891608547e-05,5.3156508515146174e-05,0.00013874428382693559
3,long_gt1000,23,3.3393393393393396,-7.444129557649878e-05,5.31194686836569e-05,0.00013998969174368586
3,long_gt1000,23,3.3378378378378377,-7.413966044288005e-05,5.2459560960411294e-05,0.00014092406455533044
3,long_gt1000,23,3.3363363363363363,-7.42096912791975e-05,5.104177386036461e-05,0.00014167350382237546
3,long_gt1000,23,3.334834834834835,-7.468512139047027e-05,4.9000707229660684e-05,0.00014237986334582776
3,long_gt1000,23,3.3333333333333335,-7.554294427827065e-05,4.662424534661487e-05,0.0001431882620207695
3,long_gt1000,23,3.3318318318318316,-7.669731331703782e-05,4.4202474633695324e-05,0.0001442438187422776
3,long_gt1000,23,3.33033033033033,-7.80407648262307e-05,4.20254815133702e-05,0.0001456878458969517
3,long_gt1000,23,3.328828828828829,-7.94221403859598e-05,4.038335240810764e-05,0.00014752397663981773
3,long_gt1000,23,3.3273273273273274,-8.069013719656012e-05,3.956590023022552e-05,0.00014957676306745753
3,long_gt1000,23,3.325825825825826,-8.176796601443159e-05,3.9738081848863724e-05,0.00015167050939135854
3,long_gt1000,23,3.324324324324324,-8.260042204236498e-05,4.062145970657599e-05,0.00015365017547673814
3,long_gt1000,23,3.3228228228228227,-8.312258652589354e-05,4.18283914116694e-05,0.00015536261265811004
3,long_gt1000,23,3.3213213213213213,-8.328936925095561e-05,4.297122482213242e-05,0.00015665467226998707
3,long_gt1000,23,3.31981981981982,-8.309918653890986e-05,4.366230779596046e-05,0.00015738689469101553
3,long_gt1000,23,3.3183183183183185,-8.266146223003847e-05,4.351398819114026e-05,0.00015691640353693824
3,long_gt1000,23,3.3168168168168166,-8.208731605094128e-05,4.2144320159274995e-05,0.00015603174743948622
3,long_gt1000,23,3.315315315315315,-8.14362907953477e-05,3.945559128324706e-05,0.0001549416929449701
3,long_gt1000,23,3.313813813813814,-8.081225562965588e-05,3.583573791027597e-05,0.00015369088448716813
3,long_gt1000,23,3.3123123123123124,-8.04030681376515e-05,3.1727447605942385e-05,0.0001523537273253198
3,long_gt1000,23,3.310810810810811,-8.040437845452473e-05,2.7573407935820027e-05,0.0001521500369329222
3,long_gt1000,23,3.309309309309309,-8.090260125323545e-05,3.077255096033994e-05,0.00015386247048593694
3,long_gt1000,23,3.3078078078078077,-8.18518682129954e-05,2.8207367428628033e-05,0.00015576604705722866
3,long_gt1000,23,3.3063063063063063,-8.323090047467844e-05,2.5208441685277416e-05,0.00015745221247074736
3,long_gt1000,23,3.304804804804805,-8.505660297653678e-05,2.2457378041174786e-05,0.0001583105468265537
3,long_gt1000,23,3.3033033033033035,-8.726755621721923e-05,2.0045579802643182e-05,0.00015903789525689108
3,long_gt1000,23,3.3018018018018016,-8.968617064454478e-05,2.0491130012411513e-05,0.00015965226013846517
3,long_gt1000,23,3.3003003003003,-9.211705307850607e-05,2.0664875406275346e-05,0.00016027774546265548
3,long_gt1000,23,3.298798798798799,-9.450815531616193e-05,1.6541203507153962e-05,0.00016102950489388108
3,long_gt1000,23,3.2972972972972974,-9.68979989266084e-05,1.5589392949931155e-05,0.0001597457916276239
3,long_gt1000,23,3.295795795795796,-9.926873040357227e-05,1.592158701592926e-05,0.0001579213850176342
3,long_gt1000,23,3.294294294294294,-0.00010157340587873057,1.6474580852861298e-05,0.0001560701832571676
3,long_gt1000,23,3.2927927927927927,-0.00010381780554940493,1.696600372282607e-05,0.00015456210462264173
3,long_gt1000,23,3.2912912912912913,-0.00010607096820289003,1.7113484887931046e-05,0.00015366978930760923
3,long_gt1000,23,3.28978978978979,-0.00010836157603384428,1.663465361027676e-05,0.000153440040277948
3,long_gt1000,23,3.2882882882882885,-0.00011049536373814936,1.524706423040173e-05,0.00015385444618322072
3,long_gt1000,23,3.2867867867867866,-0.00011224873233908576,1.2774387728335668e-05,0.00015469107261248134
3,long_gt1000,23,3.285285285285285,-0.00011353282584723214,9.396774720353898e-06,0.00015565195948382456
3,long_gt1000,23,3.2837837837837838,-0.00011389230090514974,5.36748704985969e-06,0.0001564615395907706
3,long_gt1000,23,3.2822822822822824,-0.00011391885338701748,1.2117953851892294e-06,0.00015692577013285552
3,long_gt1000,23,3.280780780780781,-0.00011402556260643043,-3.790087725434599e-07,0.0001571233985824096
3,long_gt1000,23,3.279279279279279,-0.00011427943295967864,-4.30860431033242e-06,0.00015740693137777408
3,long_gt1000,23,3.2777777777777777,-0.0001140185888599387,-8.257710524910838e-06,0.0001581180733101267
3,long_gt1000,23,3.2762762762762763,-0.00011421529179436903,-8.874997682983832e-06,0.00015948977812660532
3,long_gt1000,23,3.274774774774775,-0.00011517088375604008,-8.867505320156455e-06,0.00016169709841343076
3,long_gt1000,23,3.2732732732732734,-0.0001171030975687451,-1.120859501870311e-05,0.00016488296187255023
3,long_gt1000,23,3.2717717717717716,-0.0001201374069164686,-1.3458492300787855e-05,0.0001690814078905544
3,long_gt1000,23,3.27027027027027,-0.00012437441853708868,-1.553582669204523e-05,0.00017379575738950444
3,long_gt1000,23,3.2687687687687688,-0.0001296878745254467,-1.735922771811324e-05,0.00017826378978644253
3,long_gt1000,23,3.2672672672672673,-0.00013476638334121611,-1.8869206114494746e-05,0.00018194084535884912
3,long_gt1000,23,3.265765765765766,-0.00013922712552083896,-2.0314079550456943e-05,0.00018459563914940622
3,long_gt1000,23,3.264264264264264,-0.00014381585560441397,-2.1958393526998188e-05,0.00018503360594047426
3,long_gt1000,23,3.2627627627627627,-0.0001484832025908673,-2.3977371577100365e-05,0.0001841365152033727
3,long_gt1000,23,3.2612612612612613,-0.0001531693832027732,-2.684814560992635e-05,0.00018290112574804313
3,long_gt1000,23,3.25975975975976,-0.00015771780257039202,-3.231288169129251e-05,0.00018149530536382304
3,long_gt1000,23,3.2582582582582584,-0.00016196331671007765,-3.5922546217245777e-05,0.00018008653418251884
3,long_gt1000,23,3.2567567567567566,-0.0001657410280505988,-4.0093215854544034e-05,0.00017855655041828025
3,long_gt1000,23,3.255255255255255,-0.00016897512865263718,-4.5211646153568014e-05,0.00017694771217863746
3,long_gt1000,23,3.2537537537537538,-0.00017185440002535392,-5.003403591628125e-05,0.00017577763929143946
3,long_gt1000,23,3.2522522522522523,-0.00017466384726597464,-5.57576202169785e-05,0.0001752287751371085
3,long_gt1000,23,3.250750750750751,-0.0001741220129555538,-6.196948265416169e-05,0.00017521583006070707
3,long_gt1000,23,3.249249249249249,-0.000173603724573472,-6.859392466160297e-05,0.00017515538513843132
3,long_gt1000,23,3.2477477477477477,-0.00017349121589103553,-7.228914144418938e-05,0.0001745455463811746
3,long_gt1000,23,3.2462462462462462,-0.00017404375634409892,-7.458136178850605e-05,0.0001733553192011343
3,long_gt1000,23,3.244744744744745,-0.00017550497359432662,-7.607954540134534e-05,0.00017171251706752343
3,long_gt1000,23,3.2432432432432434,-0.00017811616308908984,-7.756067544464201e-05,0.00016973660198569065
3,long_gt1000,23,3.2417417417417416,-0.00018196510151534916,-7.980435231280669e-05,0.00016753974553892874
3,long_gt1000,23,3.24024024024024,-0.00018681083375974433,-8.359017640026042e-05,0.00016554468696394417
3,long_gt1000,23,3.2387387387387387,-0.0001923501631174926,-8.969774810142425e-05,0.0001645032858536427
3,long_gt1000,23,3.2372372372372373,-0.0001983093514824029,-9.890437850160888e-05,0.0001650712077183522
3,long_gt1000,23,3.235735735735736,-0.0002051024073051813,-0.00011176328255435228,0.00016681930741790224
3,long_gt1000,23,3.234234234234234,-0.0002157005178308087,-0.00012766242914793308,0.00016683550930795925
3,long_gt1000,23,3.2327327327327327,-0.0002261283104933124,-0.0001437056686495533,0.0001701591824861525
3,long_gt1000,23,3.2312312312312312,-0.00023622150913628,-0.0001530264521216254,0.00017694418011728053
3,long_gt1000,23,3.22972972972973,-0.00024582149633659706,-0.00016308895168849064,0.00018392959203329153
3,long_gt1000,23,3.2282282282282284,-0.0002547700305905159,-0.00017396616818721872,0.00019027792619342662
3,long_gt1000,23,3.2267267267267266,-0.0002655876473432583,-0.00018635980542909547,0.0001951674816992148
3,long_gt1000,23,3.225225225225225,-0.0002798422528601241,-0.00020098787555046516,0.00019803980482318954
3,long_gt1000,23,3.2237237237237237,-0.00029698352285961044,-0.0002185624854732851,0.00019885351633722702
3,long_gt1000,23,3.2222222222222223,-0.00031971431428359787,-0.00023915814829492815,0.00019778778374503203
3,long_gt1000,23,3.220720720720721,-0.00034441059538614996,-0.0002548849903443659,0.00019504990852567926
3,long_gt1000,23,3.219219219219219,-0.00037121009786433845,-0.000262948512929885,0.0001908479358302493
3,long_gt1000,23,3.2177177177177176,-0.0004040407964886819,-0.0002713187302130146,0.00018538991802184365
3,long_gt1000,23,3.2162162162162162,-0.00044683037911275036,-0.0002812594180110553,0.0001790761801205333
3,long_gt1000,23,3.214714714714715,-0.0004774392858699801,-0.000295105006530183,0.0001731259764517143
3,long_gt1000,23,3.2132132132132134,-0.0005080333100539423,-0.00031388983439498835,0.00017019377914332182
3,long_gt1000,23,3.2117117117117115,-0.0005309600576215399,-0.0003385345176200802,0.00017207700184679667
3,long_gt1000,23,3.21021021021021,-0.0005579271500900131,-0.00036995967222006043,0.00017369292863889108
3,long_gt1000,23,3.2087087087087087,-0.0005855280238407264,-0.00040908601175704967,0.00017452233817901938
3,long_gt1000,23,3.2072072072072073,-0.0006178939709369224,-0.000456798856548625,0.00017393686059175364
3,long_gt1000,23,3.205705705705706,-0.0006616694173824204,-0.0004692062068831354,0.00018430097202992712
3,long_gt1000,23,3.204204204204204,-0.0007222087072903081,-0.00048194196934032985,0.00019848076657203936
3,long_gt1000,23,3.2027027027027026,-0.0007806623884431228,-0.0005103465177262595,0.00021358186462597933
3,long_gt1000,23,3.201201201201201,-0.000832386485511271,-0.0005607070647512744,0.00022553295183669678
3,long_gt1000,23,3.1996996996997,-0.0009013652726196433,-0.000607204766407167,0.00023060822556030328
3,long_gt1000,23,3.198198198198198,-0.0009838175139473444,-0.0006353119941117091,0.00023241588790494025
3,long_gt1000,23,3.1966966966966965,-0.0010854335187073585,-0.0006715353047532305,0.000236646976824937
3,long_gt1000,23,3.195195195195195,-0.0012155303545540036,-0.0007243693039444901,0.0002450987194316939
3,long_gt1000,23,3.1936936936936937,-0.0013611949888789818,-0.0007962892942288552,0.00024952038309541263
3,long_gt1000,23,3.1921921921921923,-0.0015190906944073657,-0.0008747317166988497,0.000244118705649235
3,long_gt1000,23,3.1906906906906904,-0.0016698676964005572,-0.0009535364887953979,0.0002343648632525397
3,long_gt1000,23,3.189189189189189,-0.001839809960658384,-0.0010358055553813528,0.00022469518219716753
3,long_gt1000,23,3.1876876876876876,-0.0020317406186062467,-0.001130160371612357,0.00021991274039877273
3,long_gt1000,23,3.186186186186186,-0.002220866108919285,-0.001241260764219848,0.0002623215013903314
3,long_gt1000,23,3.184684684684685,-0.0024628402023193843,-0.0013446284862545926,0.00030754689138629
3,long_gt1000,23,3.183183183183183,-0.002748263533967371,-0.0014288864843590432,0.00035488807208371165
3,long_gt1000,23,3.1816816816816815,-0.0030275105686441636,-0.0015137868674124644,0.00040041892793760137
3,long_gt1000,23,3.18018018018018,-0.003353719044211334,-0.0016650974758481152,0.0004515958788030988
3,long_gt1000,23,3.1786786786786787,-0.0036378749799336543,-0.0018774613006258406,0.00040716369311859235
3,long_gt1000,23,3.1771771771771773,-0.004020676068436604,-0.00197157741531466,0.0004564824620460761
3,long_gt1000,23,3.1756756756756754,-0.004502156086767704,-0.0021171711122463105,0.0006196390345954914
3,long_gt1000,23,3.174174174174174,-0.004684465140026309,-0.0022817153465175682,0.0007307983111615457
3,long_gt1000,23,3.1726726726726726,-0.00499002571767302,-0.0026816673109601175,0.0008506646511023744
3,long_gt1000,23,3.171171171171171,-0.005415730038273038,-0.0029423523147171504,0.0009452550451417921
3,long_gt1000,23,3.16966966966967,-0.0058454941721465675,-0.003171874849098616,0.0009091440257872063
3,long_gt1000,23,3.168168168168168,-0.0062635432571447325,-0.003676951534431483,0.0008732857088274426
3,long_gt1000,23,3.1666666666666665,-0.006640716043770298,-0.003877060622886841,0.0009646620294937458
3,long_gt1000,23,3.165165165165165,-0.007035217838490537,-0.004193628214307993,0.0011820453713688728
3,long_gt1000,23,3.1636636636636637,-0.007383119342141989,-0.004333780819162691,0.0013290726692464644
3,long_gt1000,23,3.1621621621621623,-0.007726967509301158,-0.004516988921906523,0.0013505923287477073
3,long_gt1000,23,3.1606606606606604,-0.008174145873972277,-0.004846406968425171,0.0013407635454480427
3,long_gt1000,23,3.159159159159159,-0.0085358252287423,-0.005178231956445151,0.0012720425815980624
3,long_gt1000,23,3.1576576576576576,-0.00857414857476882,-0.005369076920348603,0.0012384448291910544
3,long_gt1000,23,3.156156156156156,-0.008659515013553679,-0.0055265263420613,0.0014054152284268123
3,long_gt1000,23,3.1546546546546548,-0.008942996238672049,-0.00585363027300137,0.0015850877581989053
3,long_gt1000,23,3.153153153153153,-0.009283476723485368,-0.006237638311270138,0.0014073036978033415
3,long_gt1000,23,3.1516516516516515,-0.009694495129211778,-0.006492946978447989,0.0012167804620549783
3,long_gt1000,23,3.15015015015015,-0.010093042889452036,-0.006734908046817312,0.001036181346583176
3,long_gt1000,23,3.1486486486486487,-0.010437214360995095,-0.007009511904010113,0.0007222206861083602
3,long_gt1000,23,3.1471471471471473,-0.010695189298388003,-0.007187792826821249,0.0003830823527836147
3,long_gt1000,23,3.1456456456456454,-0.010916417367821951,-0.007318236670954437,1.0934719066268972e-05
3,long_gt1000,23,3.144144144144144,-0.011098967696095918,-0.00752259167782765,-0.00036065881661317967
3,long_gt1000,23,3.1426426426426426,-0.011264151531847594,-0.00788133981169653,-0.0007850153186429176
3,long_gt1000,23,3.141141141141141,-0.011478281073984492,-0.00819476145454745,-0.0011603562023594916
3,long_gt1000,23,3.1396396396396398,-0.011692651499926293,-0.008416039169143075,-0.001176196201098073
3,long_gt1000,23,3.138138138138138,-0.011865376547723988,-0.008560859848562419,-0.0010287674381864453
3,long_gt1000,23,3.1366366366366365,-0.012022055120766512,-0.008689667418806779,-0.0009536925807212548
3,long_gt1000,23,3.135135135135135,-0.012174357995786061,-0.008809695444898291,-0.0007700221161698328
3,long_gt1000,23,3.1336336336336337,-0.012313444028291598,-0.008926273870302426,-0.0006480937782227247
3,long_gt1000,23,3.1321321321321323,-0.012437115713470698,-0.00906285010207164,-0.0006398957926973536
3,long_gt1000,23,3.1306306306306304,-0.012580277543427165,-0.009181524368390703,-0.0008498496401196376
3,long_gt1000,23,3.129129129129129,-0.012722011281403711,-0.009263857633538652,-0.0011525540164499248
3,long_gt1000,23,3.1276276276276276,-0.012924357039988676,-0.009382373951072831,-0.0014590409321734443
3,long_gt1000,23,3.126126126126126,-0.013142581172700368,-0.009497213831776152,-0.0017683709481143284
3,long_gt1000,23,3.1246246246246248,-0.013330327475661402,-0.00961654086138003,-0.0019414330414240233
3,long_gt1000,23,3.123123123123123,-0.0135573612890037,-0.009751824759814176,-0.00194305963558708
3,long_gt1000,23,3.1216216216216215,-0.013793910237481721,-0.009871003158493707,-0.0020528248243384395
3,long_gt1000,23,3.12012012012012,-0.01400702155617084,-0.009964596221954392,-0.002276471072691383
3,long_gt1000,23,3.1186186186186187,-0.014237244076140299,-0.010076609545159432,-0.00256637071624935
3,long_gt1000,23,3.1171171171171173,-0.014478224980001092,-0.010213049297479848,-0.0028801493150168445
3,long_gt1000,23,3.1156156156156154,-0.014632310286785327,-0.010346742158275857,-0.0030673346331168694
3,long_gt1000,23,3.114114114114114,-0.014783232518930683,-0.010452481248165058,-0.003220485783037158
3,long_gt1000,23,3.1126126126126126,-0.015004843673773027,-0.010605286800450586,-0.0034588691395527893
3,long_gt1000,23,3.111111111111111,-0.015188972305000548,-0.010878583086253668,-0.0036636648366941693
3,long_gt1000,23,3.1096096096096097,-0.015367996237246134,-0.011131241514286183,-0.0038248743247526473
3,long_gt1000,23,3.108108108108108,-0.015560528761926928,-0.011320014298758063,-0.003983625949401881
3,long_gt1000,23,3.1066066066066065,-0.01576959318874188,-0.011502621499525967,-0.004309203129713418
3,long_gt1000,23,3.105105105105105,-0.01602446739146518,-0.011695903011264053,-0.004588122918367993
3,long_gt1000,23,3.1036036036036037,-0.01625811752028189,-0.011848431241379909,-0.0047946425786414
3,long_gt1000,23,3.1021021021021022,-0.016477639298874913,-0.011967298262441473,-0.005074689411996236
3,long_gt1000,23,3.1006006006006004,-0.016688484941860815,-0.012109681376907822,-0.005341271537327913
3,long_gt1000,23,3.099099099099099,-0.01686860864270967,-0.01220304625109414,-0.005465819309014963
3,long_gt1000,23,3.0975975975975976,-0.01697652328156285,-0.012289499186175723,-0.005604242364634693
3,long_gt1000,23,3.096096096096096,-0.017059555063834775,-0.012361211409234851,-0.005751625768092794
3,long_gt1000,23,3.0945945945945947,-0.017189977863409034,-0.0124814780119481,-0.005857195460347353
3,long_gt1000,23,3.093093093093093,-0.01734435148173169,-0.012793288081951015,-0.005986271619903949
3,long_gt1000,23,3.0915915915915915,-0.01754314255752165,-0.01305717116059002,-0.006188776369413396
3,long_gt1000,23,3.09009009009009,-0.01773821482901833,-0.013192076539172648,-0.00643308568780776
3,long_gt1000,23,3.0885885885885886,-0.01791722410638713,-0.013287162422485066,-0.006566524566778975
3,long_gt1000,23,3.0870870870870872,-0.01809391946170913,-0.013409988238425652,-0.006588103644479482
3,long_gt1000,23,3.0855855855855854,-0.01825472967803926,-0.013569463406883253,-0.006594462015252878
3,long_gt1000,23,3.084084084084084,-0.01840987624344903,-0.013745754221200057,-0.0066806680548916475
3,long_gt1000,23,3.0825825825825826,-0.018506642504448778,-0.013869031811884924,-0.006891165643032993
3,long_gt1000,23,3.081081081081081,-0.018611137557674295,-0.013952158286983818,-0.007150427490744682
3,long_gt1000,23,3.0795795795795797,-0.01872909854459015,-0.014041668642049587,-0.007307206977289149
3,long_gt1000,23,3.078078078078078,-0.018805989345417162,-0.01414085538928378,-0.007430225241786326
3,long_gt1000,23,3.0765765765765765,-0.018896588032686512,-0.014279184270721168,-0.007656541988280419
3,long_gt1000,23,3.075075075075075,-0.019102133756064066,-0.014451392109300687,-0.007858816206460673
3,long_gt1000,23,3.0735735735735736,-0.019319609074170463,-0.014580836166042555,-0.008035654941282222
3,long_gt1000,23,3.0720720720720722,-0.019478133989008717,-0.014657172283055298,-0.008205648053674353
3,long_gt1000,23,3.0705705705705704,-0.019602382327973955,-0.014744981407066926,-0.008317390032930805
3,long_gt1000,23,3.069069069069069,-0.019695539777770277,-0.014846293012737655,-0.00838271488796527
3,long_gt1000,23,3.0675675675675675,-0.0197548354952764,-0.014940410089588574,-0.008390018995471982
3,long_gt1000,23,3.066066066066066,-0.019831211077006805,-0.015000635883573255,-0.008440796650658777
3,long_gt1000,23,3.0645645645645647,-0.019923462878225162,-0.01503383397278113,-0.008601179848291007
3,long_gt1000,23,3.063063063063063,-0.020033362955690137,-0.015091693007469376,-0.008780871670025725
3,long_gt1000,23,3.0615615615615615,-0.020139409741614767,-0.015201618446975096,-0.008938805867702626
3,long_gt1000,23,3.06006006006006,-0.020222382705493425,-0.015307917772938273,-0.009076551033130043
3,long_gt1000,23,3.0585585585585586,-0.020302842895433326,-0.015375962649980535,-0.009235767802917794
3,long_gt1000,23,3.057057057057057,-0.020400932947856054,-0.015402251661692734,-0.009433744835563196
3,long_gt1000,23,3.0555555555555554,-0.02048414870898707,-0.015411229758997336,-0.00960606325199076
3,long_gt1000,23,3.054054054054054,-0.020573819527928194,-0.015439651687044087,-0.00972661602729824
3,long_gt1000,23,3.0525525525525525,-0.020677159615886287,-0.01550605214321743,-0.009840774685350051
3,long_gt1000,23,3.051051051051051,-0.020755323888242416,-0.015592165786238343,-0.009967089932121809
3,long_gt1000,23,3.0495495495495497,-0.0208172174902998,-0.01568864788685531,-0.01005257488661404
3,long_gt1000,23,3.048048048048048,-0.02087553891496835,-0.015795941371188005,-0.010110301383344011
3,long_gt1000,23,3.0465465465465464,-0.02095885400268649,-0.015877642811486625,-0.010151994891396565
3,long_gt1000,23,3.045045045045045,-0.021055134555832966,-0.015933092970857543,-0.0102043736736534
3,long_gt1000,23,3.0435435435435436,-0.02114223716374869,-0.015977232895562854,-0.010279502454845268
3,long_gt1000,23,3.042042042042042,-0.021213969738690774,-0.016010217627603684,-0.010399149763287763
3,long_gt1000,23,3.0405405405405403,-0.02126303556762199,-0.016045391786608243,-0.010563744401998365
3,long_gt1000,23,3.039039039039039,-0.021326485260598882,-0.01608580531181203,-0.01070941230652478
3,long_gt1000,23,3.0375375375375375,-0.02141619678918566,-0.016113358015072743,-0.010808404558721008
3,long_gt1000,23,3.036036036036036,-0.021498134771449295,-0.016137826064281158,-0.01086677261967961
3,long_gt1000,23,3.0345345345345347,-0.02156863450742963,-0.016172687689020138,-0.010922051609527972
3,long_gt1000,23,3.033033033033033,-0.021645775334129702,-0.016213820204656337,-0.010988803595458618
3,long_gt1000,23,3.0315315315315314,-0.02172716700830918,-0.016256538039173818,-0.011077748672410292
3,long_gt1000,23,3.03003003003003,-0.02182009455069478,-0.016292803361259822,-0.011188126797565645
3,long_gt1000,23,3.0285285285285286,-0.021899953186504284,-0.016337954487090856,-0.01129641740957732
3,long_gt1000,23,3.027027027027027,-0.021987827317820008,-0.01639142435625751,-0.011384924829381027
3,long_gt1000,23,3.0255255255255253,-0.022067700422623127,-0.016427979245747792,-0.011460553771359072
3,long_gt1000,23,3.024024024024024,-0.02215910715395103,-0.016458397248847678,-0.011525152035171349
3,long_gt1000,23,3.0225225225225225,-0.022247580718629534,-0.01650251889552512,-0.011590773467302085
3,long_gt1000,23,3.021021021021021,-0.022335025656137875,-0.016558317008164236,-0.011666632462517368
3,long_gt1000,23,3.0195195195195197,-0.02238833367744647,-0.01661295279923336,-0.011744880977009875
3,long_gt1000,23,3.018018018018018,-0.022412872734200284,-0.0166519882932068,-0.011860049688975194
3,long_gt1000,23,3.0165165165165164,-0.02244682810701132,-0.01667409175302581,-0.012048782986889273
3,long_gt1000,23,3.015015015015015,-0.02250395164593394,-0.01669865445214236,-0.01225195465993345
3,long_gt1000,23,3.0135135135135136,-0.02257742003649399,-0.016741499724474584,-0.012415016845078342
3,long_gt1000,23,3.012012012012012,-0.022660971555227616,-0.01679389029252709,-0.012551665711266813
3,long_gt1000,23,3.0105105105105103,-0.02275036295900762,-0.01683656612068296,-0.012667692818393028
3,long_gt1000,23,3.009009009009009,-0.022843030050415547,-0.016897051595140433,-0.01274723213479545
3,long_gt1000,23,3.0075075075075075,-0.022930636233549295,-0.01693636276646815,-0.012808255876626151
3,long_gt1000,23,3.006006006006006,-0.023000531343227493,-0.01692864192134469,-0.012886962719631745
3,long_gt1000,23,3.0045045045045047,-0.02304906494350334,-0.016953064653310035,-0.012986339208976683
3,long_gt1000,23,3.003003003003003,-0.02308343711701477,-0.01701742263406547,-0.01308093993235071
3,long_gt1000,23,3.0015015015015014,-0.023118510670831927,-0.01710527730359368,-0.01316126236862325
3,long_gt1000,23,3.0,-0.02316671884716842,-0.017214711097657043,-0.013234975312949038
3,long_gt1000,23,2.9984984984984986,-0.02322573075415929,-0.017314456140074985,-0.013304856637942397
3,long_gt1000,23,2.996996996996997,-0.023274806585635077,-0.017366320609334296,-0.013368712160279739
3,long_gt1000,23,2.9954954954954953,-0.023297934805456444,-0.01735405676407853,-0.013440038589146885
3,long_gt1000,23,2.993993993993994,-0.023304473047776053,-0.017318298965804835,-0.013543618845422545
3,long_gt1000,23,2.9924924924924925,-0.023314863999357838,-0.01734974702911507,-0.013686378789455056
3,long_gt1000,23,2.990990990990991,-0.023339420431718716,-0.017403454642799243,-0.013843182355196493
3,long_gt1000,23,2.9894894894894897,-0.023374470130078318,-0.01744964754785061,-0.013986145080708834
3,long_gt1000,23,2.987987987987988,-0.023414262228978244,-0.017533310943518288,-0.014092917326751497
3,long_gt1000,23,2.9864864864864864,-0.02345274232571648,-0.017628771594241255,-0.014152606901503051
3,long_gt1000,23,2.984984984984985,-0.023483174146250507,-0.017711865810308147,-0.014179336641663598
3,long_gt1000,23,2.9834834834834836,-0.02349949863666434,-0.01777197593543245,-0.014208413755958771
3,long_gt1000,23,2.981981981981982,-0.023504080921861015,-0.017825112991283754,-0.014272044583672872
3,long_gt1000,23,2.9804804804804803,-0.02350577818510452,-0.01790025879611823,-0.014374624635919875
3,long_gt1000,23,2.978978978978979,-0.02351337881794935,-0.01801677048753836,-0.014459174812639752
3,long_gt1000,23,2.9774774774774775,-0.023528454722061665,-0.01814852208982687,-0.01451947926892
3,long_gt1000,23,2.975975975975976,-0.02354520943367927,-0.018254788171984337,-0.014562328947791914
3,long_gt1000,23,2.9744744744744747,-0.023556995191405028,-0.018305712507772465,-0.014589423759828857
3,long_gt1000,23,2.972972972972973,-0.023560610392472536,-0.018321775248872352,-0.01461502186114827
3,long_gt1000,23,2.9714714714714714,-0.023558767943802073,-0.018337992035774908,-0.014649826856581838
3,long_gt1000,23,2.96996996996997,-0.02355633972919624,-0.01838610155808229,-0.014697439156193814
3,long_gt1000,23,2.9684684684684686,-0.023557837194064568,-0.018462513740937103,-0.014748414173926916
3,long_gt1000,23,2.966966966966967,-0.023564268395632415,-0.018542001971813105,-0.014791393157226052
3,long_gt1000,23,2.9654654654654653,-0.023571705293111922,-0.018599155809080115,-0.014818068236130744
3,long_gt1000,23,2.963963963963964,-0.02357476283019816,-0.01862148422331611,-0.014837509187158537
3,long_gt1000,23,2.9624624624624625,-0.023568802837395764,-0.01862448403921446,-0.014863773633662314
3,long_gt1000,23,2.960960960960961,-0.023553364114905773,-0.01862768620171773,-0.01491188450520553
3,long_gt1000,23,2.9594594594594597,-0.023534429688747638,-0.018648771186826063,-0.014973784595883166
3,long_gt1000,23,2.957957957957958,-0.023519289661636023,-0.018687407954758872,-0.015034710048273003
3,long_gt1000,23,2.9564564564564564,-0.023513626197348425,-0.018732489559222798,-0.015078916500174788
3,long_gt1000,23,2.954954954954955,-0.02352036126281093,-0.018772733460700186,-0.01510804129225135
3,long_gt1000,23,2.9534534534534536,-0.02353606028178412,-0.01879998997531851,-0.015129098492073778
3,long_gt1000,23,2.951951951951952,-0.023555556025580016,-0.018818725892931654,-0.015151669768006693
3,long_gt1000,23,2.9504504504504503,-0.023575107594010436,-0.018837127310105894,-0.015183241394323976
3,long_gt1000,23,2.948948948948949,-0.023591413946383477,-0.018863383296639058,-0.015224185680839497
3,long_gt1000,23,2.9474474474474475,-0.023602488695061097,-0.018903138214265813,-0.015274076087158028
3,long_gt1000,23,2.945945945945946,-0.023609443424102927,-0.018954045122407948,-0.015329331024052484
3,long_gt1000,23,2.9444444444444446,-0.023613256113615422,-0.019011627149235655,-0.015384248440537207
3,long_gt1000,23,2.942942942942943,-0.02361343407851163,-0.019071392158380496,-0.015435780785283126
3,long_gt1000,23,2.9414414414414414,-0.02361098459731248,-0.019129699586291404,-0.01548223296953588
3,long_gt1000,23,2.93993993993994,-0.0236064116586176,-0.019186081083350737,-0.015515625793101062
3,long_gt1000,23,2.9384384384384385,-0.02359933918061663,-0.019239479892348643,-0.015546869301739874
3,long_gt1000,23,2.936936936936937,-0.023589629744132923,-0.01928867127245304,-0.015583172318624716
3,long_gt1000,23,2.9354354354354353,-0.02357802174146051,-0.019332429096629022,-0.015627874956893772
3,long_gt1000,23,2.933933933933934,-0.023565033991435613,-0.01936952957912541,-0.015678588628751655
3,long_gt1000,23,2.9324324324324325,-0.023551172804928577,-0.019400427108977714,-0.01572924599234915
3,long_gt1000,23,2.930930930930931,-0.023537049813509237,-0.01942744409768038,-0.015773600614118644
3,long_gt1000,23,2.9294294294294296,-0.02352325051355514,-0.019452992864250618,-0.01580555162800673
3,long_gt1000,23,2.9279279279279278,-0.02351016167420611,-0.01947935011308155,-0.015823736749020212
3,long_gt1000,23,2.9264264264264264,-0.02349798314074336,-0.019505452225660358,-0.015833465258163537
3,long_gt1000,23,2.924924924924925,-0.023486477770852332,-0.019528445988571397,-0.015841531254869645
3,long_gt1000,23,2.9234234234234235,-0.023475612821120206,-0.019547171101313987,-0.015854802026241177
3,long_gt1000,23,2.921921921921922,-0.023465507169834254,-0.019560553728591334,-0.015879112699616005
3,long_gt1000,23,2.9204204204204203,-0.023456215120366386,-0.019567557402019653,-0.01591423071736997
3,long_gt1000,23,2.918918918918919,-0.023447583523218296,-0.01957040178437286,-0.0159570842508448
3,long_gt1000,23,2.9174174174174174,-0.023439331732310942,-0.019575574835867027,-0.016003218614651593
3,long_gt1000,23,2.915915915915916,-0.023431108671111867,-0.01958598479112328,-0.01604797988056733
3,long_gt1000,23,2.9144144144144146,-0.023422080775131082,-0.019603809023691188,-0.016087195804722787
3,long_gt1000,23,2.9129129129129128,-0.023411007160912656,-0.019631224907120215,-0.01612063866017266
3,long_gt1000,23,2.9114114114114114,-0.023396606618563576,-0.019669998933652066,-0.016150099318584854
3,long_gt1000,23,2.90990990990991,-0.02337732611368737,-0.01971651038618283,-0.016178249608879203
3,long_gt1000,23,2.9084084084084085,-0.023351531636030376,-0.01976422232491215,-0.016208494834278053
3,long_gt1000,23,2.906906906906907,-0.023318272267784657,-0.019808874626006112,-0.016244023784130757
3,long_gt1000,23,2.9054054054054053,-0.023277254957397076,-0.019846599611026194,-0.01628522564437146
3,long_gt1000,23,2.903903903903904,-0.02322903902187967,-0.0198735296015341,-0.016329758402514993
3,long_gt1000,23,2.9024024024024024,-0.023174369600257316,-0.019885925647910252,-0.016375046366065682
3,long_gt1000,23,2.900900900900901,-0.023125260784534085,-0.019883949281356172,-0.01641795387586209
3,long_gt1000,23,2.8993993993993996,-0.023125948092707405,-0.01987218472515906,-0.016454743615599787
3,long_gt1000,23,2.8978978978978978,-0.02312290815325513,-0.01985452178557967,-0.016482652528845843
3,long_gt1000,23,2.8963963963963963,-0.023116820511160596,-0.019834258061802945,-0.016501834528836967
3,long_gt1000,23,2.894894894894895,-0.023108796499735296,-0.019814682047115117,-0.01651445139318536
3,long_gt1000,23,2.8933933933933935,-0.02310002887466306,-0.019799082234802312,-0.01652279141965879
3,long_gt1000,23,2.891891891891892,-0.023091690130798648,-0.01979031517866292,-0.01652926850683445
3,long_gt1000,23,2.8903903903903903,-0.02308420207517614,-0.019787062583934034,-0.016536923672983594
3,long_gt1000,23,2.888888888888889,-0.023077368509440033,-0.019785901893562663,-0.01654871077559822
3,long_gt1000,23,2.8873873873873874,-0.0230712842361378,-0.019801900296825825,-0.01656610093038091
3,long_gt1000,23,2.885885885885886,-0.023038727267161163,-0.019842070916805454,-0.01658790325221121
3,long_gt1000,23,2.8843843843843846,-0.023006521067192698,-0.019881152930033674,-0.0166125231978691
3,long_gt1000,23,2.8828828828828827,-0.022973518554157024,-0.019917412888802333,-0.016626512016623796
3,long_gt1000,23,2.8813813813813813,-0.022937449097687967,-0.019950775551742073,-0.016623174885214975
3,long_gt1000,23,2.87987987987988,-0.022896564242607775,-0.019981791165560425,-0.01662140229036979
3,long_gt1000,23,2.8783783783783785,-0.022849436991701888,-0.020010085597173988,-0.016620076946580464
3,long_gt1000,23,2.876876876876877,-0.022795509800841662,-0.020034972252909067,-0.01661808156833916
3,long_gt1000,23,2.8753753753753752,-0.02274460954179014,-0.020055764306060264,-0.0166142988701381
3,long_gt1000,23,2.873873873873874,-0.02269845304049395,-0.02007177500264623,-0.016607643507390746
3,long_gt1000,23,2.8723723723723724,-0.022650074081980553,-0.0200824640645616,-0.016597654760291736
3,long_gt1000,23,2.870870870870871,-0.022600279974890003,-0.02008774704846139,-0.016584686587718722
3,long_gt1000,23,2.8693693693693696,-0.022549878008035762,-0.020088221697544095,-0.016569176617332593
3,long_gt1000,23,2.8678678678678677,-0.022499616034605652,-0.020085874757375777,-0.016551550249202795
3,long_gt1000,23,2.8663663663663663,-0.022449658396423933,-0.020082890956094945,-0.016532232883398834
3,long_gt1000,23,2.864864864864865,-0.022400064016590227,-0.02008145502184,-0.0165116499199901
3,long_gt1000,23,2.8633633633633635,-0.022350642735431248,-0.02008371321975644,-0.016490128861013642
3,long_gt1000,23,2.861861861861862,-0.022301065771727246,-0.02009048467430974,-0.016467445044302143
3,long_gt1000,23,2.8603603603603602,-0.022251003734091668,-0.020100933860036974,-0.016443496833538074
3,long_gt1000,23,2.858858858858859,-0.022200120930991607,-0.020113608623855916,-0.016418363264940006
3,long_gt1000,23,2.8573573573573574,-0.022148035946556455,-0.020126535415542213,-0.016392126615406066
3,long_gt1000,23,2.855855855855856,-0.022094840527917436,-0.020137717608444183,-0.016364869161834716
3,long_gt1000,23,2.8543543543543546,-0.022040800454639187,-0.020145158575909705,-0.016336673796255585
3,long_gt1000,23,2.8528528528528527,-0.021985918914529945,-0.020147005721674938,-0.016307794643319273
3,long_gt1000,23,2.8513513513513513,-0.021930150325244202,-0.020142872440894077,-0.01627866029473546
3,long_gt1000,23,2.84984984984985,-0.02187344910443695,-0.020133220064262547,-0.016249473955226912
3,long_gt1000,23,2.8483483483483485,-0.021815804928838167,-0.020118466886471675,-0.016220424516558085
3,long_gt1000,23,2.846846846846847,-0.021757410791667542,-0.020099007748304976,-0.01619170087049382
3,long_gt1000,23,2.8453453453453452,-0.021697777061291168,-0.02007523739274597,-0.016163491908798844
3,long_gt1000,23,2.843843843843844,-0.02163661201367595,-0.020047550566393624,-0.01613597136546613
3,long_gt1000,23,2.8423423423423424,-0.02157428749099638,-0.020016440818316217,-0.01610899356504819
3,long_gt1000,23,2.840840840840841,-0.021511212659151735,-0.019982758354217145,-0.01608195562942294
3,long_gt1000,23,2.8393393393393396,-0.021447796612414027,-0.019947489243110073,-0.016053955170782896
3,long_gt1000,23,2.8378378378378377,-0.02138432299585802,-0.019911771290109237,-0.016024063136094113
3,long_gt1000,23,2.8363363363363363,-0.02132029368516153,-0.019876768020183122,-0.015991350472322807
3,long_gt1000,23,2.834834834834835,-0.021255326778157835,-0.0198436429583001,-0.015954888126434974
3,long_gt1000,23,2.8333333333333335,-0.021188336054828505,-0.019813541329973927,-0.015913828768457094
3,long_gt1000,23,2.831831831831832,-0.021117644777752465,-0.01978646576219245,-0.015868035033239636
3,long_gt1000,23,2.83033033033033,-0.021041564384470746,-0.019760630547625446,-0.015818473107171938
3,long_gt1000,23,2.828828828828829,-0.02095840963435558,-0.019734431999577917,-0.0157664896625479
3,long_gt1000,23,2.8273273273273274,-0.020867408537626198,-0.019706705365271193,-0.01571343661914365
3,long_gt1000,23,2.825825825825826,-0.020772542580280606,-0.019676314989759636,-0.015660665896735093
3,long_gt1000,23,2.8243243243243246,-0.020679603031009797,-0.019642125218098272,-0.015609529087556029
3,long_gt1000,23,2.8228228228228227,-0.020614920121162394,-0.019603173174324917,-0.015561143020372648
3,long_gt1000,23,2.8213213213213213,-0.02055268662345905,-0.019560875174352566,-0.015515644376989546
3,long_gt1000,23,2.81981981981982,-0.020493112860604568,-0.019518255062989986,-0.015472307844613842
3,long_gt1000,23,2.8183183183183185,-0.02045560195323959,-0.019477164445742434,-0.01543027395023494
3,long_gt1000,23,2.816816816816817,-0.02046415780600286,-0.019435299560286334,-0.015388683206062348
3,long_gt1000,23,2.815315315315315,-0.020492005103872946,-0.019369069927391402,-0.015346676124305625
3,long_gt1000,23,2.813813813813814,-0.020526999345203856,-0.0193013653822266,-0.015303402784422493
3,long_gt1000,23,2.8123123123123124,-0.020557310843734578,-0.019232681352279513,-0.015258358996023014
3,long_gt1000,23,2.810810810810811,-0.020571164097919592,-0.019163512789646342,-0.015211610282918786
3,long_gt1000,23,2.8093093093093096,-0.02055678361435237,-0.01909435464642273,-0.015163540166678258
3,long_gt1000,23,2.8078078078078077,-0.020502463932029813,-0.019025660244635922,-0.015114570102586877
3,long_gt1000,23,2.8063063063063063,-0.020403109786615803,-0.018957483654244434,-0.015065121545930482
3,long_gt1000,23,2.804804804804805,-0.020269507394988007,-0.018889713233860017,-0.015015615951994632
3,long_gt1000,23,2.8033033033033035,-0.02011397013330568,-0.018822415099315926,-0.014966441808498598
3,long_gt1000,23,2.801801801801802,-0.019947799535780075,-0.018755691096947524,-0.014917749270058345
3,long_gt1000,23,2.8003003003003,-0.01978224604394857,-0.018689643073090734,-0.01486962397377678
3,long_gt1000,23,2.798798798798799,-0.019653597865290584,-0.01862437287405061,-0.014822015161442825
3,long_gt1000,23,2.7972972972972974,-0.019582382546827093,-0.018559953659719186,-0.014774863977370378
3,long_gt1000,23,2.795795795795796,-0.019509741121756574,-0.018496347132588298,-0.014728111565873114
3,long_gt1000,23,2.7942942942942945,-0.019435113220223288,-0.01843347643932558,-0.01468169907133171
3,long_gt1000,23,2.7927927927927927,-0.019359621908484004,-0.018371247336211427,-0.014635587539887807
3,long_gt1000,23,2.7912912912912913,-0.019284862136314307,-0.018309564149127544,-0.014589723990055481
3,long_gt1000,23,2.78978978978979,-0.019212143841563445,-0.01824833120395475,-0.01454409521895672
3,long_gt1000,23,2.7882882882882885,-0.01914277268650405,-0.01818745384761833,-0.014498759785952164
3,long_gt1000,23,2.786786786786787,-0.019077941476557614,-0.01812689909963827,-0.014453776526256346
3,long_gt1000,23,2.785285285285285,-0.019018305281589876,-0.01806671765522927,-0.014409204275084464
3,long_gt1000,23,2.7837837837837838,-0.01896389017799799,-0.018006798634467747,-0.014365101768705701
3,long_gt1000,23,2.7822822822822824,-0.018912939332652257,-0.017946906288885622,-0.014321502799230001
3,long_gt1000,23,2.7807807807807805,-0.018864960399223252,-0.01788680197995085,-0.014278170777539456
3,long_gt1000,23,2.7792792792792795,-0.01882198009660041,-0.01782624706913094,-0.014234576767630291
3,long_gt1000,23,2.7777777777777777,-0.018776471568864528,-0.017765023379800682,-0.01419016512554283
3,long_gt1000,23,2.7762762762762763,-0.01872675649312372,-0.01770316556053786,-0.014144380207316898
3,long_gt1000,23,2.774774774774775,-0.018671582643734363,-0.017640880954025162,-0.01409666636899265
3,long_gt1000,23,2.773273273273273,-0.018610480369505578,-0.017578393652439628,-0.014046472567562418
3,long_gt1000,23,2.771771771771772,-0.01854461674219937,-0.017515932935733503,-0.013993480570159256
3,long_gt1000,23,2.77027027027027,-0.018475917667695574,-0.017453728094346754,-0.013938233406317113
3,long_gt1000,23,2.7687687687687688,-0.018406221077850005,-0.017392008418719573,-0.013881653430955931
3,long_gt1000,23,2.7672672672672673,-0.018337011265755154,-0.017330931006918737,-0.013824674000938841
3,long_gt1000,23,2.7657657657657655,-0.018269746087857197,-0.017270308622687525,-0.013768228473128807
3,long_gt1000,23,2.7642642642642645,-0.018205871209935054,-0.01721004843869478,-0.013713250204388294
3,long_gt1000,23,2.7627627627627627,-0.018145974271893406,-0.017150549616055777,-0.013660649555982896
3,long_gt1000,23,2.7612612612612613,-0.018089374676082737,-0.017092286748375374,-0.013610810371785242
3,long_gt1000,23,2.75975975975976,-0.018035003862335974,-0.017035734429259763,-0.013562920019060232
3,long_gt1000,23,2.758258258258258,-0.017981839469270344,-0.016981366724770908,-0.013515856395263204
3,long_gt1000,23,2.756756756756757,-0.017928937459455674,-0.016929599310020693,-0.013468495494738275
3,long_gt1000,23,2.755255255255255,-0.017875563648090398,-0.01688071784949674,-0.013419713311829673
3,long_gt1000,23,2.7537537537537538,-0.017821090620559255,-0.01683447749783462,-0.013368385795861415
3,long_gt1000,23,2.7522522522522523,-0.017764655627312442,-0.016790072090025365,-0.013313405818220936
3,long_gt1000,23,2.7507507507507505,-0.017710158415985888,-0.0167466673956973,-0.013254661560867853
3,long_gt1000,23,2.7492492492492495,-0.017657566980524175,-0.016703429184478313,-0.013193677753865263
3,long_gt1000,23,2.7477477477477477,-0.017606269805768737,-0.016659530688083235,-0.013132194754401416
3,long_gt1000,23,2.7462462462462462,-0.017555120624959675,-0.01661429368265921,-0.013071952920022722
3,long_gt1000,23,2.744744744744745,-0.01750294431923477,-0.016567201876013238,-0.013014692608276479
3,long_gt1000,23,2.743243243243243,-0.017448565687951778,-0.016517960380415087,-0.012962158352806452
3,long_gt1000,23,2.741741741741742,-0.017390875546362428,-0.016466384480556595,-0.012916060455710698
3,long_gt1000,23,2.74024024024024,-0.0173292999117326,-0.016412290336369928,-0.012876301171768523
3,long_gt1000,23,2.7387387387387387,-0.017263739913378706,-0.016355494107787916,-0.012841053761362242
3,long_gt1000,23,2.7372372372372373,-0.01719548810438204,-0.016295874515741104,-0.012808385233865849
3,long_gt1000,23,2.7357357357357355,-0.01712647931865513,-0.01623368983374962,-0.012776362598654556
3,long_gt1000,23,2.7342342342342345,-0.017058659262690234,-0.016169514403065355,-0.012743052865103022
3,long_gt1000,23,2.7327327327327327,-0.01699397278399617,-0.01610455973544256,-0.0127064964630903
3,long_gt1000,23,2.7312312312312312,-0.016934091703541432,-0.016040183292414856,-0.012664803611828424
3,long_gt1000,23,2.72972972972973,-0.0168799651122582,-0.01597774253551476,-0.01261797829330058
3,long_gt1000,23,2.728228228228228,-0.01683166459116081,-0.015918593184801155,-0.012567163764480638
3,long_gt1000,23,2.726726726726727,-0.01678729034242943,-0.015863706189830795,-0.012513529422663705
3,long_gt1000,23,2.725225225225225,-0.01674448197474543,-0.0158131813510638,-0.01245824466514489
3,long_gt1000,23,2.7237237237237237,-0.016700878421225807,-0.015766460301978258,-0.012402478889219415
3,long_gt1000,23,2.7222222222222223,-0.016652195062843933,-0.015721963616730728,-0.012347456817687008
3,long_gt1000,23,2.7207207207207205,-0.016595631479160877,-0.015677998265309467,-0.01229466458596118
3,long_gt1000,23,2.7192192192192195,-0.01653666389754682,-0.015632871217703403,-0.012244628441073546
3,long_gt1000,23,2.7177177177177176,-0.01647467838430583,-0.015584906720054192,-0.012197357323390445
3,long_gt1000,23,2.7162162162162162,-0.016409232423112985,-0.015532972592123384,-0.012152858924183385
3,long_gt1000,23,2.714714714714715,-0.016336906513095162,-0.015476630613892484,-0.012111140934723652
3,long_gt1000,23,2.713213213213213,-0.016263958266662604,-0.015416548066904179,-0.012072210448925036
3,long_gt1000,23,2.7117117117117115,-0.016192442793303785,-0.015354371853909754,-0.012035888933954908
3,long_gt1000,23,2.71021021021021,-0.01612439946111066,-0.015291785091001708,-0.012001184354020533
3,long_gt1000,23,2.7087087087087087,-0.016061689808557156,-0.015230470894272763,-0.011966926253585197
3,long_gt1000,23,2.7072072072072073,-0.01600468489535234,-0.015172096547295011,-0.011931834956133924
3,long_gt1000,23,2.7057057057057055,-0.015952652262398948,-0.0151181898247017,-0.011894630603501155
3,long_gt1000,23,2.704204204204204,-0.015904819241918444,-0.015069884180308968,-0.011854033337521885
3,long_gt1000,23,2.7027027027027026,-0.015858267151319105,-0.015026324291006699,-0.01180876800179953
3,long_gt1000,23,2.701201201201201,-0.015801872866003985,-0.014985896278574051,-0.011758013344338125
3,long_gt1000,23,2.6996996996997,-0.015745360824558685,-0.014946984760394688,-0.011702407922015268
3,long_gt1000,23,2.698198198198198,-0.015688385481317124,-0.01488779942867624,-0.011643679115842853
3,long_gt1000,23,2.6966966966966965,-0.015630846961617983,-0.014830754900446497,-0.011591520828686641
3,long_gt1000,23,2.695195195195195,-0.015572603681469732,-0.014779306481587762,-0.011540883750434605
3,long_gt1000,23,2.6936936936936937,-0.015513250943357648,-0.014731629435976279,-0.011492005424388885
3,long_gt1000,23,2.6921921921921923,-0.015452419180691401,-0.014685781341492454,-0.011446651244296446
3,long_gt1000,23,2.6906906906906904,-0.015390306497805373,-0.014639819776016472,-0.011406221124179106
3,long_gt1000,23,2.689189189189189,-0.015327624630248282,-0.014591802317429403,-0.011370618648074982
3,long_gt1000,23,2.6876876876876876,-0.015275100720245072,-0.014539805865388944,-0.011338425276719244
3,long_gt1000,23,2.686186186186186,-0.015226311912847623,-0.014482227400876013,-0.011308067480326978
3,long_gt1000,23,2.684684684684685,-0.015179359841795081,-0.014419518390698105,-0.011277963635409116
3,long_gt1000,23,2.683183183183183,-0.015134248418492868,-0.014353500097903593,-0.011246532118616703
3,long_gt1000,23,2.6816816816816815,-0.015090372857641476,-0.014286021498652657,-0.011212317478997091
3,long_gt1000,23,2.68018018018018,-0.015046450044035486,-0.014218931569104809,-0.011174516734911988
3,long_gt1000,23,2.6786786786786787,-0.01500133728037123,-0.014154079285420007,-0.011133680717364869
3,long_gt1000,23,2.6771771771771773,-0.01495438047153963,-0.01409326015305079,-0.011090951779667568
3,long_gt1000,23,2.6756756756756754,-0.014905076307511811,-0.014037700177887968,-0.01104748163278979
3,long_gt1000,23,2.674174174174174,-0.014853367394334627,-0.013986739874423781,-0.011004422078472076
3,long_gt1000,23,2.6726726726726726,-0.014799488865481436,-0.013939119660723254,-0.01096292106999086
3,long_gt1000,23,2.671171171171171,-0.014744597544096183,-0.01389357959914661,-0.010923838096024596
3,long_gt1000,23,2.66966966966967,-0.014690383352505831,-0.013848859752054965,-0.010887340087183173
3,long_gt1000,23,2.668168168168168,-0.01463837515274291,-0.01380370261449837,-0.0108527445726595
3,long_gt1000,23,2.6666666666666665,-0.014589805495324848,-0.013757073445455736,-0.010819313674629516
3,long_gt1000,23,2.665165165165165,-0.014545414557121772,-0.013708636880577663,-0.010786368533542867
3,long_gt1000,23,2.6636636636636637,-0.014504629587950513,-0.013658862801287697,-0.010753230315206141
3,long_gt1000,23,2.6621621621621623,-0.014466466470329675,-0.01360833988491672,-0.010719246257977155
3,long_gt1000,23,2.6606606606606604,-0.01442929941963289,-0.013557656808795837,-0.010684197356828462
3,long_gt1000,23,2.659159159159159,-0.01439133662308878,-0.013507402250255929,-0.010648361155565667
3,long_gt1000,23,2.6576576576576576,-0.014350773211018186,-0.013458142733974165,-0.010612371433058598
3,long_gt1000,23,2.656156156156156,-0.014305835766658559,-0.01340994940401119,-0.010576603355811676
3,long_gt1000,23,2.6546546546546548,-0.014256071124980174,-0.013362465184332928,-0.010541384637118179
3,long_gt1000,23,2.653153153153153,-0.014206586991080683,-0.013315389247454457,-0.010507042990272608
3,long_gt1000,23,2.6516516516516515,-0.014158960231815176,-0.013268425558570662,-0.01047379894840561
3,long_gt1000,23,2.65015015015015,-0.014109005632491955,-0.013221278082876653,-0.010441286864214194
3,long_gt1000,23,2.6486486486486487,-0.01405784460917614,-0.01317365078556687,-0.010408952488855205
3,long_gt1000,23,2.6471471471471473,-0.014006778822158061,-0.013125335546301242,-0.010376117647997285
3,long_gt1000,23,2.6456456456456454,-0.013957235351798492,-0.013076697313694208,-0.010342191558334157
3,long_gt1000,23,2.644144144144144,-0.013909166861659328,-0.013028028266103053,-0.010306587679500767
3,long_gt1000,23,2.6426426426426426,-0.013861866740960238,-0.012979439327573283,-0.010268720588617608
3,long_gt1000,23,2.641141141141141,-0.013814994092132382,-0.01293103950163954,-0.010228254808975157
3,long_gt1000,23,2.6396396396396398,-0.013768613717568656,-0.012882937791836468,-0.010185330764718725
3,long_gt1000,23,2.638138138138138,-0.01372281010288423,-0.0128352432016543,-0.010142018588315094
3,long_gt1000,23,2.6366366366366365,-0.013680192315231654,-0.012788022320209924,-0.010098721863347926
3,long_gt1000,23,2.635135135135135,-0.013645237944425292,-0.0127411970302711,-0.010054523268911097
3,long_gt1000,23,2.6336336336336337,-0.013611684642574895,-0.012694730707241364,-0.010010781390685564
3,long_gt1000,23,2.6321321321321323,-0.013579627538560679,-0.012648607633936715,-0.009968854814340733
3,long_gt1000,23,2.6306306306306304,-0.013548080149488717,-0.012602812093189586,-0.009930050355282716
3,long_gt1000,23,2.629129129129129,-0.01351538629941218,-0.012557328367832188,-0.009895269395155615
3,long_gt1000,23,2.6276276276276276,-0.013480046700462878,-0.012512138456839406,-0.009864454817881896
3,long_gt1000,23,2.626126126126126,-0.013440854755980336,-0.012467056862017545,-0.009836677726312026
3,long_gt1000,23,2.6246246246246248,-0.013397193156587939,-0.012421832651670739,-0.00981083805261751
3,long_gt1000,23,2.623123123123123,-0.013349140872240928,-0.012376551917448131,-0.00978583572896774
3,long_gt1000,23,2.6216216216216215,-0.013297127808623466,-0.0123313349208789,-0.00976057140505393
3,long_gt1000,23,2.62012012012012,-0.013242896154306516,-0.012286301923490672,-0.009734037867461076
3,long_gt1000,23,2.6186186186186187,-0.013188538044394682,-0.012241573186811516,-0.009705846181204292
3,long_gt1000,23,2.6171171171171173,-0.013136035052928263,-0.012197291340638072,-0.009676363975937408
3,long_gt1000,23,2.6156156156156154,-0.01308882509810605,-0.012153961484121956,-0.009646117655439879
3,long_gt1000,23,2.614114114114114,-0.01305338721272864,-0.012111800114606108,-0.00961564492223177
3,long_gt1000,23,2.6126126126126126,-0.013016580433454994,-0.012070534855059156,-0.009585483478833257
3,long_gt1000,23,2.611111111111111,-0.012977661746045865,-0.012029879970854696,-0.009556166714529302
3,long_gt1000,23,2.6096096096096097,-0.01293614424940015,-0.011989549727366988,-0.009528085916806872
3,long_gt1000,23,2.608108108108108,-0.012895528935667477,-0.011949258389969186,-0.009500890999277534
3,long_gt1000,23,2.6066066066066065,-0.01285971039388678,-0.011908677220812569,-0.0094739783435549
3,long_gt1000,23,2.605105105105105,-0.012821465132376697,-0.011867228314871747,-0.009446931571928663
3,long_gt1000,23,2.6036036036036037,-0.012780779014091803,-0.011824940838415898,-0.00941934166730718
3,long_gt1000,23,2.6021021021021022,-0.012738077689065097,-0.011782107705117895,-0.009390799612599032
3,long_gt1000,23,2.6006006006006004,-0.012694034613310867,-0.011739021938778516,-0.009360887744901514
3,long_gt1000,23,2.599099099099099,-0.012649685057735671,-0.011695976563197652,-0.009329262828791096
3,long_gt1000,23,2.5975975975975976,-0.012606051151870634,-0.011653264602175195,-0.009296219251910709
3,long_gt1000,23,2.596096096096096,-0.012564041071859489,-0.011611209028991265,-0.00926216427594917
3,long_gt1000,23,2.5945945945945947,-0.012524178970217292,-0.011570025848040233,-0.009227443487869524
3,long_gt1000,23,2.593093093093093,-0.012486124722701608,-0.011529414299370488,-0.009192402116550258
3,long_gt1000,23,2.5915915915915915,-0.012449411094612839,-0.011488999517283993,-0.009157385729896994
3,long_gt1000,23,2.59009009009009,-0.012413702953130157,-0.011448406636083375,-0.009122890886040569
3,long_gt1000,23,2.5885885885885886,-0.012378782268305577,-0.011407260790070373,-0.009089633157502885
3,long_gt1000,23,2.5870870870870872,-0.012344427440930894,-0.011365187647156327,-0.009057801899510554
3,long_gt1000,23,2.5855855855855854,-0.012318812169831106,-0.011321943059939832,-0.009027394870574357
3,long_gt1000,23,2.584084084084084,-0.012293184111057398,-0.011277725345772316,-0.00899839569822014
3,long_gt1000,23,2.5825825825825826,-0.012266715317788557,-0.011233012712285051,-0.008970788009974195
3,long_gt1000,23,2.581081081081081,-0.012239187459036849,-0.011188304811289296,-0.008944550325435174
3,long_gt1000,23,2.5795795795795797,-0.012210595186935458,-0.01114410129459631,-0.008919253366386104
3,long_gt1000,23,2.578078078078078,-0.012180966799154369,-0.01110090181401624,-0.008893955367021533
3,long_gt1000,23,2.5765765765765765,-0.012150193674207888,-0.01105919984660142,-0.008868055936620545
3,long_gt1000,23,2.575075075075075,-0.012117472997024814,-0.011019163462673509,-0.008841069229006182
3,long_gt1000,23,2.5735735735735736,-0.012082130836318927,-0.010980460298449346,-0.00881251571479591
3,long_gt1000,23,2.5720720720720722,-0.012043921680931047,-0.010942701337941951,-0.008781915864606415
3,long_gt1000,23,2.5705705705705704,-0.012002746102723227,-0.010905497073027792,-0.008748807558498495
3,long_gt1000,23,2.569069069069069,-0.0119587054075605,-0.010868457995582892,-0.008713365412555851
3,long_gt1000,23,2.5675675675675675,-0.011911987522911671,-0.010831194597483496,-0.008676518205231742
3,long_gt1000,23,2.566066066066066,-0.011863508753680363,-0.010793346057953457,-0.008639211767915378
3,long_gt1000,23,2.5645645645645647,-0.011814969665084663,-0.010754958487180888,-0.008602465238211732
3,long_gt1000,23,2.563063063063063,-0.011767865324028404,-0.01071651296842635,-0.008567298942462998
3,long_gt1000,23,2.5615615615615615,-0.011723552827578532,-0.010678555894917618,-0.008534733207012035
3,long_gt1000,23,2.56006006006006,-0.011683080433330661,-0.010641633728427857,-0.008505740170068998
3,long_gt1000,23,2.5585585585585586,-0.011647244201130835,-0.01060629293073112,-0.008480505678991834
3,long_gt1000,23,2.557057057057057,-0.011616587201365491,-0.010573079963600573,-0.008458612364620977
3,long_gt1000,23,2.5555555555555554,-0.011590477256832377,-0.010542504710766565,-0.008439213124015521
3,long_gt1000,23,2.554054054054054,-0.01156834733865808,-0.010514575894521538,-0.008421294657358858
3,long_gt1000,23,2.5525525525525525,-0.011547484239762928,-0.010488409151483635,-0.008403843580046866
3,long_gt1000,23,2.551051051051051,-0.011528178347283036,-0.010462963688746996,-0.00838584650747487
3,long_gt1000,23,2.5495495495495497,-0.011508660234403445,-0.010437198713406426,-0.008366412780227206
3,long_gt1000,23,2.548048048048048,-0.011487647778000265,-0.010410073432556288,-0.008345310934573358
3,long_gt1000,23,2.5465465465465464,-0.01146432628273042,-0.010380547235362858,-0.008322511655530884
3,long_gt1000,23,2.545045045045045,-0.01143873089218328,-0.010347675496445552,-0.00829842405328407
3,long_gt1000,23,2.5435435435435436,-0.011410668696406279,-0.0103112737042792,-0.008273526265161202
3,long_gt1000,23,2.542042042042042,-0.011380213129614791,-0.010272190305396167,-0.008248296428489899
3,long_gt1000,23,2.5405405405405403,-0.011347595736619809,-0.010231385640452118,-0.008223211955270093
3,long_gt1000,23,2.539039039039039,-0.011313535819068132,-0.010189820050102494,-0.008198575244702244
3,long_gt1000,23,2.5375375375375375,-0.011278865125880944,-0.010148453875002739,-0.008174314957249407
3,long_gt1000,23,2.536036036036036,-0.011243844257984192,-0.010108243391649951,-0.008150194767267305
3,long_gt1000,23,2.5345345345345347,-0.011208618266023262,-0.010069936847113992,-0.00812582515815996
3,long_gt1000,23,2.533033033033033,-0.011173737368354919,-0.010033613427336219,-0.008100810458131491
3,long_gt1000,23,2.5315315315315314,-0.011139551680433346,-0.009998939857972733,-0.008074754995385902
3,long_gt1000,23,2.53003003003003,-0.011106304077280638,-0.0099655665652707,-0.00804726436018488
3,long_gt1000,23,2.5285285285285286,-0.011074015181434249,-0.009933143975476844,-0.008018052677671084
3,long_gt1000,23,2.527027027027027,-0.011042688108751753,-0.009901322514837663,-0.00798733475001634
3,long_gt1000,23,2.5255255255255253,-0.011012689740903081,-0.009869770158409397,-0.007955861041049284
3,long_gt1000,23,2.524024024024024,-0.010984119786288993,-0.009838414668682738,-0.00792450409162726
3,long_gt1000,23,2.5225225225225225,-0.010956901389607587,-0.009807296278204092,-0.007894136659313045
3,long_gt1000,23,2.521021021021021,-0.01093104718617921,-0.009776385567712653,-0.00786563150166919
3,long_gt1000,23,2.5195195195195197,-0.010906384971488547,-0.009745651008216338,-0.007839853410222308
3,long_gt1000,23,2.518018018018018,-0.01088250061090279,-0.009715061070723285,-0.007817481024488315
3,long_gt1000,23,2.5165165165165164,-0.01085895656986502,-0.00968458422624141,-0.0077983500108251835
3,long_gt1000,23,2.515015015015015,-0.010835336867039191,-0.00965418073115698,-0.0077810432337803714
3,long_gt1000,23,2.5135135135135136,-0.010811636375266942,-0.009623763156064724,-0.00776391725368053
3,long_gt1000,23,2.512012012012012,-0.010787668710150466,-0.009593481693525696,-0.007745328630853532
3,long_gt1000,23,2.5105105105105103,-0.01076319444501328,-0.009563653376734926,-0.007723633925626028
3,long_gt1000,23,2.509009009009009,-0.010738235674037422,-0.009534597564485159,-0.007697231271502458
3,long_gt1000,23,2.5075075075075075,-0.010713006496154809,-0.009506633615568472,-0.0076650688627987185
3,long_gt1000,23,2.506006006006006,-0.010687724728020487,-0.009480080888777609,-0.007628005573186991
3,long_gt1000,23,2.5045045045045047,-0.010662327873696253,-0.009455170599357077,-0.0075885433738964725
3,long_gt1000,23,2.503003003003003,-0.010636441730603408,-0.009431573177546282,-0.007549292025048171
3,long_gt1000,23,2.5015015015015014,-0.010610193157962522,-0.009408545291038628,-0.007512861286763317
3,long_gt1000,23,2.5,-0.010583817310616639,-0.0093852785771813,-0.00748186091916303
3,long_gt1000,23,2.4984984984984986,-0.010557665858885512,-0.009360964670150906,-0.0074587968895675205
3,long_gt1000,23,2.496996996996997,-0.010532133874954108,-0.009334795204123392,-0.0074449163587634315
3,long_gt1000,23,2.4954954954954953,-0.010507601661420396,-0.009305964541390654,-0.007438642387763594
3,long_gt1000,23,2.493993993993994,-0.010484334952619911,-0.009274154673458712,-0.007437290561138843
3,long_gt1000,23,2.4924924924924925,-0.010462327109872382,-0.009240123774137743,-0.007438164617391552
3,long_gt1000,23,2.490990990990991,-0.010441105041533283,-0.00920484846856362,-0.007438568295024872
3,long_gt1000,23,2.4894894894894897,-0.010419988533975522,-0.00916931973904056,-0.007421722433877065
3,long_gt1000,23,2.487987987987988,-0.010397724135377207,-0.009134528567873668,-0.00739263719932437
3,long_gt1000,23,2.4864864864864864,-0.01037293098494707,-0.009101465937366493,-0.00736497898438937
3,long_gt1000,23,2.484984984984985,-0.010344342111038185,-0.009071076491526053,-0.007339056216489448
3,long_gt1000,23,2.4834834834834836,-0.010311808775322562,-0.009043462829457116,-0.007315388944751144
3,long_gt1000,23,2.481981981981982,-0.010276042079887082,-0.009018045602070979,-0.007294584494381029
3,long_gt1000,23,2.4804804804804803,-0.01023795403080574,-0.00899431289428021,-0.0072769747281083985
3,long_gt1000,23,2.478978978978979,-0.01019896822916444,-0.00897176204905703,-0.00726204279352749
3,long_gt1000,23,2.4774774774774775,-0.010161121609315371,-0.008949890409373662,-0.007248759528420856
3,long_gt1000,23,2.475975975975976,-0.010124118264208115,-0.00892819531820166,-0.007226641638252929
3,long_gt1000,23,2.4744744744744747,-0.010094970703210748,-0.008906251113029562,-0.007201878878243084
3,long_gt1000,23,2.472972972972973,-0.010073439476815271,-0.008884111881698908,-0.007177983196630544
3,long_gt1000,23,2.4714714714714714,-0.010055458668266404,-0.008861770236045396,-0.0071544642945051695
3,long_gt1000,23,2.46996996996997,-0.010039934946899587,-0.008838955872506604,-0.007130831872956156
3,long_gt1000,23,2.4684684684684686,-0.010026407525665082,-0.008815386243423484,-0.007106643566547999
3,long_gt1000,23,2.466966966966967,-0.010012818303781756,-0.008790778801136767,-0.007081923261340939
3,long_gt1000,23,2.4654654654654653,-0.009997097643449693,-0.008764851006535679,-0.0070567574535155275
3,long_gt1000,23,2.463963963963964,-0.00997759270138665,-0.008737342471413001,-0.007031603195623903
3,long_gt1000,23,2.4624624624624625,-0.009954399627527755,-0.00870810696130131,-0.0070069815279092396
3,long_gt1000,23,2.460960960960961,-0.009928110962915349,-0.008677648718027564,-0.006983413490614376
3,long_gt1000,23,2.4594594594594597,-0.009899348260394958,-0.008646950905374817,-0.006961420123982376
3,long_gt1000,23,2.457957957957958,-0.00986896714290375,-0.008617008378853264,-0.006941413786560879
3,long_gt1000,23,2.4564564564564564,-0.00983795043082858,-0.008588815993973542,-0.006923252707260796
3,long_gt1000,23,2.454954954954955,-0.009807282216001356,-0.00856336857067741,-0.006906735969463118
3,long_gt1000,23,2.4534534534534536,-0.009777736509467339,-0.008541517991746739,-0.006891477334008744
3,long_gt1000,23,2.451951951951952,-0.009749246572260062,-0.00852357611965826,-0.006877061406376006
3,long_gt1000,23,2.4504504504504503,-0.009721556165898537,-0.008508609348679474,-0.006859126871362919
3,long_gt1000,23,2.448948948948949,-0.009694481077712869,-0.008494761009655516,-0.006826889136372083
3,long_gt1000,23,2.4474474474474475,-0.009668100415569314,-0.008480148392809861,-0.006796459842836944
3,long_gt1000,23,2.445945945945946,-0.009642555045468293,-0.008462888788365985,-0.006769670988102661
3,long_gt1000,23,2.4444444444444446,-0.009617986478010931,-0.008441112031977394,-0.006747903078871631
3,long_gt1000,23,2.442942942942943,-0.009594649581514902,-0.008413499816706915,-0.006730698694393689
3,long_gt1000,23,2.4414414414414414,-0.00957276890621983,-0.00837970432009616,-0.006716728135039318
3,long_gt1000,23,2.43993993993994,-0.009552446581717944,-0.008341281021524649,-0.006704650754881913
3,long_gt1000,23,2.4384384384384385,-0.009533727545471993,-0.008300730913285204,-0.006693089605134039
3,long_gt1000,23,2.436936936936937,-0.00951653717204437,-0.008260562615581168,-0.006680596306126496
3,long_gt1000,23,2.4354354354354353,-0.00950078558341938,-0.008223284748615889,-0.00666557419436542
3,long_gt1000,23,2.433933933933934,-0.009486380105262149,-0.008191374279679309,-0.006646842850524526
3,long_gt1000,23,2.4324324324324325,-0.009473066988710088,-0.008166345260933294,-0.006624986362524732
3,long_gt1000,23,2.4309309309309306,-0.009460554684879163,-0.0081484188503258,-0.006601381831366715
3,long_gt1000,23,2.4294294294294296,-0.009448603089259544,-0.008136087507231382,-0.006577329768219009
3,long_gt1000,23,2.4279279279279278,-0.009436597390553358,-0.008126933223157051,-0.006553646937430768
3,long_gt1000,23,2.4264264264264264,-0.009423403067227998,-0.008118528751270393,-0.006531076664466506
3,long_gt1000,23,2.424924924924925,-0.009407847336435737,-0.008108446844739436,-0.006510932006369208
3,long_gt1000,23,2.423423423423423,-0.009388760615339886,-0.008094316949755376,-0.006494208187262207
3,long_gt1000,23,2.421921921921922,-0.009365418114084756,-0.008075126058408877,-0.006479989515096651
3,long_gt1000,23,2.4204204204204203,-0.009338001316443245,-0.008051442826556565,-0.006466927666105349
3,long_gt1000,23,2.418918918918919,-0.009306908830709726,-0.008024656801649543,-0.006454014560855814
3,long_gt1000,23,2.4174174174174174,-0.009273690927052103,-0.007996343019365248,-0.0064410612575943604
3,long_gt1000,23,2.4159159159159156,-0.009240605092404208,-0.007968076515380673,-0.006427654396555238
3,long_gt1000,23,2.4144144144144146,-0.009209919092165064,-0.007941432325373254,-0.006412269543013771
3,long_gt1000,23,2.4129129129129128,-0.009183840566784007,-0.007917826930732952,-0.006393533890882597
3,long_gt1000,23,2.4114114114114114,-0.009163352981239825,-0.007896979592198372,-0.006371717759142803
3,long_gt1000,23,2.40990990990991,-0.009143997712758978,-0.007877684014560904,-0.006347346113054653
3,long_gt1000,23,2.408408408408408,-0.009130161541638038,-0.007859087106376395,-0.006320698481137366
3,long_gt1000,23,2.406906906906907,-0.009122594976738507,-0.007840417067920713,-0.0062916725329855705
3,long_gt1000,23,2.4054054054054053,-0.009118893254244642,-0.007820902099469507,-0.006260792789774761
3,long_gt1000,23,2.403903903903904,-0.009116505478756864,-0.007799770401298423,-0.006229865377519794
3,long_gt1000,23,2.4024024024024024,-0.009108390894616014,-0.00777645487711931,-0.0062005152185327095
3,long_gt1000,23,2.4009009009009006,-0.009093367191299273,-0.007751768246133883,-0.006173555956783927
3,long_gt1000,23,2.3993993993993996,-0.00907419120750097,-0.00772677457651616,-0.006149746621634589
3,long_gt1000,23,2.3978978978978978,-0.009051318276647402,-0.007702058279116741,-0.0061297248294709394
3,long_gt1000,23,2.3963963963963963,-0.009026072760653148,-0.0076781645559969025,-0.006113934415143296
3,long_gt1000,23,2.394894894894895,-0.008999947992146207,-0.00765563860921703,-0.006102274517699624
3,long_gt1000,23,2.393393393393393,-0.008974437303754468,-0.007635025126409012,-0.006093588877405964
3,long_gt1000,23,2.391891891891892,-0.008950798329294352,-0.007616537149057967,-0.006086524569066554
3,long_gt1000,23,2.3903903903903903,-0.008928777439346947,-0.0075994987317138385,-0.006079839501023421
3,long_gt1000,23,2.388888888888889,-0.008907583005879238,-0.007583245267310357,-0.0060722986975337845
3,long_gt1000,23,2.3873873873873874,-0.00888651930425477,-0.0075672262665464896,-0.006062972116627541
3,long_gt1000,23,2.3858858858858856,-0.008865165962443355,-0.007550893585745344,-0.00605138572632391
3,long_gt1000,23,2.3843843843843846,-0.008843156558632659,-0.007533699081231138,-0.006037402487685806
3,long_gt1000,23,2.3828828828828827,-0.008818268699894327,-0.007515094687313928,-0.006021644832376105
3,long_gt1000,23,2.3813813813813813,-0.008787505568894738,-0.007494758268338231,-0.006005037066214025
3,long_gt1000,23,2.37987987987988,-0.008758049890357111,-0.007473093026659772,-0.005988515022113505
3,long_gt1000,23,2.378378378378378,-0.008731803604927313,-0.00745069851048763,-0.005973007726901902
3,long_gt1000,23,2.376876876876877,-0.008710045393752308,-0.007428213600401801,-0.005959097615446662
3,long_gt1000,23,2.3753753753753752,-0.008692774508638146,-0.007406278125686061,-0.005946845973982207
3,long_gt1000,23,2.373873873873874,-0.008679749283014848,-0.0073855319156250765,-0.005935968544113934
3,long_gt1000,23,2.3723723723723724,-0.008670725409634095,-0.007366612074671597,-0.005925622563245692
3,long_gt1000,23,2.3708708708708706,-0.008664910912355994,-0.007349797680731962,-0.00591478153532321
3,long_gt1000,23,2.3693693693693696,-0.008660126452054828,-0.007334631568088001,-0.005902427534879684
3,long_gt1000,23,2.3678678678678677,-0.008653730758167,-0.007320363313047862,-0.005887567291734563
3,long_gt1000,23,2.3663663663663663,-0.008642417747758868,-0.007306138564093567,-0.005869742312500481
3,long_gt1000,23,2.364864864864865,-0.008629664025067374,-0.007291102219135981,-0.005849030512622089
3,long_gt1000,23,2.363363363363363,-0.00861546969141902,-0.007274399176085966,-0.005825790288745525
3,long_gt1000,23,2.361861861861862,-0.008595378259515618,-0.007255202201109423,-0.005800952210538224
3,long_gt1000,23,2.3603603603603602,-0.008571122571230716,-0.0072333163206141915,-0.005775949237471822
3,long_gt1000,23,2.358858858858859,-0.008544428549451366,-0.007209197618650132,-0.005752255194560463
3,long_gt1000,23,2.3573573573573574,-0.008516954290518686,-0.007183619079075276,-0.005731232230339001
3,long_gt1000,23,2.3558558558558556,-0.008490042646180473,-0.007157548491308452,-0.005713367504375899
3,long_gt1000,23,2.3543543543543546,-0.008464514772012932,-0.00713898549471903,-0.005698712208410117
3,long_gt1000,23,2.3528528528528527,-0.008441109572011496,-0.00713092158022266,-0.005687147209633148
3,long_gt1000,23,2.3513513513513513,-0.008420565949404768,-0.00712432040024491,-0.005678202053044035
3,long_gt1000,23,2.34984984984985,-0.008403430449841487,-0.00711853785135208,-0.005670643854037261
3,long_gt1000,23,2.348348348348348,-0.00838949003569156,-0.00711280720649321,-0.005663048291675521
3,long_gt1000,23,2.346846846846847,-0.008378313551592242,-0.007106479288563117,-0.005654094276610122
3,long_gt1000,23,2.3453453453453452,-0.008369210777486535,-0.007099181243317654,-0.005643362269111107
3,long_gt1000,23,2.343843843843844,-0.008361524920801,-0.00709057987631323,-0.005630887896011627
3,long_gt1000,23,2.3423423423423424,-0.008354641822830633,-0.007080341993107808,-0.005616647044800249
3,long_gt1000,23,2.3408408408408405,-0.008347943400647595,-0.007068196471174071,-0.005600658189824137
3,long_gt1000,23,2.3393393393393396,-0.008340737376102858,-0.0070541535023431745,-0.005583542911085759
3,long_gt1000,23,2.3378378378378377,-0.00833239202056879,-0.00703830299726893,-0.0055662192179583014
3,long_gt1000,23,2.3363363363363363,-0.008322402028954401,-0.0070209155752416486,-0.005549523266582312
3,long_gt1000,23,2.334834834834835,-0.008310501894568723,-0.007002837880240698,-0.005533418094489151
3,long_gt1000,23,2.333333333333333,-0.00829619112932134,-0.006985031081743642,-0.005517360264808091
3,long_gt1000,23,2.331831831831832,-0.00827892967199062,-0.006968456033974668,-0.005500901530551272
3,long_gt1000,23,2.33033033033033,-0.008258165610478319,-0.00695388766554661,-0.005483754134841923
3,long_gt1000,23,2.328828828828829,-0.008233341974807518,-0.0069416019339556545,-0.005465239680215395
3,long_gt1000,23,2.3273273273273274,-0.00820438854542238,-0.006931781818924065,-0.005444480311270539
3,long_gt1000,23,2.3258258258258255,-0.008171390798083378,-0.006924039333874532,-0.005420665000504754
3,long_gt1000,23,2.3243243243243246,-0.008135084099723966,-0.006917122426183031,-0.00539402238360942
3,long_gt1000,23,2.3228228228228227,-0.008097180112129898,-0.006909707108694096,-0.005365590854662594
3,long_gt1000,23,2.3213213213213213,-0.008059490835840566,-0.0069004759922230985,-0.005336381854969208
3,long_gt1000,23,2.31981981981982,-0.008023825377956095,-0.006888668707589307,-0.005307376246646456
3,long_gt1000,23,2.318318318318318,-0.0079918328154438,-0.006874496436047872,-0.005280059961922601
3,long_gt1000,23,2.316816816816817,-0.007964921691855364,-0.006858305096378414,-0.005256224620797001
3,long_gt1000,23,2.315315315315315,-0.007944302315839535,-0.006840988400835135,-0.005237405447679699
3,long_gt1000,23,2.313813813813814,-0.007929586684179202,-0.006823858014066708,-0.0052234727719191465
3,long_gt1000,23,2.3123123123123124,-0.007919119983581968,-0.006808236138081014,-0.005213647636209795
3,long_gt1000,23,2.3108108108108105,-0.007911186248216184,-0.006795444907084169,-0.005207074330281558
3,long_gt1000,23,2.3093093093093096,-0.007904062732608574,-0.006786329953542447,-0.005202731732343202
3,long_gt1000,23,2.3078078078078077,-0.007896114291712109,-0.0067801203158879275,-0.005198885707158651
3,long_gt1000,23,2.3063063063063063,-0.007885914053299636,-0.006775703646384468,-0.005193454906860184
3,long_gt1000,23,2.304804804804805,-0.007872297527532157,-0.0067719791261153794,-0.0051847172742949255
3,long_gt1000,23,2.303303303303303,-0.007855598550218224,-0.0067678527382486475,-0.005172856813982274
3,long_gt1000,23,2.301801801801802,-0.007836763131567781,-0.006762230553895465,-0.005158685539741192
3,long_gt1000,23,2.3003003003003,-0.00781674077703609,-0.006754018650841909,-0.005143043541890102
3,long_gt1000,23,2.298798798798799,-0.007796491585908005,-0.006742537524736747,-0.005126949907911849
3,long_gt1000,23,2.2972972972972974,-0.007777035635901486,-0.006728641477163899,-0.005111722773803673
3,long_gt1000,23,2.2957957957957955,-0.007758790653659586,-0.006713511641016634,-0.005098553147010798
3,long_gt1000,23,2.2942942942942945,-0.007741699388471468,-0.006697982083981202,-0.005088126132037574
3,long_gt1000,23,2.2927927927927927,-0.0077252783651801105,-0.00668265188912609,-0.00507935294784434
3,long_gt1000,23,2.2912912912912913,-0.007708973813625342,-0.006668115694240306,-0.00507075858138839
3,long_gt1000,23,2.28978978978979,-0.0076922319636471,-0.006654968137113304,-0.00506105128498735
3,long_gt1000,23,2.288288288288288,-0.007674435568111315,-0.006643759745513567,-0.00504913792173034
3,long_gt1000,23,2.286786786786787,-0.007654837222665356,-0.006634307255170668,-0.005034291251679979
3,long_gt1000,23,2.285285285285285,-0.007633884477261654,-0.006625851675883476,-0.005016095746265936
3,long_gt1000,23,2.2837837837837838,-0.007612286485716324,-0.00661796400007697,-0.004994649974776499
3,long_gt1000,23,2.2822822822822824,-0.0075905141369245754,-0.006610442625450741,-0.00497120873900736
3,long_gt1000,23,2.2807807807807805,-0.007568998250747194,-0.006603089869765322,-0.00494714962903231
3,long_gt1000,23,2.2792792792792795,-0.0075481696470453,-0.006595708050782578,-0.0049235090964465655
3,long_gt1000,23,2.2777777777777777,-0.00752848298995934,-0.0065881001639658265,-0.0049011368999124505
3,long_gt1000,23,2.2762762762762763,-0.007510860884342163,-0.006580232647666495,-0.004880706123916667
3,long_gt1000,23,2.274774774774775,-0.007495147031246985,-0.006572423664829241,-0.004862656510617569
3,long_gt1000,23,2.273273273273273,-0.007480716597444204,-0.006564648102024284,-0.0048471276520914985
3,long_gt1000,23,2.271771771771772,-0.007467235487700785,-0.006556549071689455,-0.0048334680784219985
3,long_gt1000,23,2.27027027027027,-0.00745438262211906,-0.0065477594191685196,-0.004820936061218584
3,long_gt1000,23,2.2687687687687688,-0.007441836920801914,-0.006537911989804579,-0.004809023973056825
3,long_gt1000,23,2.2672672672672673,-0.007429276948802022,-0.006526639628941622,-0.004797297830314018
3,long_gt1000,23,2.2657657657657655,-0.007415933950185694,-0.0065135722758351555,-0.004785176226223209
3,long_gt1000,23,2.2642642642642645,-0.007401210921996193,-0.006498332275933993,-0.004771802365045041
3,long_gt1000,23,2.2627627627627627,-0.00738540993822101,-0.006480413019358533,-0.004756854231207863
3,long_gt1000,23,2.2612612612612613,-0.007368602939330171,-0.0064623329613791025,-0.004740783197664689
3,long_gt1000,23,2.25975975975976,-0.007350860466919684,-0.006443113302698089,-0.004724094113703892
3,long_gt1000,23,2.258258258258258,-0.0073322530625851146,-0.006424139895757852,-0.004707222138241596
3,long_gt1000,23,2.256756756756757,-0.007312851307651025,-0.00640620743006548,-0.004690518925530962
3,long_gt1000,23,2.255255255255255,-0.007292959463003457,-0.006390110558209372,-0.0046746611791447235
3,long_gt1000,23,2.2537537537537538,-0.0072723143252096945,-0.006376538043873836,-0.004660761950123327
3,long_gt1000,23,2.2522522522522523,-0.007250517647758081,-0.006365510437062349,-0.004648913171880209
3,long_gt1000,23,2.2507507507507505,-0.007227720367764867,-0.006356394056860504,-0.004638468940175167
3,long_gt1000,23,2.2492492492492495,-0.007204087031932094,-0.0063484974279586215,-0.004628768684476925
3,long_gt1000,23,2.2477477477477477,-0.007179782186962469,-0.006341129075046359,-0.004619172769578461
3,long_gt1000,23,2.2462462462462462,-0.007154970379558256,-0.0063335975228147046,-0.004609105798340618
3,long_gt1000,23,2.244744744744745,-0.007129767467152881,-0.006319808523722603,-0.004597623065276779
3,long_gt1000,23,2.243243243243243,-0.007104806682207587,-0.006301851203070807,-0.004583303855347554
3,long_gt1000,23,2.241741741741742,-0.007081108972149086,-0.006282400292360268,-0.004566189399803688
3,long_gt1000,23,2.24024024024024,-0.0070587929414576145,-0.006262133082809207,-0.004547146847977412
3,long_gt1000,23,2.2387387387387387,-0.007037931221445248,-0.006241734495077589,-0.00452705555757793
3,long_gt1000,23,2.2372372372372373,-0.007018596443424618,-0.0062218894498247135,-0.004506762833347722
3,long_gt1000,23,2.2357357357357355,-0.007000861233513955,-0.006203282867710769,-0.004487027829822687
3,long_gt1000,23,2.2342342342342345,-0.006984785791916637,-0.006186599669395054,-0.004473591585013703
3,long_gt1000,23,2.2327327327327327,-0.006970356154799573,-0.0061724947724937085,-0.004469069853503593
3,long_gt1000,23,2.2312312312312312,-0.006957324160916989,-0.006160752287354576,-0.0044646590827253085
3,long_gt1000,23,2.22972972972973,-0.006945515575088934,-0.006150171414041727,-0.004459486225399489
3,long_gt1000,23,2.228228228228228,-0.0069347817431058,-0.006139498420234535,-0.0044528908273131496
3,long_gt1000,23,2.226726726726727,-0.006924974010757867,-0.006127479573611261,-0.0044444198944560975
3,long_gt1000,23,2.225225225225225,-0.006915943723835527,-0.006112861141850612,-0.004433864590866254
3,long_gt1000,23,2.2237237237237237,-0.006907516598278818,-0.006094389392631294,-0.004412868139081372
3,long_gt1000,23,2.2222222222222223,-0.006897820378628183,-0.006070824966601274,-0.004379575194847107
3,long_gt1000,23,2.2207207207207205,-0.006877851491914333,-0.006041834475857266,-0.004345586262951118
3,long_gt1000,23,2.2192192192192195,-0.006854521950501291,-0.006009007449210735,-0.004312510209850462
3,long_gt1000,23,2.2177177177177176,-0.0068278665953533935,-0.0059744164601323035,-0.004281885939866004
3,long_gt1000,23,2.2162162162162162,-0.006798156976266956,-0.005940139188096882,-0.004254951124786355
3,long_gt1000,23,2.214714714714715,-0.006765664743703326,-0.005908253312579381,-0.00423268274111166
3,long_gt1000,23,2.213213213213213,-0.0067307670568717,-0.005880836513055154,-0.0042148398654018315
3,long_gt1000,23,2.211711711711712,-0.006694399466166456,-0.0058599602443769605,-0.004200452788684972
3,long_gt1000,23,2.21021021021021,-0.006657722415244316,-0.005846916886242948,-0.004188541823333725
3,long_gt1000,23,2.2087087087087087,-0.006621938696157126,-0.005840661910596845,-0.004178107115456964
3,long_gt1000,23,2.2072072072072073,-0.00658810656225739,-0.0058393420448143996,-0.004168069195569779
3,long_gt1000,23,2.2057057057057055,-0.006557034243530491,-0.005841092995118702,-0.004157305678053946
3,long_gt1000,23,2.2042042042042045,-0.006529505549988879,-0.005844050467732398,-0.0041447550108097975
3,long_gt1000,23,2.2027027027027026,-0.0065063035579346895,-0.005846350168878356,-0.004130051911180654
3,long_gt1000,23,2.201201201201201,-0.006475638782963866,-0.005846127805099854,-0.004113472101504034
3,long_gt1000,23,2.1996996996997,-0.006452831539443649,-0.005841618006589888,-0.004095315222051532
3,long_gt1000,23,2.198198198198198,-0.0064368692361592705,-0.005832126287871775,-0.004075894997677576
3,long_gt1000,23,2.196696696696697,-0.006425430498753437,-0.005818180774814774,-0.004055846223986581
3,long_gt1000,23,2.195195195195195,-0.006416161994327041,-0.005800407451915124,-0.004036071443791256
3,long_gt1000,23,2.1936936936936937,-0.006406765765040068,-0.005779432303669729,-0.004017328544642651
3,long_gt1000,23,2.1921921921921923,-0.0063949457884592276,-0.005755881314574607,-0.00399987967976001
3,long_gt1000,23,2.1906906906906904,-0.006378700634757428,-0.005730380469126883,-0.003983785879722923
3,long_gt1000,23,2.1891891891891895,-0.006357251114592177,-0.0057035509898650805,-0.003969107587089238
3,long_gt1000,23,2.1876876876876876,-0.006330597985899744,-0.005675979117583552,-0.003955903912744363
3,long_gt1000,23,2.186186186186186,-0.006300505727509509,-0.005648272214807903,-0.003944132962084512
3,long_gt1000,23,2.184684684684685,-0.006268848362692148,-0.005621044318538271,-0.003933531507488874
3,long_gt1000,23,2.183183183183183,-0.006237278888231335,-0.005594909465775455,-0.003923381467209164
3,long_gt1000,23,2.181681681681682,-0.0062074446364766,-0.005570481693519591,-0.0039066704347883174
3,long_gt1000,23,2.18018018018018,-0.006180618574519348,-0.00554837503877148,-0.00388842640489806
3,long_gt1000,23,2.1786786786786787,-0.006157296772084431,-0.005529203538531258,-0.0038706371930491423
3,long_gt1000,23,2.1771771771771773,-0.006137861170281478,-0.005513408885237769,-0.0038532025721089713
3,long_gt1000,23,2.1756756756756754,-0.006121757300893593,-0.0055004549806194625,-0.0038435479016082352
3,long_gt1000,23,2.1741741741741745,-0.00610672442457294,-0.005489459782814121,-0.0038348301209604196
3,long_gt1000,23,2.1726726726726726,-0.00609110473676211,-0.00547954082055746,-0.003826235848226389
3,long_gt1000,23,2.171171171171171,-0.006073762580835695,-0.005469815622585639,-0.0038170798700655206
3,long_gt1000,23,2.16966966966967,-0.006053716707733803,-0.005459401717633705,-0.003803634311079107
3,long_gt1000,23,2.168168168168168,-0.0060277253631561,-0.005447416634438262,-0.0037862668020589574
3,long_gt1000,23,2.166666666666667,-0.005992632690409616,-0.0054329813581446285,-0.003769036975811324
3,long_gt1000,23,2.165165165165165,-0.005958360938753349,-0.005415660840792702,-0.003752389455896954
3,long_gt1000,23,2.1636636636636637,-0.0059257795081252285,-0.0053961349822351234,-0.003736615627446871
3,long_gt1000,23,2.1621621621621623,-0.005895354745899972,-0.005375332155248991,-0.003722070982091208
3,long_gt1000,23,2.1606606606606604,-0.005866760784347336,-0.005354181584465545,-0.0037088891687042658
3,long_gt1000,23,2.1591591591591595,-0.005839598979041738,-0.005333612494515583,-0.0036971122399624967
3,long_gt1000,23,2.1576576576576576,-0.005813693178877144,-0.005314554110029457,-0.0036864620815248994
3,long_gt1000,23,2.156156156156156,-0.005789023439811136,-0.005297931177357107,-0.0036764681282592804
3,long_gt1000,23,2.1546546546546548,-0.005765573825241566,-0.005284110581099677,-0.003666831525796943
3,long_gt1000,23,2.153153153153153,-0.005743329810266151,-0.005272255791809455,-0.0036573254925023058
3,long_gt1000,23,2.151651651651652,-0.005722412050333525,-0.005261356616173218,-0.003647608345834774
3,long_gt1000,23,2.15015015015015,-0.0057031864725508585,-0.005250402860876191,-0.003637340445615256
3,long_gt1000,23,2.1486486486486487,-0.005685999670695496,-0.005238384332602264,-0.00362620818174908
3,long_gt1000,23,2.1471471471471473,-0.0056706066375513675,-0.005224290838036438,-0.003614267692701567
3,long_gt1000,23,2.1456456456456454,-0.005656170549868,-0.005207114314781824,-0.003601922320197626
3,long_gt1000,23,2.1441441441441444,-0.005641786998469622,-0.005186404629056618,-0.0035894928317047325
3,long_gt1000,23,2.1426426426426426,-0.005625992313447292,-0.005163021222179154,-0.003577181707539845
3,long_gt1000,23,2.141141141141141,-0.005593482031813202,-0.005138012532595715,-0.0035649769511394425
3,long_gt1000,23,2.1396396396396398,-0.005568549705617598,-0.005112426999066999,-0.0035472558887368333
3,long_gt1000,23,2.138138138138138,-0.00554587549672958,-0.005087313060353038,-0.0035298396247734898
3,long_gt1000,23,2.136636636636637,-0.005523310570775486,-0.005063719155214308,-0.0035129171996659547
3,long_gt1000,23,2.135135135135135,-0.005501113067418184,-0.00504269372241084,-0.0034963712629918486
3,long_gt1000,23,2.1336336336336337,-0.005479940906370162,-0.00502495857155516,-0.00348006990332006
3,long_gt1000,23,2.1321321321321323,-0.0054604627677402595,-0.0050099722872511965,-0.0034638658453969295
3,long_gt1000,23,2.1306306306306304,-0.005442579284066329,-0.004996918780134418,-0.0034476030983676687
3,long_gt1000,23,2.1291291291291294,-0.005426122002811562,-0.004984983275862831,-0.0034313197644437743
3,long_gt1000,23,2.1276276276276276,-0.0054108892389117536,-0.004973351000094217,-0.0034151056819136105
3,long_gt1000,23,2.126126126126126,-0.005396600213334324,-0.004961207178486582,-0.0033990787593358718
3,long_gt1000,23,2.1246246246246248,-0.00538296225035928,-0.00494773703669793,-0.003383612188684215
3,long_gt1000,23,2.123123123123123,-0.005369621855384588,-0.0049321785676905705,-0.0033691959242666547
3,long_gt1000,23,2.121621621621622,-0.005356076451184966,-0.004914507057783846,-0.0033560955003332227
3,long_gt1000,23,2.12012012012012,-0.005341814356267127,-0.004895233218036088,-0.0033443816069924637
3,long_gt1000,23,2.1186186186186187,-0.005326497949763254,-0.004874879446103542,-0.0033340430095681883
3,long_gt1000,23,2.1171171171171173,-0.0053099783226217,-0.004853968139642673,-0.0033249631276067726
3,long_gt1000,23,2.1156156156156154,-0.005292513584856606,-0.004833021696310613,-0.0033170019193299316
3,long_gt1000,23,2.1141141141141144,-0.005274419903973704,-0.004812562513763385,-0.0033098518807533894
3,long_gt1000,23,2.1126126126126126,-0.005256010018702573,-0.004793112095649477,-0.003302881651138123
3,long_gt1000,23,2.111111111111111,-0.005237547271066734,-0.004774891600540565,-0.0032955424433404046
3,long_gt1000,23,2.1096096096096097,-0.005215037715521453,-0.004757513860103035,-0.0032877148200338713
3,long_gt1000,23,2.108108108108108,-0.005188683808496908,-0.0047406101700568914,-0.0032794199306434013
3,long_gt1000,23,2.106606606606607,-0.0051633161748092515,-0.004723816427930183,-0.003270632825200348
3,long_gt1000,23,2.105105105105105,-0.005139343111499772,-0.004706768531251182,-0.003261249577986236
3,long_gt1000,23,2.1036036036036037,-0.005117015664946933,-0.004689102377547716,-0.0032511725722934592
3,long_gt1000,23,2.1021021021021022,-0.005096998959572496,-0.004670453864348056,-0.003240591981336527
3,long_gt1000,23,2.1006006006006004,-0.005078633914778141,-0.004648023158997372,-0.0032298624109018403
3,long_gt1000,23,2.0990990990990994,-0.005061082982355192,-0.004615287242402788,-0.0032187700051115042
3,long_gt1000,23,2.0975975975975976,-0.005044488279573822,-0.004583550206723075,-0.003206908565666744
3,long_gt1000,23,2.096096096096096,-0.005028936211960766,-0.004554739197421442,-0.0031938757159489795
3,long_gt1000,23,2.0945945945945947,-0.005013927473005775,-0.00453078135996221,-0.0031794680719670065
3,long_gt1000,23,2.093093093093093,-0.004998597942544869,-0.0045130517218954225,-0.003163771407725613
3,long_gt1000,23,2.091591591591592,-0.00498257047765005,-0.004500678138048109,-0.003146895583142295
3,long_gt1000,23,2.09009009009009,-0.004965937496727579,-0.00449221010175882,-0.0031291351245160692
3,long_gt1000,23,2.0885885885885886,-0.004948599905612805,-0.004484687991270331,-0.003111122511257114
3,long_gt1000,23,2.0870870870870872,-0.004930374008816019,-0.004469337912217597,-0.0030935767632378486
3,long_gt1000,23,2.0855855855855854,-0.00491109811888657,-0.004455504619394812,-0.003077226485521223
3,long_gt1000,23,2.0840840840840844,-0.004890958169610715,-0.004442907000300256,-0.003062427975189186
3,long_gt1000,23,2.0825825825825826,-0.004870542446986925,-0.0044312639445880375,-0.003049185911465635
3,long_gt1000,23,2.081081081081081,-0.004850381762347089,-0.0044202943419118235,-0.0030381289526845157
3,long_gt1000,23,2.0795795795795797,-0.004830755902271333,-0.004409717081925946,-0.003030161682722854
3,long_gt1000,23,2.078078078078078,-0.004811856289533956,-0.004390090510505651,-0.0030229717960404967
3,long_gt1000,23,2.076576576576577,-0.004793910640199184,-0.004366893668063865,-0.003016498178143423
3,long_gt1000,23,2.075075075075075,-0.004777195205881268,-0.004343487202139951,-0.0030104389215531713
3,long_gt1000,23,2.0735735735735736,-0.004761534568809345,-0.00432052203848321,-0.0030047460853973584
3,long_gt1000,23,2.0720720720720722,-0.004746387003370711,-0.004298649102842278,-0.0029996224282569095
3,long_gt1000,23,2.0705705705705704,-0.004731141985785392,-0.0042785001559495495,-0.0029950034123018554
3,long_gt1000,23,2.0690690690690694,-0.004715145536797527,-0.004259753054115301,-0.0029907492334846353
3,long_gt1000,23,2.0675675675675675,-0.004698034051341726,-0.004241506379723425,-0.0029867282358662095
3,long_gt1000,23,2.066066066066066,-0.004679537559717284,-0.004223814989055441,-0.0029828332140965363
3,long_gt1000,23,2.0645645645645647,-0.0046593852301249905,-0.004206802551614208,-0.0029788799753863726
3,long_gt1000,23,2.063063063063063,-0.004637751893178055,-0.004190592736903032,-0.002974463864215404
3,long_gt1000,23,2.0615615615615615,-0.0046151061926946735,-0.004175309214426104,-0.0029694932624936277
3,long_gt1000,23,2.06006006006006,-0.004591941087094598,-0.00416107565368673,-0.0029639277218262983
3,long_gt1000,23,2.0585585585585586,-0.004568965920551449,-0.004147979857332507,-0.002957759837565077
3,long_gt1000,23,2.057057057057057,-0.004546869920083574,-0.004135220330406142,-0.0029510389270679394
3,long_gt1000,23,2.0555555555555554,-0.00452624373201771,-0.004121917655352858,-0.0029438197912381447
3,long_gt1000,23,2.054054054054054,-0.004507659300381217,-0.004107600332641903,-0.0029361384458505
3,long_gt1000,23,2.0525525525525525,-0.004491350360801061,-0.00409179856702635,-0.0029282905373673174
3,long_gt1000,23,2.051051051051051,-0.004477160271681435,-0.004074042563260383,-0.0029207260414580993
3,long_gt1000,23,2.0495495495495497,-0.00446489994146726,-0.00405386252609663,-0.0029132566922946967
3,long_gt1000,23,2.048048048048048,-0.004454371908294563,-0.004030807829994654,-0.0029052804782208064
3,long_gt1000,23,2.0465465465465464,-0.004445158255369952,-0.004005125935920617,-0.00289619368169991
3,long_gt1000,23,2.045045045045045,-0.004436366102053224,-0.003977944780094722,-0.0028856118965773225
3,long_gt1000,23,2.0435435435435436,-0.004427049470218214,-0.003950418058208172,-0.0028734564878755142
3,long_gt1000,23,2.042042042042042,-0.004416412361163302,-0.003923200456919185,-0.002859757890858461
3,long_gt1000,23,2.0405405405405403,-0.004403775936862475,-0.003896539522560083,-0.002844701529304383
3,long_gt1000,23,2.039039039039039,-0.0043889036273733195,-0.0038706709087856783,-0.0028291308556197547
3,long_gt1000,23,2.0375375375375375,-0.004371774832895636,-0.0038458299172960952,-0.0028141289448583295
3,long_gt1000,23,2.036036036036036,-0.004352434186280174,-0.0038221732688485943,-0.002800755699023827
3,long_gt1000,23,2.0345345345345347,-0.004331238316972463,-0.003799680370489167,-0.0027895933281316676
3,long_gt1000,23,2.033033033033033,-0.004309230660629271,-0.0037783063262011307,-0.002780816734930469
3,long_gt1000,23,2.0315315315315314,-0.004287307828587439,-0.003758006456827223,-0.0027745059574127984
3,long_gt1000,23,2.03003003003003,-0.0042661543222823894,-0.003738821029856565,-0.0027701389963102896
3,long_gt1000,23,2.0285285285285286,-0.004246423639728492,-0.003721003941969503,-0.0027670979389867734
3,long_gt1000,23,2.027027027027027,-0.004228433286985078,-0.003704842142282727,-0.0027647263587995408
3,long_gt1000,23,2.0255255255255253,-0.004212342964014071,-0.003690596622315967,-0.0027620705825666114
3,long_gt1000,23,2.024024024024024,-0.00419806464945327,-0.0036780552017821044,-0.0027583705951461646
3,long_gt1000,23,2.0225225225225225,-0.004185036879242543,-0.003666592556840653,-0.0027532070478137882
3,long_gt1000,23,2.021021021021021,-0.004172972746108949,-0.0036555694810125328,-0.0027463216790521994
3,long_gt1000,23,2.0195195195195197,-0.004161844955000826,-0.0036443467678182184,-0.002737904639627531
3,long_gt1000,23,2.018018018018018,-0.004151633564443591,-0.0036322852107786296,-0.002728231542969306
3,long_gt1000,23,2.0165165165165164,-0.004142293588226598,-0.0036187456034140197,-0.0027175780025070484
3,long_gt1000,23,2.015015015015015,-0.004133589621086453,-0.0036031668252491933,-0.0027062196316700593
3,long_gt1000,23,2.0135135135135136,-0.004125198783121009,-0.003585614877364751,-0.002694432043887862
3,long_gt1000,23,2.012012012012012,-0.004116797734093902,-0.003566457677649737,-0.0026824908525898694
3,long_gt1000,23,2.0105105105105103,-0.004108063133768769,-0.0035460650763208257,-0.0026706716712058265
3,long_gt1000,23,2.009009009009009,-0.00409867164190969,-0.00352480692359447,-0.0026592501131648127
3,long_gt1000,23,2.0075075075075075,-0.0040882999182800805,-0.0035030530696875672,-0.0026485017918964626
3,long_gt1000,23,2.006006006006006,-0.00407662462264391,-0.003481173364816348,-0.0026387023208299665
3,long_gt1000,23,2.0045045045045047,-0.004063322414764814,-0.003459537659197487,-0.002630127313395181
3,long_gt1000,23,2.003003003003003,-0.004048069954406763,-0.0034385158030478813,-0.002623052383021185
3,long_gt1000,23,2.0015015015015014,-0.004030543901333283,-0.003418477646583762,-0.0026177531431377243
3,long_gt1000,23,2.0,-0.004010420915308344,-0.0033997930400220255,-0.0026145052071741004
