batch,observed_class,n_cells,voltage,dq_q25,dq_median,dq_q75
1,0,1,3.5,4.486063349599847e-05,4.486063349599847e-05,4.486063349599847e-05
1,0,1,3.4984984984984986,3.916450433405613e-05,3.916450433405613e-05,3.916450433405613e-05
1,0,1,3.496996996996997,3.452645663645749e-05,3.452645663645749e-05,3.452645663645749e-05
1,0,1,3.4954954954954953,3.0850846433896136e-05,3.0850846433896136e-05,3.0850846433896136e-05
1,0,1,3.493993993993994,2.8042029757069435e-05,2.8042029757069435e-05,2.8042029757069435e-05
1,0,1,3.4924924924924925,2.6004362636670872e-05,2.6004362636670872e-05,2.6004362636670872e-05
1,0,1,3.490990990990991,2.4642201103395423e-05,2.4642201103395423e-05,2.4642201103395423e-05
1,0,1,3.4894894894894897,2.385990118793793e-05,2.385990118793793e-05,2.385990118793793e-05
1,0,1,3.487987987987988,2.3561818920993395e-05,2.3561818920993395e-05,2.3561818920993395e-05
1,0,1,3.4864864864864864,2.365231033325666e-05,2.365231033325666e-05,2.365231033325666e-05
1,0,1,3.484984984984985,2.403573145542262e-05,2.403573145542262e-05,2.403573145542262e-05
1,0,1,3.4834834834834836,2.4616438318186227e-05,2.4616438318186227e-05,2.4616438318186227e-05
1,0,1,3.481981981981982,2.529878695224221e-05,2.529878695224221e-05,2.529878695224221e-05
1,0,1,3.4804804804804803,2.5987133388285762e-05,2.5987133388285762e-05,2.5987133388285762e-05
1,0,1,3.478978978978979,2.6585833657011347e-05,2.6585833657011347e-05,2.6585833657011347e-05
1,0,1,3.4774774774774775,2.6999243789114022e-05,2.6999243789114022e-05,2.6999243789114022e-05
1,0,1,3.475975975975976,2.713171981528871e-05,2.713171981528871e-05,2.713171981528871e-05
1,0,1,3.4744744744744747,2.6887617766230358e-05,2.6887617766230358e-05,2.6887617766230358e-05
1,0,1,3.472972972972973,2.617129369324246e-05,2.617129369324246e-05,2.617129369324246e-05
1,0,1,3.4714714714714714,2.491063345920038e-05,2.491063345920038e-05,2.491063345920038e-05
1,0,1,3.46996996996997,2.3160807657480055e-05,2.3160807657480055e-05,2.3160807657480055e-05
1,0,1,3.4684684684684686,2.1049797114378987e-05,2.1049797114378987e-05,2.1049797114378987e-05
1,0,1,3.466966966966967,1.870900491960693e-05,1.870900491960693e-05,1.870900491960693e-05
1,0,1,3.4654654654654653,1.6269834162872636e-05,1.6269834162872636e-05,1.6269834162872636e-05
1,0,1,3.463963963963964,1.386368793388729e-05,1.386368793388729e-05,1.386368793388729e-05
1,0,1,3.4624624624624625,1.162120955271168e-05,1.162120955271168e-05,1.162120955271168e-05
1,0,1,3.460960960960961,9.604734699972706e-06,9.604734699972706e-06,9.604734699972706e-06
1,0,1,3.4594594594594597,7.822750509833202e-06,7.822750509833202e-06,7.822750509833202e-06
1,0,1,3.457957957957958,6.325727001813843e-06,6.325727001813843e-06,6.325727001813843e-06
1,0,1,3.4564564564564564,5.165211779862319e-06,5.165211779862319e-06,5.165211779862319e-06
1,0,1,3.454954954954955,4.392752447924912e-06,4.392752447924912e-06,4.392752447924912e-06
1,0,1,3.4534534534534536,4.059896609948338e-06,4.059896609948338e-06,4.059896609948338e-06
1,0,1,3.451951951951952,4.220194146360213e-06,4.220194146360213e-06,4.220194146360213e-06
1,0,1,3.4504504504504503,4.914241143984081e-06,4.914241143984081e-06,4.914241143984081e-06
1,0,1,3.448948948948949,6.010009741625345e-06,6.010009741625345e-06,6.010009741625345e-06
1,0,1,3.4474474474474475,7.32197676352696e-06,7.32197676352696e-06,7.32197676352696e-06
1,0,1,3.445945945945946,8.664617905446777e-06,8.664617905446777e-06,8.664617905446777e-06
1,0,1,3.4444444444444446,9.852408863142642e-06,9.852408863142642e-06,9.852408863142642e-06
1,0,1,3.442942942942943,1.0699825332372405e-05,1.0699825332372405e-05,1.0699825332372405e-05
1,0,1,3.4414414414414414,1.1025217373997285e-05,1.1025217373997285e-05,1.1025217373997285e-05
1,0,1,3.43993993993994,1.0728100124407025e-05,1.0728100124407025e-05,1.0728100124407025e-05
1,0,1,3.4384384384384385,9.93184340696159e-06,9.93184340696159e-06,9.93184340696159e-06
1,0,1,3.436936936936937,8.81471262593656e-06,8.81471262593656e-06,8.81471262593656e-06
1,0,1,3.4354354354354353,7.554973430332979e-06,7.554973430332979e-06,7.554973430332979e-06
1,0,1,3.433933933933934,6.330891469153409e-06,6.330891469153409e-06,6.330891469153409e-06
1,0,1,3.4324324324324325,5.320732391398677e-06,5.320732391398677e-06,5.320732391398677e-06
1,0,1,3.430930930930931,4.6916140784055566e-06,4.6916140784055566e-06,4.6916140784055566e-06
1,0,1,3.4294294294294296,4.500484079527278e-06,4.500484079527278e-06,4.500484079527278e-06
1,0,1,3.4279279279279278,4.632517778094562e-06,4.632517778094562e-06,4.632517778094562e-06
1,0,1,3.4264264264264264,4.948893235260992e-06,4.948893235260992e-06,4.948893235260992e-06
1,0,1,3.424924924924925,5.310788512181237e-06,5.310788512181237e-06,5.310788512181237e-06
1,0,1,3.4234234234234235,5.579381670009096e-06,5.579381670009096e-06,5.579381670009096e-06
1,0,1,3.421921921921922,5.616345861280108e-06,5.616345861280108e-06,5.616345861280108e-06
1,0,1,3.4204204204204203,5.335537532063974e-06,5.335537532063974e-06,5.335537532063974e-06
1,0,1,3.418918918918919,4.820163689855288e-06,4.820163689855288e-06,4.820163689855288e-06
1,0,1,3.4174174174174174,4.248383052146091e-06,4.248383052146091e-06,4.248383052146091e-06
1,0,1,3.415915915915916,3.8025852640895946e-06,3.8025852640895946e-06,3.8025852640895946e-06
1,0,1,3.4144144144144146,3.665159970836409e-06,3.665159970836409e-06,3.665159970836409e-06
1,0,1,3.4129129129129128,4.018496817540396e-06,4.018496817540396e-06,4.018496817540396e-06
1,0,1,3.4114114114114114,5.037093535155152e-06,5.037093535155152e-06,5.037093535155152e-06
1,0,1,3.40990990990991,6.72108096186428e-06,6.72108096186428e-06,6.72108096186428e-06
1,0,1,3.4084084084084085,8.811383743935561e-06,8.811383743935561e-06,8.811383743935561e-06
1,0,1,3.406906906906907,1.0980045154383548e-05,1.0980045154383548e-05,1.0980045154383548e-05
1,0,1,3.4054054054054053,1.2898223718342365e-05,1.2898223718342365e-05,1.2898223718342365e-05
1,0,1,3.403903903903904,1.4237077960944401e-05,1.4237077960944401e-05,1.4237077960944401e-05
1,0,1,3.4024024024024024,1.4667766407324648e-05,1.4667766407324648e-05,1.4667766407324648e-05
1,0,1,3.400900900900901,1.3903088286954576e-05,1.3903088286954576e-05,1.3903088286954576e-05
1,0,1,3.3993993993993996,1.1942370992118131e-05,1.1942370992118131e-05,1.1942370992118131e-05
1,0,1,3.3978978978978978,9.080828082829156e-06,9.080828082829156e-06,9.080828082829156e-06
1,0,1,3.3963963963963963,5.691616662943308e-06,5.691616662943308e-06,5.691616662943308e-06
1,0,1,3.394894894894895,2.1480707571995723e-06,2.1480707571995723e-06,2.1480707571995723e-06
1,0,1,3.3933933933933935,-1.1764756096652347e-06,-1.1764756096652347e-06,-1.1764756096652347e-06
1,0,1,3.391891891891892,-3.908762825804209e-06,-3.908762825804209e-06,-3.908762825804209e-06
1,0,1,3.3903903903903903,-5.715486085046233e-06,-5.715486085046233e-06,-5.715486085046233e-06
1,0,1,3.388888888888889,-6.48084729227812e-06,-6.48084729227812e-06,-6.48084729227812e-06
1,0,1,3.3873873873873874,-6.376922542285397e-06,-6.376922542285397e-06,-6.376922542285397e-06
1,0,1,3.385885885885886,-5.6155447504249376e-06,-5.6155447504249376e-06,-5.6155447504249376e-06
1,0,1,3.3843843843843846,-4.40854683205448e-06,-4.40854683205448e-06,-4.40854683205448e-06
1,0,1,3.3828828828828827,-2.96776170253003e-06,-2.96776170253003e-06,-2.96776170253003e-06
1,0,1,3.3813813813813813,-1.5073118830753393e-06,-1.5073118830753393e-06,-1.5073118830753393e-06
1,0,1,3.37987987987988,-2.979096982956564e-07,-2.979096982956564e-07,-2.979096982956564e-07
1,0,1,3.3783783783783785,4.6258116917063247e-07,4.6258116917063247e-07,4.6258116917063247e-07
1,0,1,3.376876876876877,7.301547167272784e-07,7.301547167272784e-07,7.301547167272784e-07
1,0,1,3.3753753753753752,4.691936175173217e-07,4.691936175173217e-07,4.691936175173217e-07
1,0,1,3.373873873873874,-3.5591945531272817e-07,-3.5591945531272817e-07,-3.5591945531272817e-07
1,0,1,3.3723723723723724,-1.7808018286180963e-06,-1.7808018286180963e-06,-1.7808018286180963e-06
1,0,1,3.370870870870871,-3.819546474585593e-06,-3.819546474585593e-06,-3.819546474585593e-06
1,0,1,3.3693693693693696,-6.323994298440376e-06,-6.323994298440376e-06,-6.323994298440376e-06
1,0,1,3.3678678678678677,-9.074285657632505e-06,-9.074285657632505e-06,-9.074285657632505e-06
1,0,1,3.3663663663663663,-1.1851699098610821e-05,-1.1851699098610821e-05,-1.1851699098610821e-05
1,0,1,3.364864864864865,-1.4437535124105574e-05,-1.4437535124105574e-05,-1.4437535124105574e-05
1,0,1,3.3633633633633635,-1.6613094236844414e-05,-1.6613094236844414e-05,-1.6613094236844414e-05
1,0,1,3.361861861861862,-1.815967694795799e-05,-1.815967694795799e-05,-1.815967694795799e-05
1,0,1,3.3603603603603602,-1.887447886602788e-05,-1.887447886602788e-05,-1.887447886602788e-05
1,0,1,3.358858858858859,-1.865859051137283e-05,-1.865859051137283e-05,-1.865859051137283e-05
1,0,1,3.3573573573573574,-1.759876587943167e-05,-1.759876587943167e-05,-1.759876587943167e-05
1,0,1,3.355855855855856,-1.582518679877059e-05,-1.582518679877059e-05,-1.582518679877059e-05
1,0,1,3.3543543543543546,-1.3468035107957327e-05,-1.3468035107957327e-05,-1.3468035107957327e-05
1,0,1,3.3528528528528527,-1.065749264555875e-05,-1.065749264555875e-05,-1.065749264555875e-05
1,0,1,3.3513513513513513,-7.524837789433386e-06,-7.524837789433386e-06,-7.524837789433386e-06
1,0,1,3.34984984984985,-4.303690758416384e-06,-4.303690758416384e-06,-4.303690758416384e-06
1,0,1,3.3483483483483485,-1.3571141613370752e-06,-1.3571141613370752e-06,-1.3571141613370752e-06
1,0,1,3.346846846846847,1.0555801976909127e-06,1.0555801976909127e-06,1.0555801976909127e-06
1,0,1,3.3453453453453452,2.691654201771726e-06,2.691654201771726e-06,2.691654201771726e-06
1,0,1,3.343843843843844,3.308369734011246e-06,3.308369734011246e-06,3.308369734011246e-06
1,0,1,3.3423423423423424,2.6629886775162218e-06,2.6629886775162218e-06,2.6629886775162218e-06
1,0,1,3.340840840840841,5.261052324727344e-07,5.261052324727344e-07,5.261052324727344e-07
1,0,1,3.3393393393393396,-3.040989387721217e-06,-3.040989387721217e-06,-3.040989387721217e-06
1,0,1,3.3378378378378377,-7.604193524383615e-06,-7.604193524383615e-06,-7.604193524383615e-06
1,0,1,3.3363363363363363,-1.2617672555051938e-05,-1.2617672555051938e-05,-1.2617672555051938e-05
1,0,1,3.334834834834835,-1.7530904648355335e-05,-1.7530904648355335e-05,-1.7530904648355335e-05
1,0,1,3.3333333333333335,-2.1793367972922084e-05,-2.1793367972922084e-05,-2.1793367972922084e-05
1,0,1,3.3318318318318316,-2.4854540697380467e-05,-2.4854540697380467e-05,-2.4854540697380467e-05
1,0,1,3.33033033033033,-2.6200023459455393e-05,-2.6200023459455393e-05,-2.6200023459455393e-05
1,0,1,3.328828828828829,-2.5602041051682456e-05,-2.5602041051682456e-05,-2.5602041051682456e-05
1,0,1,3.3273273273273274,-2.3330515457926568e-05,-2.3330515457926568e-05,-2.3330515457926568e-05
1,0,1,3.325825825825826,-1.9837677581598448e-05,-1.9837677581598448e-05,-1.9837677581598448e-05
1,0,1,3.324324324324324,-1.5576617436192236e-05,-1.5576617436192236e-05,-1.5576617436192236e-05
1,0,1,3.3228228228228227,-1.100042503520901e-05,-1.100042503520901e-05,-1.100042503520901e-05
1,0,1,3.3213213213213213,-6.562285682715219e-06,-6.562285682715219e-06,-6.562285682715219e-06
1,0,1,3.31981981981982,-2.741536698181238e-06,-2.741536698181238e-06,-2.741536698181238e-06
1,0,1,3.3183183183183185,5.099824959033106e-08,5.099824959033106e-08,5.099824959033106e-08
1,0,1,3.3168168168168166,1.8511588964625902e-06,1.8511588964625902e-06,1.8511588964625902e-06
1,0,1,3.315315315315315,2.794406609454847e-06,2.794406609454847e-06,2.794406609454847e-06
1,0,1,3.313813813813814,3.0162027555812043e-06,3.0162027555812043e-06,3.0162027555812043e-06
1,0,1,3.3123123123123124,2.652008701862704e-06,2.652008701862704e-06,2.652008701862704e-06
1,0,1,3.310810810810811,1.843020494862388e-06,1.843020494862388e-06,1.843020494862388e-06
1,0,1,3.309309309309309,8.776173983562202e-07,8.776173983562202e-07,8.776173983562202e-07
1,0,1,3.3078078078078077,4.084373187232537e-08,4.084373187232537e-08,4.084373187232537e-08
1,0,1,3.3063063063063063,-6.512012733477651e-07,-6.512012733477651e-07,-6.512012733477651e-07
1,0,1,3.304804804804805,-1.2092922714607851e-06,-1.2092922714607851e-06,-1.2092922714607851e-06
1,0,1,3.3033033033033035,-1.6442039166252032e-06,-1.6442039166252032e-06,-1.6442039166252032e-06
1,0,1,3.3018018018018016,-1.9667108630029573e-06,-1.9667108630029573e-06,-1.9667108630029573e-06
1,0,1,3.3003003003003,-2.2101549120648323e-06,-2.2101549120648323e-06,-2.2101549120648323e-06
1,0,1,3.298798798798799,-2.561952525265143e-06,-2.561952525265143e-06,-2.561952525265143e-06
1,0,1,3.2972972972972974,-3.1748344007775237e-06,-3.1748344007775237e-06,-3.1748344007775237e-06
1,0,1,3.295795795795796,-4.111075238056455e-06,-4.111075238056455e-06,-4.111075238056455e-06
1,0,1,3.294294294294294,-5.4298832079004156e-06,-5.4298832079004156e-06,-5.4298832079004156e-06
1,0,1,3.2927927927927927,-7.190466481111352e-06,-7.190466481111352e-06,-7.190466481111352e-06
1,0,1,3.2912912912912913,-9.451815959665016e-06,-9.451815959665016e-06,-9.451815959665016e-06
1,0,1,3.28978978978979,-1.2155148925640721e-05,-1.2155148925640721e-05,-1.2155148925640721e-05
1,0,1,3.2882882882882885,-1.4943284208104868e-05,-1.4943284208104868e-05,-1.4943284208104868e-05
1,0,1,3.2867867867867866,-1.750326472662808e-05,-1.750326472662808e-05,-1.750326472662808e-05
1,0,1,3.285285285285285,-1.956258325009827e-05,-1.956258325009827e-05,-1.956258325009827e-05
1,0,1,3.2837837837837838,-2.0848879195411313e-05,-2.0848879195411313e-05,-2.0848879195411313e-05
1,0,1,3.2822822822822824,-2.1089791979452682e-05,-2.1089791979452682e-05,-2.1089791979452682e-05
1,0,1,3.280780780780781,-2.0021789737839635e-05,-2.0021789737839635e-05,-2.0021789737839635e-05
1,0,1,3.279279279279279,-1.7698148977354777e-05,-1.7698148977354777e-05,-1.7698148977354777e-05
1,0,1,3.2777777777777777,-1.4569693908098383e-05,-1.4569693908098383e-05,-1.4569693908098383e-05
1,0,1,3.2762762762762763,-1.1114117070564616e-05,-1.1114117070564616e-05,-1.1114117070564616e-05
1,0,1,3.274774774774775,-7.809403236608281e-06,-7.809403236608281e-06,-7.809403236608281e-06
1,0,1,3.2732732732732734,-5.133537178098058e-06,-5.133537178098058e-06,-5.133537178098058e-06
1,0,1,3.2717717717717716,-3.5645036668870145e-06,-3.5645036668870145e-06,-3.5645036668870145e-06
1,0,1,3.27027027027027,-3.517145054813403e-06,-3.517145054813403e-06,-3.517145054813403e-06
1,0,1,3.2687687687687688,-4.84314551053161e-06,-4.84314551053161e-06,-4.84314551053161e-06
1,0,1,3.2672672672672673,-7.126634287400041e-06,-7.126634287400041e-06,-7.126634287400041e-06
1,0,1,3.265765765765766,-9.983302778716896e-06,-9.983302778716896e-06,-9.983302778716896e-06
1,0,1,3.264264264264264,-1.3030792941258473e-05,-1.3030792941258473e-05,-1.3030792941258473e-05
1,0,1,3.2627627627627627,-1.5886746731790663e-05,-1.5886746731790663e-05,-1.5886746731790663e-05
1,0,1,3.2612612612612613,-1.8168814411214512e-05,-1.8168814411214512e-05,-1.8168814411214512e-05
1,0,1,3.25975975975976,-1.9589196640305145e-05,-1.9589196640305145e-05,-1.9589196640305145e-05
1,0,1,3.2582582582582584,-2.019594904691807e-05,-2.019594904691807e-05,-2.019594904691807e-05
1,0,1,3.2567567567567566,-2.0165044951073186e-05,-2.0165044951073186e-05,-2.0165044951073186e-05
1,0,1,3.255255255255255,-1.970032870490107e-05,-1.970032870490107e-05,-1.970032870490107e-05
1,0,1,3.2537537537537538,-1.900584255591642e-05,-1.900584255591642e-05,-1.900584255591642e-05
1,0,1,3.2522522522522523,-1.828562875162698e-05,-1.828562875162698e-05,-1.828562875162698e-05
1,0,1,3.250750750750751,-1.7738881774906345e-05,-1.7738881774906345e-05,-1.7738881774906345e-05
1,0,1,3.249249249249249,-1.7348621654814794e-05,-1.7348621654814794e-05,-1.7348621654814794e-05
1,0,1,3.2477477477477477,-1.6876495395494462e-05,-1.6876495395494462e-05,-1.6876495395494462e-05
1,0,1,3.2462462462462462,-1.6301046881044e-05,-1.6301046881044e-05,-1.6301046881044e-05
1,0,1,3.244744744744745,-1.5647104447763516e-05,-1.5647104447763516e-05,-1.5647104447763516e-05
1,0,1,3.2432432432432434,-1.4939496431939231e-05,-1.4939496431939231e-05,-1.4939496431939231e-05
1,0,1,3.2417417417417416,-1.420305116987819e-05,-1.420305116987819e-05,-1.420305116987819e-05
1,0,1,3.24024024024024,-1.3468398135468157e-05,-1.3468398135468157e-05,-1.3468398135468157e-05
1,0,1,3.2387387387387387,-1.2832858046422924e-05,-1.2832858046422924e-05,-1.2832858046422924e-05
1,0,1,3.2372372372372373,-1.2385968007240511e-05,-1.2385968007240511e-05,-1.2385968007240511e-05
1,0,1,3.235735735735736,-1.2151982632369746e-05,-1.2151982632369746e-05,-1.2151982632369746e-05
1,0,1,3.234234234234234,-1.2150897145696976e-05,-1.2150897145696976e-05,-1.2150897145696976e-05
1,0,1,3.2327327327327327,-1.2402706771094674e-05,-1.2402706771094674e-05,-1.2402706771094674e-05
1,0,1,3.2312312312312312,-1.2927406732445718e-05,-1.2927406732445718e-05,-1.2927406732445718e-05
1,0,1,3.22972972972973,-1.3573673088181776e-05,-1.3573673088181776e-05,-1.3573673088181776e-05
1,0,1,3.2282282282282284,-1.3601588310103996e-05,-1.3601588310103996e-05,-1.3601588310103996e-05
1,0,1,3.2267267267267266,-1.3329413184832994e-05,-1.3329413184832994e-05,-1.3329413184832994e-05
1,0,1,3.225225225225225,-1.377939854990684e-05,-1.377939854990684e-05,-1.377939854990684e-05
1,0,1,3.2237237237237237,-1.5981776035262074e-05,-1.5981776035262074e-05,-1.5981776035262074e-05
1,0,1,3.2222222222222223,-2.0966777270824827e-05,-2.0966777270824827e-05,-2.0966777270824827e-05
1,0,1,3.220720720720721,-2.97515098589482e-05,-2.97515098589482e-05,-2.97515098589482e-05
1,0,1,3.219219219219219,-4.2298458826396657e-05,-4.2298458826396657e-05,-4.2298458826396657e-05
1,0,1,3.2177177177177176,-5.6676284837214874e-05,-5.6676284837214874e-05,-5.6676284837214874e-05
1,0,1,3.2162162162162162,-7.047276718698259e-05,-7.047276718698259e-05,-7.047276718698259e-05
1,0,1,3.214714714714715,-8.120722664599345e-05,-8.120722664599345e-05,-8.120722664599345e-05
1,0,1,3.2132132132132134,-8.639898398455498e-05,-8.639898398455498e-05,-8.639898398455498e-05
1,0,1,3.2117117117117115,-8.356735997296083e-05,-8.356735997296083e-05,-8.356735997296083e-05
1,0,1,3.21021021021021,-7.035336793285302e-05,-7.035336793285302e-05,-7.035336793285302e-05
1,0,1,3.2087087087087087,-4.6080693756972435e-05,-4.6080693756972435e-05,-4.6080693756972435e-05
1,0,1,3.2072072072072073,-1.4607593306542599e-05,-1.4607593306542599e-05,-1.4607593306542599e-05
1,0,1,3.205705705705706,1.4768789948348127e-05,1.4768789948348127e-05,1.4768789948348127e-05
1,0,1,3.204204204204204,3.226237750045269e-05,3.226237750045269e-05,3.226237750045269e-05
1,0,1,3.2027027027027026,2.8232634142290325e-05,2.8232634142290325e-05,2.8232634142290325e-05
1,0,1,3.201201201201201,1.8801812231433734e-07,1.8801812231433734e-07,1.8801812231433734e-07
1,0,1,3.1996996996997,-4.279473701788994e-05,-4.279473701788994e-05,-4.279473701788994e-05
1,0,1,3.198198198198198,-8.861308909339366e-05,-8.861308909339366e-05,-8.861308909339366e-05
1,0,1,3.1966966966966965,-0.000124967885638802,-0.000124967885638802,-0.000124967885638802
1,0,1,3.195195195195195,-0.00014112393500344267,-0.00014112393500344267,-0.00014112393500344267
1,0,1,3.1936936936936937,-0.0001377514600384641,-0.0001377514600384641,-0.0001377514600384641
1,0,1,3.1921921921921923,-0.00012282269668246332,-0.00012282269668246332,-0.00012282269668246332
1,0,1,3.1906906906906904,-0.00010436258266129095,-0.00010436258266129095,-0.00010436258266129095
1,0,1,3.189189189189189,-6.341267876611156e-05,-6.341267876611156e-05,-6.341267876611156e-05
1,0,1,3.1876876876876876,4.032122437568064e-05,4.032122437568064e-05,4.032122437568064e-05
1,0,1,3.186186186186186,0.0001822314967489802,0.0001822314967489802,0.0001822314967489802
1,0,1,3.184684684684685,0.00021924221084779205,0.00021924221084779205,0.00021924221084779205
1,0,1,3.183183183183183,5.295770176173831e-05,5.295770176173831e-05,5.295770176173831e-05
1,0,1,3.1816816816816815,-0.00021883177505215012,-0.00021883177505215012,-0.00021883177505215012
1,0,1,3.18018018018018,-0.00037168413128245426,-0.00037168413128245426,-0.00037168413128245426
1,0,1,3.1786786786786787,-0.0004423723714331168,-0.0004423723714331168,-0.0004423723714331168
1,0,1,3.1771771771771773,-0.0003914620161498267,-0.0003914620161498267,-0.0003914620161498267
1,0,1,3.1756756756756754,-9.306370430675615e-05,-9.306370430675615e-05,-9.306370430675615e-05
1,0,1,3.174174174174174,0.00023712469150925786,0.00023712469150925786,0.00023712469150925786
1,0,1,3.1726726726726726,0.00045437513911662786,0.00045437513911662786,0.00045437513911662786
1,0,1,3.171171171171171,0.0005838863066667394,0.0005838863066667394,0.0005838863066667394
1,0,1,3.16966966966967,0.0005065826315305832,0.0005065826315305832,0.0005065826315305832
1,0,1,3.168168168168168,0.00046332511862956505,0.00046332511862956505,0.00046332511862956505
1,0,1,3.1666666666666665,0.0005174557701201066,0.0005174557701201066,0.0005174557701201066
1,0,1,3.165165165165165,0.00044270253985759234,0.00044270253985759234,0.00044270253985759234
1,0,1,3.1636636636636637,0.0003690684255874266,0.0003690684255874266,0.0003690684255874266
1,0,1,3.1621621621621623,0.0005137524243372937,0.0005137524243372937,0.0005137524243372937
1,0,1,3.1606606606606604,0.0005679791941451962,0.0005679791941451962,0.0005679791941451962
1,0,1,3.159159159159159,0.0005893496556873545,0.0005893496556873545,0.0005893496556873545
1,0,1,3.1576576576576576,0.0004554008336390414,0.0004554008336390414,0.0004554008336390414
1,0,1,3.156156156156156,0.00027971575169405405,0.00027971575169405405,0.00027971575169405405
1,0,1,3.1546546546546548,0.00025759965662691675,0.00025759965662691675,0.00025759965662691675
1,0,1,3.153153153153153,0.0006492062308364743,0.0006492062308364743,0.0006492062308364743
1,0,1,3.1516516516516515,0.001350726244254058,0.001350726244254058,0.001350726244254058
1,0,1,3.15015015015015,0.0013368740915940536,0.0013368740915940536,0.0013368740915940536
1,0,1,3.1486486486486487,0.000995091644450552,0.000995091644450552,0.000995091644450552
1,0,1,3.1471471471471473,0.000864528798903863,0.000864528798903863,0.000864528798903863
1,0,1,3.1456456456456454,0.0007215512058082463,0.0007215512058082463,0.0007215512058082463
1,0,1,3.144144144144144,0.0010735336086630243,0.0010735336086630243,0.0010735336086630243
1,0,1,3.1426426426426426,0.001782740536913352,0.001782740536913352,0.001782740536913352
1,0,1,3.141141141141141,0.0021816123307593083,0.0021816123307593083,0.0021816123307593083
1,0,1,3.1396396396396398,0.002229843986515656,0.002229843986515656,0.002229843986515656
1,0,1,3.138138138138138,0.0022919376144414083,0.0022919376144414083,0.0022919376144414083
1,0,1,3.1366366366366365,0.0023597080352619204,0.0023597080352619204,0.0023597080352619204
1,0,1,3.135135135135135,0.0026979947223794154,0.0026979947223794154,0.0026979947223794154
1,0,1,3.1336336336336337,0.0030846752867281224,0.0030846752867281224,0.0030846752867281224
1,0,1,3.1321321321321323,0.003226852134584901,0.003226852134584901,0.003226852134584901
1,0,1,3.1306306306306304,0.002995177276822414,0.002995177276822414,0.002995177276822414
1,0,1,3.129129129129129,0.0025102824742636587,0.0025102824742636587,0.0025102824742636587
1,0,1,3.1276276276276276,0.002350353877310918,0.002350353877310918,0.002350353877310918
1,0,1,3.126126126126126,0.00262303340530734,0.00262303340530734,0.00262303340530734
1,0,1,3.1246246246246248,0.002939249211823647,0.002939249211823647,0.002939249211823647
1,0,1,3.123123123123123,0.0032307979129699294,0.0032307979129699294,0.0032307979129699294
1,0,1,3.1216216216216215,0.003316589111071966,0.003316589111071966,0.003316589111071966
1,0,1,3.12012012012012,0.0033853100715845463,0.0033853100715845463,0.0033853100715845463
1,0,1,3.1186186186186187,0.003541344672208291,0.003541344672208291,0.003541344672208291
1,0,1,3.1171171171171173,0.0035702790961417152,0.0035702790961417152,0.0035702790961417152
1,0,1,3.1156156156156154,0.0035897353514385832,0.0035897353514385832,0.0035897353514385832
1,0,1,3.114114114114114,0.0037703971618845977,0.0037703971618845977,0.0037703971618845977
1,0,1,3.1126126126126126,0.003998375807030274,0.003998375807030274,0.003998375807030274
1,0,1,3.111111111111111,0.004100492424073843,0.004100492424073843,0.004100492424073843
1,0,1,3.1096096096096097,0.00400118989432352,0.00400118989432352,0.00400118989432352
1,0,1,3.108108108108108,0.0038468599294588235,0.0038468599294588235,0.0038468599294588235
1,0,1,3.1066066066066065,0.0038823564929255094,0.0038823564929255094,0.0038823564929255094
1,0,1,3.105105105105105,0.003913269850296108,0.003913269850296108,0.003913269850296108
1,0,1,3.1036036036036037,0.0037898059566612297,0.0037898059566612297,0.0037898059566612297
1,0,1,3.1021021021021022,0.003678921713358263,0.003678921713358263,0.003678921713358263
1,0,1,3.1006006006006004,0.0038117077997044113,0.0038117077997044113,0.0038117077997044113
1,0,1,3.099099099099099,0.004077570738705183,0.004077570738705183,0.004077570738705183
1,0,1,3.0975975975975976,0.004184847699903238,0.004184847699903238,0.004184847699903238
1,0,1,3.096096096096096,0.004079430841455567,0.004079430841455567,0.004079430841455567
1,0,1,3.0945945945945947,0.0039010392336787936,0.0039010392336787936,0.0039010392336787936
1,0,1,3.093093093093093,0.003987772886171026,0.003987772886171026,0.003987772886171026
1,0,1,3.0915915915915915,0.004240675327169208,0.004240675327169208,0.004240675327169208
1,0,1,3.09009009009009,0.004297088261520754,0.004297088261520754,0.004297088261520754
1,0,1,3.0885885885885886,0.004165154233108481,0.004165154233108481,0.004165154233108481
1,0,1,3.0870870870870872,0.004233198761627199,0.004233198761627199,0.004233198761627199
1,0,1,3.0855855855855854,0.004245235236318923,0.004245235236318923,0.004245235236318923
1,0,1,3.084084084084084,0.004242634977303705,0.004242634977303705,0.004242634977303705
1,0,1,3.0825825825825826,0.00434075676571255,0.00434075676571255,0.00434075676571255
1,0,1,3.081081081081081,0.004351896436325942,0.004351896436325942,0.004351896436325942
1,0,1,3.0795795795795797,0.004292124326038427,0.004292124326038427,0.004292124326038427
1,0,1,3.078078078078078,0.004203025619642031,0.004203025619642031,0.004203025619642031
1,0,1,3.0765765765765765,0.003995751323073504,0.003995751323073504,0.003995751323073504
1,0,1,3.075075075075075,0.0038950562114861143,0.0038950562114861143,0.0038950562114861143
1,0,1,3.0735735735735736,0.003862693668929884,0.003862693668929884,0.003862693668929884
1,0,1,3.0720720720720722,0.003932105693627785,0.003932105693627785,0.003932105693627785
1,0,1,3.0705705705705704,0.004002271487764775,0.004002271487764775,0.004002271487764775
1,0,1,3.069069069069069,0.004060045322884287,0.004060045322884287,0.004060045322884287
1,0,1,3.0675675675675675,0.004113157308457516,0.004113157308457516,0.004113157308457516
1,0,1,3.066066066066066,0.004082487512227062,0.004082487512227062,0.004082487512227062
1,0,1,3.0645645645645647,0.0038996558598474174,0.0038996558598474174,0.0038996558598474174
1,0,1,3.063063063063063,0.003746179736397237,0.003746179736397237,0.003746179736397237
1,0,1,3.0615615615615615,0.0037857045732438976,0.0037857045732438976,0.0037857045732438976
1,0,1,3.06006006006006,0.003908287388462939,0.003908287388462939,0.003908287388462939
1,0,1,3.0585585585585586,0.004038805684145386,0.004038805684145386,0.004038805684145386
1,0,1,3.057057057057057,0.004096615356728117,0.004096615356728117,0.004096615356728117
1,0,1,3.0555555555555554,0.004008288218059319,0.004008288218059319,0.004008288218059319
1,0,1,3.054054054054054,0.0038994811540532526,0.0038994811540532526,0.0038994811540532526
1,0,1,3.0525525525525525,0.003789101820178997,0.003789101820178997,0.003789101820178997
1,0,1,3.051051051051051,0.003494153953039314,0.003494153953039314,0.003494153953039314
1,0,1,3.0495495495495497,0.00313127096611332,0.00313127096611332,0.00313127096611332
1,0,1,3.048048048048048,0.002840266572257999,0.002840266572257999,0.002840266572257999
1,0,1,3.0465465465465464,0.0028799268802919276,0.0028799268802919276,0.0028799268802919276
1,0,1,3.045045045045045,0.003314393083244327,0.003314393083244327,0.003314393083244327
1,0,1,3.0435435435435436,0.0036742841536746562,0.0036742841536746562,0.0036742841536746562
1,0,1,3.042042042042042,0.0037914077316502093,0.0037914077316502093,0.0037914077316502093
1,0,1,3.0405405405405403,0.003710712210573397,0.003710712210573397,0.003710712210573397
1,0,1,3.039039039039039,0.0034464703840055844,0.0034464703840055844,0.0034464703840055844
1,0,1,3.0375375375375375,0.003188164646628522,0.003188164646628522,0.003188164646628522
1,0,1,3.036036036036036,0.003156161769632959,0.003156161769632959,0.003156161769632959
1,0,1,3.0345345345345347,0.003188361565609643,0.003188361565609643,0.003188361565609643
1,0,1,3.033033033033033,0.0031700020186873346,0.0031700020186873346,0.0031700020186873346
1,0,1,3.0315315315315314,0.0031708010008751897,0.0031708010008751897,0.0031708010008751897
1,0,1,3.03003003003003,0.0032192097097131223,0.0032192097097131223,0.0032192097097131223
1,0,1,3.0285285285285286,0.0032126255115890734,0.0032126255115890734,0.0032126255115890734
1,0,1,3.027027027027027,0.003084339765168087,0.003084339765168087,0.003084339765168087
1,0,1,3.0255255255255253,0.0029785714751676684,0.0029785714751676684,0.0029785714751676684
1,0,1,3.024024024024024,0.0030250657010871818,0.0030250657010871818,0.0030250657010871818
1,0,1,3.0225225225225225,0.0031432990606536926,0.0031432990606536926,0.0031432990606536926
1,0,1,3.021021021021021,0.003212611590500014,0.003212611590500014,0.003212611590500014
1,0,1,3.0195195195195197,0.0031779133955521788,0.0031779133955521788,0.0031779133955521788
1,0,1,3.018018018018018,0.003063394425605881,0.003063394425605881,0.003063394425605881
1,0,1,3.0165165165165164,0.002951651471050032,0.002951651471050032,0.002951651471050032
1,0,1,3.015015015015015,0.002886615194903519,0.002886615194903519,0.002886615194903519
1,0,1,3.0135135135135136,0.0028422178469625914,0.0028422178469625914,0.0028422178469625914
1,0,1,3.012012012012012,0.0028055004409049955,0.0028055004409049955,0.0028055004409049955
1,0,1,3.0105105105105103,0.0027581905435886123,0.0027581905435886123,0.0027581905435886123
1,0,1,3.009009009009009,0.002692546002873719,0.002692546002873719,0.002692546002873719
1,0,1,3.0075075075075075,0.0026605074437248133,0.0026605074437248133,0.0026605074437248133
1,0,1,3.006006006006006,0.00271442238230013,0.00271442238230013,0.00271442238230013
1,0,1,3.0045045045045047,0.002824966900162651,0.002824966900162651,0.002824966900162651
1,0,1,3.003003003003003,0.002926459033703477,0.002926459033703477,0.002926459033703477
1,0,1,3.0015015015015014,0.002981992876996964,0.002981992876996964,0.002981992876996964
1,0,1,3.0,0.002964615051424646,0.002964615051424646,0.002964615051424646
1,0,1,2.9984984984984986,0.0028649881794664545,0.0028649881794664545,0.0028649881794664545
1,0,1,2.996996996996997,0.0027584217040164116,0.0027584217040164116,0.0027584217040164116
1,0,1,2.9954954954954953,0.002723998993434451,0.002723998993434451,0.002723998993434451
1,0,1,2.993993993993994,0.0027480913594891687,0.0027480913594891687,0.0027480913594891687
1,0,1,2.9924924924924925,0.0027702273585822335,0.0027702273585822335,0.0027702273585822335
1,0,1,2.990990990990991,0.002753138845227321,0.002753138845227321,0.002753138845227321
1,0,1,2.9894894894894897,0.0027110689154067336,0.0027110689154067336,0.0027110689154067336
1,0,1,2.987987987987988,0.0026729225287376313,0.0026729225287376313,0.0026729225287376313
1,0,1,2.9864864864864864,0.002648788330813945,0.002648788330813945,0.002648788330813945
1,0,1,2.984984984984985,0.0026252312200542027,0.0026252312200542027,0.0026252312200542027
1,0,1,2.9834834834834836,0.0025813772646171573,0.0025813772646171573,0.0025813772646171573
1,0,1,2.981981981981982,0.002507898954796528,0.002507898954796528,0.002507898954796528
1,0,1,2.9804804804804803,0.0024121484040249275,0.0024121484040249275,0.0024121484040249275
1,0,1,2.978978978978979,0.002327290000149862,0.002327290000149862,0.002327290000149862
1,0,1,2.9774774774774775,0.002290299622399461,0.002290299622399461,0.002290299622399461
1,0,1,2.975975975975976,0.002312362198185758,0.002312362198185758,0.002312362198185758
1,0,1,2.9744744744744747,0.0023711789674386585,0.0023711789674386585,0.0023711789674386585
1,0,1,2.972972972972973,0.0024323315057991346,0.0024323315057991346,0.0024323315057991346
1,0,1,2.9714714714714714,0.0024655777284310343,0.0024655777284310343,0.0024655777284310343
1,0,1,2.96996996996997,0.0024644940914728686,0.0024644940914728686,0.0024644940914728686
1,0,1,2.9684684684684686,0.0024347116158248694,0.0024347116158248694,0.0024347116158248694
1,0,1,2.966966966966967,0.002390251798183418,0.002390251798183418,0.002390251798183418
1,0,1,2.9654654654654653,0.0023347335842860417,0.0023347335842860417,0.0023347335842860417
1,0,1,2.963963963963964,0.002262519019778919,0.002262519019778919,0.002262519019778919
1,0,1,2.9624624624624625,0.002169696064001636,0.002169696064001636,0.002169696064001636
1,0,1,2.960960960960961,0.0020633753618136685,0.0020633753618136685,0.0020633753618136685
1,0,1,2.9594594594594597,0.0019611642959006526,0.0019611642959006526,0.0019611642959006526
1,0,1,2.957957957957958,0.0018806012826343421,0.0018806012826343421,0.0018806012826343421
1,0,1,2.9564564564564564,0.0018326313883355594,0.0018326313883355594,0.0018326313883355594
1,0,1,2.954954954954955,0.001809643918277648,0.001809643918277648,0.001809643918277648
1,0,1,2.9534534534534536,0.0017985650384532148,0.0017985650384532148,0.0017985650384532148
1,0,1,2.951951951951952,0.0017826085238342726,0.0017826085238342726,0.0017826085238342726
1,0,1,2.9504504504504503,0.0017592352031932101,0.0017592352031932101,0.0017592352031932101
1,0,1,2.948948948948949,0.0017377203101545113,0.0017377203101545113,0.0017377203101545113
1,0,1,2.9474474474474475,0.0017260002964968324,0.0017260002964968324,0.0017260002964968324
1,0,1,2.945945945945946,0.0017289421620299006,0.0017289421620299006,0.0017289421620299006
1,0,1,2.9444444444444446,0.0017396095753954288,0.0017396095753954288,0.0017396095753954288
1,0,1,2.942942942942943,0.0017459512511203146,0.0017459512511203146,0.0017459512511203146
1,0,1,2.9414414414414414,0.0017389325467358496,0.0017389325467358496,0.0017389325467358496
1,0,1,2.93993993993994,0.0017127153341860435,0.0017127153341860435,0.0017127153341860435
1,0,1,2.9384384384384385,0.0016714792891243668,0.0016714792891243668,0.0016714792891243668
1,0,1,2.936936936936937,0.0016245989932864857,0.0016245989932864857,0.0016245989932864857
1,0,1,2.9354354354354353,0.0015833931151981728,0.0015833931151981728,0.0015833931151981728
1,0,1,2.933933933933934,0.0015609899655995019,0.0015609899655995019,0.0015609899655995019
1,0,1,2.9324324324324325,0.0015621979534461428,0.0015621979534461428,0.0015621979534461428
1,0,1,2.930930930930931,0.0015827025494663527,0.0015827025494663527,0.0015827025494663527
1,0,1,2.9294294294294296,0.0016160240921160307,0.0016160240921160307,0.0016160240921160307
1,0,1,2.9279279279279278,0.00165088707908434,0.00165088707908434,0.00165088707908434
1,0,1,2.9264264264264264,0.0016767297062713071,0.0016767297062713071,0.0016767297062713071
1,0,1,2.924924924924925,0.0016894895389060194,0.0016894895389060194,0.0016894895389060194
1,0,1,2.9234234234234235,0.0016869430252107742,0.0016869430252107742,0.0016869430252107742
1,0,1,2.921921921921922,0.0016697142107313656,0.0016697142107313656,0.0016697142107313656
1,0,1,2.9204204204204203,0.001641160282909393,0.001641160282909393,0.001641160282909393
1,0,1,2.918918918918919,0.0016052576559094645,0.0016052576559094645,0.0016052576559094645
1,0,1,2.9174174174174174,0.001566994669491506,0.001566994669491506,0.001566994669491506
1,0,1,2.915915915915916,0.0015313575523031586,0.0015313575523031586,0.0015313575523031586
1,0,1,2.9144144144144146,0.0015015556973746458,0.0015015556973746458,0.0015015556973746458
1,0,1,2.9129129129129128,0.0014794520609833217,0.0014794520609833217,0.0014794520609833217
1,0,1,2.9114114114114114,0.0014663800657537251,0.0014663800657537251,0.0014663800657537251
1,0,1,2.90990990990991,0.0014610380349565633,0.0014610380349565633,0.0014610380349565633
1,0,1,2.9084084084084085,0.0014612517652553558,0.0014612517652553558,0.0014612517652553558
1,0,1,2.906906906906907,0.001464452499754354,0.001464452499754354,0.001464452499754354
1,0,1,2.9054054054054053,0.0014670842453983202,0.0014670842453983202,0.0014670842453983202
1,0,1,2.903903903903904,0.0014654429935365698,0.0014654429935365698,0.0014654429935365698
1,0,1,2.9024024024024024,0.0014560801399370327,0.0014560801399370327,0.0014560801399370327
1,0,1,2.900900900900901,0.0014359478525174385,0.0014359478525174385,0.0014359478525174385
1,0,1,2.8993993993993996,0.001402122840064024,0.001402122840064024,0.001402122840064024
1,0,1,2.8978978978978978,0.0013548773830799332,0.0013548773830799332,0.0013548773830799332
1,0,1,2.8963963963963963,0.0012984781123519529,0.0012984781123519529,0.0012984781123519529
1,0,1,2.894894894894895,0.0012374459133268623,0.0012374459133268623,0.0012374459133268623
1,0,1,2.8933933933933935,0.001177007854992529,0.001177007854992529,0.001177007854992529
1,0,1,2.891891891891892,0.001124061520870634,0.001124061520870634,0.001124061520870634
1,0,1,2.8903903903903903,0.0010857372714501157,0.0010857372714501157,0.0010857372714501157
1,0,1,2.888888888888889,0.0010665307471114938,0.0010665307471114938,0.0010665307471114938
1,0,1,2.8873873873873874,0.0010646186760440157,0.0010646186760440157,0.0010646186760440157
1,0,1,2.885885885885886,0.001077250075698477,0.001077250075698477,0.001077250075698477
1,0,1,2.8843843843843846,0.0011016104882054512,0.0011016104882054512,0.0011016104882054512
1,0,1,2.8828828828828827,0.001132917523212873,0.001132917523212873,0.001132917523212873
1,0,1,2.8813813813813813,0.0011640888688035922,0.0011640888688035922,0.0011640888688035922
1,0,1,2.87987987987988,0.0011879712967667322,0.0011879712967667322,0.0011879712967667322
1,0,1,2.8783783783783785,0.0012004329620979304,0.0012004329620979304,0.0012004329620979304
1,0,1,2.876876876876877,0.001201735398926762,0.001201735398926762,0.001201735398926762
1,0,1,2.8753753753753752,0.0011924861175538481,0.0011924861175538481,0.0011924861175538481
1,0,1,2.873873873873874,0.0011735382806140615,0.0011735382806140615,0.0011735382806140615
1,0,1,2.8723723723723724,0.001147903686650964,0.001147903686650964,0.001147903686650964
1,0,1,2.870870870870871,0.0011197143737590176,0.0011197143737590176,0.0011197143737590176
1,0,1,2.8693693693693696,0.0010929540943243055,0.0010929540943243055,0.0010929540943243055
1,0,1,2.8678678678678677,0.001069354641161313,0.001069354641161313,0.001069354641161313
1,0,1,2.8663663663663663,0.0010489685121587433,0.0010489685121587433,0.0010489685121587433
1,0,1,2.864864864864865,0.0010318078972351152,0.0010318078972351152,0.0010318078972351152
1,0,1,2.8633633633633635,0.0010175132471620385,0.0010175132471620385,0.0010175132471620385
1,0,1,2.861861861861862,0.0010045404312357675,0.0010045404312357675,0.0010045404312357675
1,0,1,2.8603603603603602,0.0009911098819084252,0.0009911098819084252,0.0009911098819084252
1,0,1,2.858858858858859,0.0009756470200815714,0.0009756470200815714,0.0009756470200815714
1,0,1,2.8573573573573574,0.0009577260239511665,0.0009577260239511665,0.0009577260239511665
1,0,1,2.855855855855856,0.0009373209938452476,0.0009373209938452476,0.0009373209938452476
1,0,1,2.8543543543543546,0.0009144300572329067,0.0009144300572329067,0.0009144300572329067
1,0,1,2.8528528528528527,0.0008899516320934886,0.0008899516320934886,0.0008899516320934886
1,0,1,2.8513513513513513,0.0008659433544968564,0.0008659433544968564,0.0008659433544968564
1,0,1,2.84984984984985,0.0008445389035949269,0.0008445389035949269,0.0008445389035949269
1,0,1,2.8483483483483485,0.000827692309464334,0.000827692309464334,0.000827692309464334
1,0,1,2.846846846846847,0.00081689587454703,0.00081689587454703,0.00081689587454703
1,0,1,2.8453453453453452,0.0008135687462388352,0.0008135687462388352,0.0008135687462388352
1,0,1,2.843843843843844,0.0008189253537758123,0.0008189253537758123,0.0008189253537758123
1,0,1,2.8423423423423424,0.0008321534525911334,0.0008321534525911334,0.0008321534525911334
1,0,1,2.840840840840841,0.0008512835141031294,0.0008512835141031294,0.0008512835141031294
1,0,1,2.8393393393393396,0.0008743226277844185,0.0008743226277844185,0.0008743226277844185
1,0,1,2.8378378378378377,0.0008988902395218323,0.0008988902395218323,0.0008988902395218323
1,0,1,2.8363363363363363,0.0009220993647307552,0.0009220993647307552,0.0009220993647307552
1,0,1,2.834834834834835,0.0009410289102312897,0.0009410289102312897,0.0009410289102312897
1,0,1,2.8333333333333335,0.0009532610003653019,0.0009532610003653019,0.0009532610003653019
1,0,1,2.831831831831832,0.0009581676382374171,0.0009581676382374171,0.0009581676382374171
1,0,1,2.83033033033033,0.0009555186039289509,0.0009555186039289509,0.0009555186039289509
1,0,1,2.828828828828829,0.000945182318278226,0.000945182318278226,0.000945182318278226
1,0,1,2.8273273273273274,0.0009283679440215131,0.0009283679440215131,0.0009283679440215131
1,0,1,2.825825825825826,0.0009072516898428473,0.0009072516898428473,0.0009072516898428473
1,0,1,2.8243243243243246,0.0008840254193982489,0.0008840254193982489,0.0008840254193982489
1,0,1,2.8228228228228227,0.0008605384128815841,0.0008605384128815841,0.0008605384128815841
1,0,1,2.8213213213213213,0.0008381098663765574,0.0008381098663765574,0.0008381098663765574
1,0,1,2.81981981981982,0.0008180134847201037,0.0008180134847201037,0.0008180134847201037
1,0,1,2.8183183183183185,0.0008013070531103228,0.0008013070531103228,0.0008013070531103228
1,0,1,2.816816816816817,0.0007878793796580741,0.0007878793796580741,0.0007878793796580741
1,0,1,2.815315315315315,0.0007772254978852811,0.0007772254978852811,0.0007772254978852811
1,0,1,2.813813813813814,0.000768842319438301,0.000768842319438301,0.000768842319438301
1,0,1,2.8123123123123124,0.0007622521121465331,0.0007622521121465331,0.0007622521121465331
1,0,1,2.810810810810811,0.0007569935234799097,0.0007569935234799097,0.0007569935234799097
1,0,1,2.8093093093093096,0.0007526058540744396,0.0007526058540744396,0.0007526058540744396
1,0,1,2.8078078078078077,0.0007487710170157591,0.0007487710170157591,0.0007487710170157591
1,0,1,2.8063063063063063,0.0007455270477002562,0.0007455270477002562,0.0007455270477002562
1,0,1,2.804804804804805,0.000742966654204924,0.000742966654204924,0.000742966654204924
1,0,1,2.8033033033033035,0.0007412011950123087,0.0007412011950123087,0.0007412011950123087
1,0,1,2.801801801801802,0.0007404232294976332,0.0007404232294976332,0.0007404232294976332
1,0,1,2.8003003003003,0.0007408474104528828,0.0007408474104528828,0.0007408474104528828
1,0,1,2.798798798798799,0.0007426857946795096,0.0007426857946795096,0.0007426857946795096
1,0,1,2.7972972972972974,0.0007460862266259749,0.0007460862266259749,0.0007460862266259749
1,0,1,2.795795795795796,0.00075112973779623,0.00075112973779623,0.00075112973779623
1,0,1,2.7942942942942945,0.0007578910155778829,0.0007578910155778829,0.0007578910155778829
1,0,1,2.7927927927927927,0.00076614897257965,0.00076614897257965,0.00076614897257965
1,0,1,2.7912912912912913,0.0007751530658470784,0.0007751530658470784,0.0007751530658470784
1,0,1,2.78978978978979,0.0007840977621469403,0.0007840977621469403,0.0007840977621469403
1,0,1,2.7882882882882885,0.0007921081263737584,0.0007921081263737584,0.0007921081263737584
1,0,1,2.786786786786787,0.0007978144504912077,0.0007978144504912077,0.0007978144504912077
1,0,1,2.785285285285285,0.000799632176119669,0.000799632176119669,0.000799632176119669
1,0,1,2.7837837837837838,0.0007960533039748086,0.0007960533039748086,0.0007960533039748086
1,0,1,2.7822822822822824,0.0007866615042293468,0.0007866615042293468,0.0007866615042293468
1,0,1,2.7807807807807805,0.0007718478357379155,0.0007718478357379155,0.0007718478357379155
1,0,1,2.7792792792792795,0.0007520223304884333,0.0007520223304884333,0.0007520223304884333
1,0,1,2.7777777777777777,0.0007281968461791966,0.0007281968461791966,0.0007281968461791966
1,0,1,2.7762762762762763,0.0007035514739859305,0.0007035514739859305,0.0007035514739859305
1,0,1,2.774774774774775,0.0006817544259687391,0.0006817544259687391,0.0006817544259687391
1,0,1,2.773273273273273,0.0006661293372005606,0.0006661293372005606,0.0006661293372005606
1,0,1,2.771771771771772,0.0006581708731996372,0.0006581708731996372,0.0006581708731996372
1,0,1,2.77027027027027,0.0006587692088320107,0.0006587692088320107,0.0006587692088320107
1,0,1,2.7687687687687688,0.0006687746553992735,0.0006687746553992735,0.0006687746553992735
1,0,1,2.7672672672672673,0.0006869742199957507,0.0006869742199957507,0.0006869742199957507
1,0,1,2.7657657657657655,0.0007091211091310168,0.0007091211091310168,0.0007091211091310168
1,0,1,2.7642642642642645,0.0007307300773102821,0.0007307300773102821,0.0007307300773102821
1,0,1,2.7627627627627627,0.0007481997820710795,0.0007481997820710795,0.0007481997820710795
1,0,1,2.7612612612612613,0.0007598960755195172,0.0007598960755195172,0.0007598960755195172
1,0,1,2.75975975975976,0.0007644502248052021,0.0007644502248052021,0.0007644502248052021
1,0,1,2.758258258258258,0.0007607811578700385,0.0007607811578700385,0.0007607811578700385
1,0,1,2.756756756756757,0.0007508859147251634,0.0007508859147251634,0.0007508859147251634
1,0,1,2.755255255255255,0.0007386280183319105,0.0007386280183319105,0.0007386280183319105
1,0,1,2.7537537537537538,0.0007278335988174511,0.0007278335988174511,0.0007278335988174511
1,0,1,2.7522522522522523,0.0007205693920897538,0.0007205693920897538,0.0007205693920897538
1,0,1,2.7507507507507505,0.0007169594900988674,0.0007169594900988674,0.0007169594900988674
1,0,1,2.7492492492492495,0.0007170276707304524,0.0007170276707304524,0.0007170276707304524
1,0,1,2.7477477477477477,0.0007203288171244715,0.0007203288171244715,0.0007203288171244715
1,0,1,2.7462462462462462,0.0007241936912316671,0.0007241936912316671,0.0007241936912316671
1,0,1,2.744744744744745,0.0007252942802047357,0.0007252942802047357,0.0007252942802047357
1,0,1,2.743243243243243,0.0007205697189893723,0.0007205697189893723,0.0007205697189893723
1,0,1,2.741741741741742,0.0007096024298782755,0.0007096024298782755,0.0007096024298782755
1,0,1,2.74024024024024,0.0006934831312328527,0.0006934831312328527,0.0006934831312328527
1,0,1,2.7387387387387387,0.0006733252700346082,0.0006733252700346082,0.0006733252700346082
1,0,1,2.7372372372372373,0.0006508464555103899,0.0006508464555103899,0.0006508464555103899
1,0,1,2.7357357357357355,0.0006289291504739669,0.0006289291504739669,0.0006289291504739669
1,0,1,2.7342342342342345,0.000610588431918746,0.000610588431918746,0.000610588431918746
1,0,1,2.7327327327327327,0.0005981628648179527,0.0005981628648179527,0.0005981628648179527
1,0,1,2.7312312312312312,0.0005915909634357508,0.0005915909634357508,0.0005915909634357508
1,0,1,2.72972972972973,0.0005902792503924559,0.0005902792503924559,0.0005902792503924559
1,0,1,2.728228228228228,0.0005935743408058691,0.0005935743408058691,0.0005935743408058691
1,0,1,2.726726726726727,0.0005997982633603183,0.0005997982633603183,0.0005997982633603183
1,0,1,2.725225225225225,0.0006064131389116323,0.0006064131389116323,0.0006064131389116323
1,0,1,2.7237237237237237,0.000610877589044545,0.000610877589044545,0.000610877589044545
1,0,1,2.7222222222222223,0.0006118238734647008,0.0006118238734647008,0.0006118238734647008
1,0,1,2.7207207207207205,0.0006095891565316425,0.0006095891565316425,0.0006095891565316425
1,0,1,2.7192192192192195,0.0006046446771539316,0.0006046446771539316,0.0006046446771539316
1,0,1,2.7177177177177176,0.0005977092369808812,0.0005977092369808812,0.0005977092369808812
1,0,1,2.7162162162162162,0.0005908644763519266,0.0005908644763519266,0.0005908644763519266
1,0,1,2.714714714714715,0.0005866584998224234,0.0005866584998224234,0.0005866584998224234
1,0,1,2.713213213213213,0.0005874136935506424,0.0005874136935506424,0.0005874136935506424
1,0,1,2.7117117117117115,0.0005930284549631182,0.0005930284549631182,0.0005930284549631182
1,0,1,2.71021021021021,0.0006019293524353042,0.0006019293524353042,0.0006019293524353042
1,0,1,2.7087087087087087,0.0006125210996614783,0.0006125210996614783,0.0006125210996614783
1,0,1,2.7072072072072073,0.0006228817624023275,0.0006228817624023275,0.0006228817624023275
1,0,1,2.7057057057057055,0.0006303144962118701,0.0006303144962118701,0.0006303144962118701
1,0,1,2.704204204204204,0.0006320100731396217,0.0006320100731396217,0.0006320100731396217
1,0,1,2.7027027027027026,0.0006259917966973116,0.0006259917966973116,0.0006259917966973116
1,0,1,2.701201201201201,0.0006134051079178526,0.0006134051079178526,0.0006134051079178526
1,0,1,2.6996996996997,0.0005961271945580382,0.0005961271945580382,0.0005961271945580382
1,0,1,2.698198198198198,0.0005760541533668118,0.0005760541533668118,0.0005760541533668118
1,0,1,2.6966966966966965,0.0005554916326495629,0.0005554916326495629,0.0005554916326495629
1,0,1,2.695195195195195,0.0005371412224484118,0.0005371412224484118,0.0005371412224484118
1,0,1,2.6936936936936937,0.0005236966129547049,0.0005236966129547049,0.0005236966129547049
1,0,1,2.6921921921921923,0.0005165926109482744,0.0005165926109482744,0.0005165926109482744
1,0,1,2.6906906906906904,0.0005154129293778453,0.0005154129293778453,0.0005154129293778453
1,0,1,2.689189189189189,0.000519593206093738,0.000519593206093738,0.000519593206093738
1,0,1,2.6876876876876876,0.0005284330411412519,0.0005284330411412519,0.0005284330411412519
1,0,1,2.686186186186186,0.0005399960651419899,0.0005399960651419899,0.0005399960651419899
1,0,1,2.684684684684685,0.0005516868087303006,0.0005516868087303006,0.0005516868087303006
1,0,1,2.683183183183183,0.0005609519615048519,0.0005609519615048519,0.0005609519615048519
1,0,1,2.6816816816816815,0.0005661119665676395,0.0005661119665676395,0.0005661119665676395
1,0,1,2.68018018018018,0.0005662464058280303,0.0005662464058280303,0.0005662464058280303
1,0,1,2.6786786786786787,0.0005604603676137021,0.0005604603676137021,0.0005604603676137021
1,0,1,2.6771771771771773,0.0005487950777480766,0.0005487950777480766,0.0005487950777480766
1,0,1,2.6756756756756754,0.0005343408555271711,0.0005343408555271711,0.0005343408555271711
1,0,1,2.674174174174174,0.0005208077632397057,0.0005208077632397057,0.0005208077632397057
1,0,1,2.6726726726726726,0.0005117452573160097,0.0005117452573160097,0.0005117452573160097
1,0,1,2.671171171171171,0.0005096158201991496,0.0005096158201991496,0.0005096158201991496
1,0,1,2.66966966966967,0.0005164313029040191,0.0005164313029040191,0.0005164313029040191
1,0,1,2.668168168168168,0.0005341282393154234,0.0005341282393154234,0.0005341282393154234
1,0,1,2.6666666666666665,0.0005617888092619427,0.0005617888092619427,0.0005617888092619427
1,0,1,2.665165165165165,0.0005947972210820218,0.0005947972210820218,0.0005947972210820218
1,0,1,2.6636636636636637,0.0006282926031735414,0.0006282926031735414,0.0006282926031735414
1,0,1,2.6621621621621623,0.0006579032156741604,0.0006579032156741604,0.0006579032156741604
1,0,1,2.6606606606606604,0.0006805205145365978,0.0006805205145365978,0.0006805205145365978
1,0,1,2.659159159159159,0.0006932371403058912,0.0006932371403058912,0.0006932371403058912
1,0,1,2.6576576576576576,0.0006933714551267123,0.0006933714551267123,0.0006933714551267123
1,0,1,2.656156156156156,0.0006816985609567894,0.0006816985609567894,0.0006816985609567894
1,0,1,2.6546546546546548,0.000661695702307119,0.000661695702307119,0.000661695702307119
1,0,1,2.653153153153153,0.0006369014707232612,0.0006369014707232612,0.0006369014707232612
1,0,1,2.6516516516516515,0.0006104975947525126,0.0006104975947525126,0.0006104975947525126
1,0,1,2.65015015015015,0.0005852314617806886,0.0005852314617806886,0.0005852314617806886
1,0,1,2.6486486486486487,0.0005638241960432833,0.0005638241960432833,0.0005638241960432833
1,0,1,2.6471471471471473,0.0005487209361052514,0.0005487209361052514,0.0005487209361052514
1,0,1,2.6456456456456454,0.000540133685214661,0.000540133685214661,0.000540133685214661
1,0,1,2.644144144144144,0.0005371925086843365,0.0005371925086843365,0.0005371925086843365
1,0,1,2.6426426426426426,0.0005390050432383386,0.0005390050432383386,0.0005390050432383386
1,0,1,2.641141141141141,0.0005444597727000122,0.0005444597727000122,0.0005444597727000122
1,0,1,2.6396396396396398,0.0005522815356537869,0.0005522815356537869,0.0005522815356537869
1,0,1,2.638138138138138,0.0005611913715550809,0.0005611913715550809,0.0005611913715550809
1,0,1,2.6366366366366365,0.0005701115387328759,0.0005701115387328759,0.0005701115387328759
1,0,1,2.635135135135135,0.0005785726506217781,0.0005785726506217781,0.0005785726506217781
1,0,1,2.6336336336336337,0.0005862198445087952,0.0005862198445087952,0.0005862198445087952
1,0,1,2.6321321321321323,0.0005927391500260004,0.0005927391500260004,0.0005927391500260004
1,0,1,2.6306306306306304,0.000598042129792864,0.000598042129792864,0.000598042129792864
1,0,1,2.629129129129129,0.0006021176778694404,0.0006021176778694404,0.0006021176778694404
1,0,1,2.6276276276276276,0.0006049549302054036,0.0006049549302054036,0.0006049549302054036
1,0,1,2.626126126126126,0.0006065499920149264,0.0006065499920149264,0.0006065499920149264
1,0,1,2.6246246246246248,0.0006069081678976573,0.0006069081678976573,0.0006069081678976573
1,0,1,2.623123123123123,0.0006060355299564169,0.0006060355299564169,0.0006060355299564169
1,0,1,2.6216216216216215,0.0006040319119653415,0.0006040319119653415,0.0006040319119653415
1,0,1,2.62012012012012,0.000601253956424852,0.000601253956424852,0.000601253956424852
1,0,1,2.6186186186186187,0.0005981018790655046,0.0005981018790655046,0.0005981018790655046
1,0,1,2.6171171171171173,0.0005949917572198871,0.0005949917572198871,0.0005949917572198871
1,0,1,2.6156156156156154,0.0005925320908026777,0.0005925320908026777,0.0005925320908026777
1,0,1,2.614114114114114,0.0005914594465434853,0.0005914594465434853,0.0005914594465434853
1,0,1,2.6126126126126126,0.0005924949211548736,0.0005924949211548736,0.0005924949211548736
1,0,1,2.611111111111111,0.0005957441342521186,0.0005957441342521186,0.0005957441342521186
1,0,1,2.6096096096096097,0.0006005545749159236,0.0006005545749159236,0.0006005545749159236
1,0,1,2.608108108108108,0.0006062270244751033,0.0006062270244751033,0.0006062270244751033
1,0,1,2.6066066066066065,0.0006119689858146149,0.0006119689858146149,0.0006119689858146149
1,0,1,2.605105105105105,0.0006166017956243941,0.0006166017956243941,0.0006166017956243941
1,0,1,2.6036036036036037,0.000618846872594947,0.000618846872594947,0.000618846872594947
1,0,1,2.6021021021021022,0.0006175503646437264,0.0006175503646437264,0.0006175503646437264
1,0,1,2.6006006006006004,0.0006129817530065029,0.0006129817530065029,0.0006129817530065029
1,0,1,2.599099099099099,0.0006063163024316864,0.0006063163024316864,0.0006063163024316864
1,0,1,2.5975975975975976,0.000598743811482505,0.000598743811482505,0.000598743811482505
1,0,1,2.596096096096096,0.000591428352036294,0.000591428352036294,0.000591428352036294
1,0,1,2.5945945945945947,0.0005854532412714608,0.0005854532412714608,0.0005854532412714608
1,0,1,2.593093093093093,0.0005818859928203857,0.0005818859928203857,0.0005818859928203857
1,0,1,2.5915915915915915,0.0005813708001913831,0.0005813708001913831,0.0005813708001913831
1,0,1,2.59009009009009,0.0005828851157567705,0.0005828851157567705,0.0005828851157567705
1,0,1,2.5885885885885886,0.0005849962377788565,0.0005849962377788565,0.0005849962377788565
1,0,1,2.5870870870870872,0.0005862770005882201,0.0005862770005882201,0.0005862770005882201
1,0,1,2.5855855855855854,0.0005856662409990943,0.0005856662409990943,0.0005856662409990943
1,0,1,2.584084084084084,0.0005826904627326268,0.0005826904627326268,0.0005826904627326268
1,0,1,2.5825825825825826,0.0005769374661381832,0.0005769374661381832,0.0005769374661381832
1,0,1,2.581081081081081,0.0005687149722282125,0.0005687149722282125,0.0005687149722282125
1,0,1,2.5795795795795797,0.0005595979012134045,0.0005595979012134045,0.0005595979012134045
1,0,1,2.578078078078078,0.000551290010398775,0.000551290010398775,0.000551290010398775
1,0,1,2.5765765765765765,0.0005454589633953066,0.0005454589633953066,0.0005454589633953066
1,0,1,2.575075075075075,0.0005432423723630286,0.0005432423723630286,0.0005432423723630286
1,0,1,2.5735735735735736,0.0005453748781385492,0.0005453748781385492,0.0005453748781385492
1,0,1,2.5720720720720722,0.0005525433665405366,0.0005525433665405366,0.0005525433665405366
1,0,1,2.5705705705705704,0.0005641665567706067,0.0005641665567706067,0.0005641665567706067
1,0,1,2.569069069069069,0.0005781212360951304,0.0005781212360951304,0.0005781212360951304
1,0,1,2.5675675675675675,0.0005921911046349315,0.0005921911046349315,0.0005921911046349315
1,0,1,2.566066066066066,0.0006042051798826886,0.0006042051798826886,0.0006042051798826886
1,0,1,2.5645645645645647,0.0006122496787648313,0.0006122496787648313,0.0006122496787648313
1,0,1,2.563063063063063,0.0006145014420118056,0.0006145014420118056,0.0006145014420118056
1,0,1,2.5615615615615615,0.0006093411161018913,0.0006093411161018913,0.0006093411161018913
1,0,1,2.56006006006006,0.0005972504142115476,0.0005972504142115476,0.0005972504142115476
1,0,1,2.5585585585585586,0.0005799497036134138,0.0005799497036134138,0.0005799497036134138
1,0,1,2.557057057057057,0.0005591751333855477,0.0005591751333855477,0.0005591751333855477
1,0,1,2.5555555555555554,0.0005366141202214347,0.0005366141202214347,0.0005366141202214347
1,0,1,2.554054054054054,0.0005138413821472732,0.0005138413821472732,0.0005138413821472732
1,0,1,2.5525525525525525,0.0004924157513199745,0.0004924157513199745,0.0004924157513199745
1,0,1,2.551051051051051,0.00047369755958515114,0.00047369755958515114,0.00047369755958515114
1,0,1,2.5495495495495497,0.00045830458440754285,0.00045830458440754285,0.00045830458440754285
1,0,1,2.548048048048048,0.00044668100312872383,0.00044668100312872383,0.00044668100312872383
1,0,1,2.5465465465465464,0.00043927291776735267,0.00043927291776735267,0.00043927291776735267
1,0,1,2.545045045045045,0.00043664960069578207,0.00043664960069578207,0.00043664960069578207
1,0,1,2.5435435435435436,0.0004395757963124858,0.0004395757963124858,0.0004395757963124858
1,0,1,2.542042042042042,0.00044881064064417053,0.00044881064064417053,0.00044881064064417053
1,0,1,2.5405405405405403,0.0004639142047278,0.0004639142047278,0.0004639142047278
1,0,1,2.539039039039039,0.0004826842092842121,0.0004826842092842121,0.0004826842092842121
1,0,1,2.5375375375375375,0.0005027774866306345,0.0005027774866306345,0.0005027774866306345
1,0,1,2.536036036036036,0.0005218321936037995,0.0005218321936037995,0.0005218321936037995
1,0,1,2.5345345345345347,0.0005372093646702769,0.0005372093646702769,0.0005372093646702769
1,0,1,2.533033033033033,0.0005460578843676789,0.0005460578843676789,0.0005460578843676789
1,0,1,2.5315315315315314,0.0005457898069336498,0.0005457898069336498,0.0005457898069336498
1,0,1,2.53003003003003,0.0005371131068152568,0.0005371131068152568,0.0005371131068152568
1,0,1,2.5285285285285286,0.000522947765711379,0.000522947765711379,0.000522947765711379
1,0,1,2.527027027027027,0.000506254676313489,0.000506254676313489,0.000506254676313489
1,0,1,2.5255255255255253,0.0004901004779815921,0.0004901004779815921,0.0004901004779815921
1,0,1,2.524024024024024,0.00047823951698688916,0.00047823951698688916,0.00047823951698688916
1,0,1,2.5225225225225225,0.0004747011388637201,0.0004747011388637201,0.0004747011388637201
1,0,1,2.521021021021021,0.00048267137749280487,0.00048267137749280487,0.00048267137749280487
1,0,1,2.5195195195195197,0.000500765743286502,0.000500765743286502,0.000500765743286502
1,0,1,2.518018018018018,0.0005260598394358773,0.0005260598394358773,0.0005260598394358773
1,0,1,2.5165165165165164,0.0005556266924329201,0.0005556266924329201,0.0005556266924329201
1,0,1,2.515015015015015,0.0005860083845381503,0.0005860083845381503,0.0005860083845381503
1,0,1,2.5135135135135136,0.000612419881239834,0.000612419881239834,0.000612419881239834
1,0,1,2.512012012012012,0.0006298795372199351,0.0006298795372199351,0.0006298795372199351
1,0,1,2.5105105105105103,0.0006354168824393991,0.0006354168824393991,0.0006354168824393991
1,0,1,2.509009009009009,0.0006307950129496032,0.0006307950129496032,0.0006307950129496032
1,0,1,2.5075075075075075,0.0006184575165530948,0.0006184575165530948,0.0006184575165530948
1,0,1,2.506006006006006,0.0006008804732740014,0.0006008804732740014,0.0006008804732740014
1,0,1,2.5045045045045047,0.0005815121216943275,0.0005815121216943275,0.0005815121216943275
1,0,1,2.503003003003003,0.0005649170866333098,0.0005649170866333098,0.0005649170866333098
1,0,1,2.5015015015015014,0.0005555840515365507,0.0005555840515365507,0.0005555840515365507
1,0,1,2.5,0.000554904103927889,0.000554904103927889,0.000554904103927889
1,0,1,2.4984984984984986,0.0005612057741737342,0.0005612057741737342,0.0005612057741737342
1,0,1,2.496996996996997,0.0005726871483997531,0.0005726871483997531,0.0005726871483997531
1,0,1,2.4954954954954953,0.0005874677071862067,0.0005874677071862067,0.0005874677071862067
1,0,1,2.493993993993994,0.0006030232767078036,0.0006030232767078036,0.0006030232767078036
1,0,1,2.4924924924924925,0.0006165146885739325,0.0006165146885739325,0.0006165146885739325
1,0,1,2.490990990990991,0.0006252774279147388,0.0006252774279147388,0.0006252774279147388
1,0,1,2.4894894894894897,0.0006288958947460177,0.0006288958947460177,0.0006288958947460177
1,0,1,2.487987987987988,0.0006285029360999506,0.0006285029360999506,0.0006285029360999506
1,0,1,2.4864864864864864,0.000625261960846224,0.000625261960846224,0.000625261960846224
1,0,1,2.484984984984985,0.0006202267744657153,0.0006202267744657153,0.0006202267744657153
1,0,1,2.4834834834834836,0.0006140552002258381,0.0006140552002258381,0.0006140552002258381
1,0,1,2.481981981981982,0.0006073156648769285,0.0006073156648769285,0.0006073156648769285
1,0,1,2.4804804804804803,0.0006003913783927395,0.0006003913783927395,0.0006003913783927395
1,0,1,2.478978978978979,0.0005927241034804354,0.0005927241034804354,0.0005927241034804354
1,0,1,2.4774774774774775,0.0005834572176233177,0.0005834572176233177,0.0005834572176233177
1,0,1,2.475975975975976,0.0005717425341855709,0.0005717425341855709,0.0005717425341855709
1,0,1,2.4744744744744747,0.000557670585149106,0.000557670585149106,0.000557670585149106
1,0,1,2.472972972972973,0.0005431053044187006,0.0005431053044187006,0.0005431053044187006
1,0,1,2.4714714714714714,0.0005301075317258874,0.0005301075317258874,0.0005301075317258874
1,0,1,2.46996996996997,0.000520685336282245,0.000520685336282245,0.000520685336282245
1,0,1,2.4684684684684686,0.0005167012594140541,0.0005167012594140541,0.0005167012594140541
1,0,1,2.466966966966967,0.0005199929698673778,0.0005199929698673778,0.0005199929698673778
1,0,1,2.4654654654654653,0.0005322106631426848,0.0005322106631426848,0.0005322106631426848
1,0,1,2.463963963963964,0.000552119683493002,0.000552119683493002,0.000552119683493002
1,0,1,2.4624624624624625,0.0005762231315236122,0.0005762231315236122,0.0005762231315236122
1,0,1,2.460960960960961,0.0006009688124757329,0.0006009688124757329,0.0006009688124757329
1,0,1,2.4594594594594597,0.0006230634858457318,0.0006230634858457318,0.0006230634858457318
1,0,1,2.457957957957958,0.0006395833278141083,0.0006395833278141083,0.0006395833278141083
1,0,1,2.4564564564564564,0.0006476328295550449,0.0006476328295550449,0.0006476328295550449
1,0,1,2.454954954954955,0.0006447331401948642,0.0006447331401948642,0.0006447331401948642
1,0,1,2.4534534534534536,0.0006322647204806131,0.0006322647204806131,0.0006322647204806131
1,0,1,2.451951951951952,0.0006136983815756558,0.0006136983815756558,0.0006136983815756558
1,0,1,2.4504504504504503,0.0005924974248778803,0.0005924974248778803,0.0005924974248778803
1,0,1,2.448948948948949,0.0005716678518128404,0.0005716678518128404,0.0005716678518128404
1,0,1,2.4474474474474475,0.0005538439153882635,0.0005538439153882635,0.0005538439153882635
1,0,1,2.445945945945946,0.000541649094037977,0.000541649094037977,0.000541649094037977
1,0,1,2.4444444444444446,0.0005372244691350669,0.0005372244691350669,0.0005372244691350669
1,0,1,2.442942942942943,0.0005393508539501823,0.0005393508539501823,0.0005393508539501823
1,0,1,2.4414414414414414,0.000545379597687301,0.000545379597687301,0.000545379597687301
1,0,1,2.43993993993994,0.000552811912159612,0.000552811912159612,0.000552811912159612
1,0,1,2.4384384384384385,0.000560253099714858,0.000560253099714858,0.000560253099714858
1,0,1,2.436936936936937,0.0005667872305883392,0.0005667872305883392,0.0005667872305883392
1,0,1,2.4354354354354353,0.0005715003092343629,0.0005715003092343629,0.0005715003092343629
1,0,1,2.433933933933934,0.0005739081538702617,0.0005739081538702617,0.0005739081538702617
1,0,1,2.4324324324324325,0.0005752677389874172,0.0005752677389874172,0.0005752677389874172
1,0,1,2.4309309309309306,0.0005772762162288281,0.0005772762162288281,0.0005772762162288281
1,0,1,2.4294294294294296,0.0005810402605774811,0.0005810402605774811,0.0005810402605774811
1,0,1,2.4279279279279278,0.0005859890962534031,0.0005859890962534031,0.0005859890962534031
1,0,1,2.4264264264264264,0.0005912560869476557,0.0005912560869476557,0.0005912560869476557
1,0,1,2.424924924924925,0.000595974595515969,0.000595974595515969,0.000595974595515969
1,0,1,2.423423423423423,0.0005992555830898194,0.0005992555830898194,0.0005992555830898194
1,0,1,2.421921921921922,0.0006001292150714654,0.0006001292150714654,0.0006001292150714654
1,0,1,2.4204204204204203,0.0005976097481548148,0.0005976097481548148,0.0005976097481548148
1,0,1,2.418918918918919,0.0005912937293814924,0.0005912937293814924,0.0005912937293814924
1,0,1,2.4174174174174174,0.000582126750215739,0.000582126750215739,0.000582126750215739
1,0,1,2.4159159159159156,0.0005712449257464502,0.0005712449257464502,0.0005712449257464502
1,0,1,2.4144144144144146,0.0005597843703504246,0.0005597843703504246,0.0005597843703504246
1,0,1,2.4129129129129128,0.0005487660906469127,0.0005487660906469127,0.0005487660906469127
1,0,1,2.4114114114114114,0.000538775777710665,0.000538775777710665,0.000538775777710665
1,0,1,2.40990990990991,0.0005302907613897734,0.0005302907613897734,0.0005302907613897734
1,0,1,2.408408408408408,0.0005235834501344794,0.0005235834501344794,0.0005235834501344794
1,0,1,2.406906906906907,0.0005186644859382916,0.0005186644859382916,0.0005186644859382916
1,0,1,2.4054054054054053,0.0005155274554697886,0.0005155274554697886,0.0005155274554697886
1,0,1,2.403903903903904,0.0005141664367713794,0.0005141664367713794,0.0005141664367713794
1,0,1,2.4024024024024024,0.0005146218284381998,0.0005146218284381998,0.0005146218284381998
1,0,1,2.4009009009009006,0.0005170176708051422,0.0005170176708051422,0.0005170176708051422
1,0,1,2.3993993993993996,0.0005214286654862121,0.0005214286654862121,0.0005214286654862121
1,0,1,2.3978978978978978,0.0005271477676960235,0.0005271477676960235,0.0005271477676960235
1,0,1,2.3963963963963963,0.0005329081630964794,0.0005329081630964794,0.0005329081630964794
1,0,1,2.394894894894895,0.0005374308694443553,0.0005374308694443553,0.0005374308694443553
1,0,1,2.393393393393393,0.0005394403051790508,0.0005394403051790508,0.0005394403051790508
1,0,1,2.391891891891892,0.0005378286558002099,0.0005378286558002099,0.0005378286558002099
1,0,1,2.3903903903903903,0.0005317291909068267,0.0005317291909068267,0.0005317291909068267
1,0,1,2.388888888888889,0.0005207094592021289,0.0005207094592021289,0.0005207094592021289
1,0,1,2.3873873873873874,0.0005062978733028078,0.0005062978733028078,0.0005062978733028078
1,0,1,2.3858858858858856,0.0004906005959053328,0.0004906005959053328,0.0004906005959053328
1,0,1,2.3843843843843846,0.0004757238713524181,0.0004757238713524181,0.0004757238713524181
1,0,1,2.3828828828828827,0.00046376121549718263,0.00046376121549718263,0.00046376121549718263
1,0,1,2.3813813813813813,0.0004565058056285043,0.0004565058056285043,0.0004565058056285043
1,0,1,2.37987987987988,0.0004554366902442819,0.0004554366902442819,0.0004554366902442819
1,0,1,2.378378378378378,0.0004609239857857883,0.0004609239857857883,0.0004609239857857883
1,0,1,2.376876876876877,0.0004712399902824238,0.0004712399902824238,0.0004712399902824238
1,0,1,2.3753753753753752,0.00048442004408655315,0.00048442004408655315,0.00048442004408655315
1,0,1,2.373873873873874,0.0004984994875505411,0.0004984994875505411,0.0004984994875505411
1,0,1,2.3723723723723724,0.0005115218765812113,0.0005115218765812113,0.0005115218765812113
1,0,1,2.3708708708708706,0.0005217616505290845,0.0005217616505290845,0.0005217616505290845
1,0,1,2.3693693693693696,0.0005277874189448806,0.0005277874189448806,0.0005277874189448806
1,0,1,2.3678678678678677,0.0005292155892333561,0.0005292155892333561,0.0005292155892333561
1,0,1,2.3663663663663663,0.0005268060860268431,0.0005268060860268431,0.0005268060860268431
1,0,1,2.364864864864865,0.0005213780059893924,0.0005213780059893924,0.0005213780059893924
1,0,1,2.363363363363363,0.000513750445784833,0.000513750445784833,0.000513750445784833
1,0,1,2.361861861861862,0.0005047258187871329,0.0005047258187871329,0.0005047258187871329
1,0,1,2.3603603603603602,0.0004949334156634233,0.0004949334156634233,0.0004949334156634233
1,0,1,2.358858858858859,0.0004848780833455191,0.0004848780833455191,0.0004848780833455191
1,0,1,2.3573573573573574,0.0004748256032927056,0.0004748256032927056,0.0004748256032927056
1,0,1,2.3558558558558556,0.0004648960508693012,0.0004648960508693012,0.0004648960508693012
1,0,1,2.3543543543543546,0.0004552073952388547,0.0004552073952388547,0.0004552073952388547
1,0,1,2.3528528528528527,0.00044587760556447087,0.00044587760556447087,0.00044587760556447087
1,0,1,2.3513513513513513,0.0004371354954950668,0.0004371354954950668,0.0004371354954950668
1,0,1,2.34984984984985,0.0004300284803040455,0.0004300284803040455,0.0004300284803040455
1,0,1,2.348348348348348,0.0004258569806701029,0.0004258569806701029,0.0004258569806701029
1,0,1,2.346846846846847,0.00042542237782350334,0.00042542237782350334,0.00042542237782350334
1,0,1,2.3453453453453452,0.00042938818031479364,0.00042938818031479364,0.00042938818031479364
1,0,1,2.343843843843844,0.000438417892509424,0.000438417892509424,0.000438417892509424
1,0,1,2.3423423423423424,0.00045317500829589186,0.00045317500829589186,0.00045317500829589186
1,0,1,2.3408408408408405,0.00047360772744808877,0.00047360772744808877,0.00047360772744808877
1,0,1,2.3393393393393396,0.0004970134052952879,0.0004970134052952879,0.0004970134052952879
1,0,1,2.3378378378378377,0.0005204103453626541,0.0005204103453626541,0.0005204103453626541
1,0,1,2.3363363363363363,0.0005414501120102333,0.0005414501120102333,0.0005414501120102333
1,0,1,2.334834834834835,0.0005578543195385866,0.0005578543195385866,0.0005578543195385866
1,0,1,2.333333333333333,0.0005673445822487189,0.0005673445822487189,0.0005673445822487189
1,0,1,2.331831831831832,0.0005676552745832453,0.0005676552745832453,0.0005676552745832453
1,0,1,2.33033033033033,0.0005583630585113131,0.0005583630585113131,0.0005583630585113131
1,0,1,2.328828828828829,0.0005427932629316068,0.0005427932629316068,0.0005427932629316068
1,0,1,2.3273273273273274,0.0005243884795618214,0.0005243884795618214,0.0005243884795618214
1,0,1,2.3258258258258255,0.0005058889977316294,0.0005058889977316294,0.0005058889977316294
1,0,1,2.3243243243243246,0.0004899478793796153,0.0004899478793796153,0.0004899478793796153
1,0,1,2.3228228228228227,0.00047921818644458547,0.00047921818644458547,0.00047921818644458547
1,0,1,2.3213213213213213,0.0004763529808653466,0.0004763529808653466,0.0004763529808653466
1,0,1,2.31981981981982,0.0004831282262680592,0.0004831282262680592,0.0004831282262680592
1,0,1,2.318318318318318,0.0004973094299021152,0.0004973094299021152,0.0004973094299021152
1,0,1,2.316816816816817,0.0005158110424907658,0.0005158110424907658,0.0005158110424907658
1,0,1,2.315315315315315,0.0005362196337144187,0.0005362196337144187,0.0005362196337144187
1,0,1,2.313813813813814,0.0005562148510320775,0.0005562148510320775,0.0005562148510320775
1,0,1,2.3123123123123124,0.0005734763419034117,0.0005734763419034117,0.0005734763419034117
1,0,1,2.3108108108108105,0.0005856837602042919,0.0005856837602042919,0.0005856837602042919
1,0,1,2.3093093093093096,0.0005912107290437785,0.0005912107290437785,0.0005912107290437785
1,0,1,2.3078078078078077,0.0005910317138639876,0.0005910317138639876,0.0005910317138639876
1,0,1,2.3063063063063063,0.0005866322787926315,0.0005866322787926315,0.0005866322787926315
1,0,1,2.304804804804805,0.000579361183756788,0.000579361183756788,0.000579361183756788
1,0,1,2.303303303303303,0.0005705571893157568,0.0005705571893157568,0.0005705571893157568
1,0,1,2.301801801801802,0.0005615590560295036,0.0005615590560295036,0.0005615590560295036
1,0,1,2.3003003003003,0.0005537034477147706,0.0005537034477147706,0.0005537034477147706
1,0,1,2.298798798798799,0.0005480141742701949,0.0005480141742701949,0.0005480141742701949
1,0,1,2.2972972972972974,0.0005448569126953462,0.0005448569126953462,0.0005448569126953462
1,0,1,2.2957957957957955,0.0005440761609032396,0.0005440761609032396,0.0005440761609032396
1,0,1,2.2942942942942945,0.0005450250444165583,0.0005450250444165583,0.0005450250444165583
1,0,1,2.2927927927927927,0.0005470310525337307,0.0005470310525337307,0.0005470310525337307
1,0,1,2.2912912912912913,0.0005494216745529634,0.0005494216745529634,0.0005494216745529634
1,0,1,2.28978978978979,0.000551523859343428,0.000551523859343428,0.000551523859343428
1,0,1,2.288288288288288,0.0005526474372794521,0.0005526474372794521,0.0005526474372794521
1,0,1,2.286786786786787,0.0005521103304826358,0.0005521103304826358,0.0005521103304826358
1,0,1,2.285285285285285,0.0005501710199089516,0.0005501710199089516,0.0005501710199089516
1,0,1,2.2837837837837838,0.0005482266566736449,0.0005482266566736449,0.0005482266566736449
1,0,1,2.2822822822822824,0.0005477425355435717,0.0005477425355435717,0.0005477425355435717
1,0,1,2.2807807807807805,0.0005501839512860318,0.0005501839512860318,0.0005501839512860318
1,0,1,2.2792792792792795,0.000556969417127906,0.000556969417127906,0.000556969417127906
1,0,1,2.2777777777777777,0.0005690353566050188,0.0005690353566050188,0.0005690353566050188
1,0,1,2.2762762762762763,0.0005869501393940268,0.0005869501393940268,0.0005869501393940268
1,0,1,2.274774774774775,0.0006093776573918852,0.0006093776573918852,0.0006093776573918852
1,0,1,2.273273273273273,0.0006330986419393891,0.0006330986419393891,0.0006330986419393891
1,0,1,2.271771771771772,0.0006548133169026471,0.0006548133169026471,0.0006548133169026471
1,0,1,2.27027027027027,0.0006712219061471014,0.0006712219061471014,0.0006712219061471014
1,0,1,2.2687687687687688,0.0006791217025341467,0.0006791217025341467,0.0006791217025341467
1,0,1,2.2672672672672673,0.0006764638065226425,0.0006764638065226425,0.0006764638065226425
1,0,1,2.2657657657657655,0.0006621775199615598,0.0006621775199615598,0.0006621775199615598
1,0,1,2.2642642642642645,0.0006382811553340417,0.0006382811553340417,0.0006382811553340417
1,0,1,2.2627627627627627,0.0006090439470254339,0.0006090439470254339,0.0006090439470254339
1,0,1,2.2612612612612613,0.0005787866650519558,0.0005787866650519558,0.0005787866650519558
1,0,1,2.25975975975976,0.0005518300794293829,0.0005518300794293829,0.0005518300794293829
1,0,1,2.258258258258258,0.0005323384238504758,0.0005323384238504758,0.0005323384238504758
1,0,1,2.256756756756757,0.0005229696202029288,0.0005229696202029288,0.0005229696202029288
1,0,1,2.255255255255255,0.0005250008163446562,0.0005250008163446562,0.0005250008163446562
1,0,1,2.2537537537537538,0.0005362243871323003,0.0005362243871323003,0.0005362243871323003
1,0,1,2.2522522522522523,0.0005530551732444433,0.0005530551732444433,0.0005530551732444433
1,0,1,2.2507507507507505,0.0005719045648568954,0.0005719045648568954,0.0005719045648568954
1,0,1,2.2492492492492495,0.0005891839521463549,0.0005891839521463549,0.0005891839521463549
1,0,1,2.2477477477477477,0.0006014473533810794,0.0006014473533810794,0.0006014473533810794
1,0,1,2.2462462462462462,0.0006064920399331264,0.0006064920399331264,0.0006064920399331264
1,0,1,2.244744744744745,0.0006032320427464821,0.0006032320427464821,0.0006032320427464821
1,0,1,2.243243243243243,0.0005931060558435064,0.0005931060558435064,0.0005931060558435064
1,0,1,2.241741741741742,0.0005783834416737132,0.0005783834416737132,0.0005783834416737132
1,0,1,2.24024024024024,0.0005613340757195662,0.0005613340757195662,0.0005613340757195662
1,0,1,2.2387387387387387,0.0005442278334624184,0.0005442278334624184,0.0005442278334624184
1,0,1,2.2372372372372373,0.0005292435289749875,0.0005292435289749875,0.0005292435289749875
1,0,1,2.2357357357357355,0.0005181683186612496,0.0005181683186612496,0.0005181683186612496
1,0,1,2.2342342342342345,0.000512160929175165,0.000512160929175165,0.000512160929175165
1,0,1,2.2327327327327327,0.0005113109916725644,0.0005113109916725644,0.0005113109916725644
1,0,1,2.2312312312312312,0.0005155781365770995,0.0005155781365770995,0.0005155781365770995
1,0,1,2.22972972972973,0.0005249219943126437,0.0005249219943126437,0.0005249219943126437
1,0,1,2.228228228228228,0.0005393021953019606,0.0005393021953019606,0.0005393021953019606
1,0,1,2.226726726726727,0.0005585126692853049,0.0005585126692853049,0.0005585126692853049
1,0,1,2.225225225225225,0.0005815293540236688,0.0005815293540236688,0.0005815293540236688
1,0,1,2.2237237237237237,0.0006066155119586192,0.0006066155119586192,0.0006066155119586192
1,0,1,2.2222222222222223,0.0006314900330504081,0.0006314900330504081,0.0006314900330504081
1,0,1,2.2207207207207205,0.0006538414040806462,0.0006538414040806462,0.0006538414040806462
1,0,1,2.2192192192192195,0.0006713581118322764,0.0006713581118322764,0.0006713581118322764
1,0,1,2.2177177177177176,0.0006817286430873537,0.0006817286430873537,0.0006817286430873537
1,0,1,2.2162162162162162,0.0006826782019120348,0.0006826782019120348,0.0006826782019120348
1,0,1,2.214714714714715,0.0006728864277090185,0.0006728864277090185,0.0006728864277090185
1,0,1,2.213213213213213,0.0006536331004147744,0.0006536331004147744,0.0006536331004147744
1,0,1,2.211711711711712,0.0006278341814107691,0.0006278341814107691,0.0006278341814107691
1,0,1,2.21021021021021,0.0005984663684677205,0.0005984663684677205,0.0005984663684677205
1,0,1,2.2087087087087087,0.0005685063593559025,0.0005685063593559025,0.0005685063593559025
1,0,1,2.2072072072072073,0.0005409308518455891,0.0005409308518455891,0.0005409308518455891
1,0,1,2.2057057057057055,0.0005187165433724328,0.0005187165433724328,0.0005187165433724328
1,0,1,2.2042042042042045,0.0005046450955765724,0.0005046450955765724,0.0005046450955765724
1,0,1,2.2027027027027026,0.0004992328249278088,0.0004992328249278088,0.0004992328249278088
1,0,1,2.201201201201201,0.0005011415627802496,0.0005011415627802496,0.0005011415627802496
1,0,1,2.1996996996997,0.0005089643683191536,0.0005089643683191536,0.0005089643683191536
1,0,1,2.198198198198198,0.0005212943007300019,0.0005212943007300019,0.0005212943007300019
1,0,1,2.196696696696697,0.0005367244191987197,0.0005367244191987197,0.0005367244191987197
1,0,1,2.195195195195195,0.00055384778291101,0.00055384778291101,0.00055384778291101
1,0,1,2.1936936936936937,0.00057124087792082,0.00057124087792082,0.00057124087792082
1,0,1,2.1921921921921923,0.0005879580403185258,0.0005879580403185258,0.0005879580403185258
1,0,1,2.1906906906906904,0.0006035958172820877,0.0006035958172820877,0.0006035958172820877
1,0,1,2.1891891891891895,0.0006177666330162701,0.0006177666330162701,0.0006177666330162701
1,0,1,2.1876876876876876,0.0006300829117265039,0.0006300829117265039,0.0006300829117265039
1,0,1,2.186186186186186,0.0006401570776177756,0.0006401570776177756,0.0006401570776177756
1,0,1,2.184684684684685,0.000647601554895294,0.000647601554895294,0.000647601554895294
1,0,1,2.183183183183183,0.0006520183264648871,0.0006520183264648871,0.0006520183264648871
1,0,1,2.181681681681682,0.0006533941354711637,0.0006533941354711637,0.0006533941354711637
1,0,1,2.18018018018018,0.0006522542912976714,0.0006522542912976714,0.0006522542912976714
1,0,1,2.1786786786786787,0.0006491500268746009,0.0006491500268746009,0.0006491500268746009
1,0,1,2.1771771771771773,0.0006446325751328086,0.0006446325751328086,0.0006446325751328086
1,0,1,2.1756756756756754,0.0006392531690035952,0.0006392531690035952,0.0006392531690035952
1,0,1,2.1741741741741745,0.0006335630414169291,0.0006335630414169291,0.0006335630414169291
1,0,1,2.1726726726726726,0.0006278078895363137,0.0006278078895363137,0.0006278078895363137
1,0,1,2.171171171171171,0.0006212959863791667,0.0006212959863791667,0.0006212959863791667
1,0,1,2.16966966966967,0.0006141112809106009,0.0006141112809106009,0.0006141112809106009
1,0,1,2.168168168168168,0.0006064513855148501,0.0006064513855148501,0.0006064513855148501
1,0,1,2.166666666666667,0.0005985139125761485,0.0005985139125761485,0.0005985139125761485
1,0,1,2.165165165165165,0.0005904964744778418,0.0005904964744778418,0.0005904964744778418
1,0,1,2.1636636636636637,0.0005825966836052743,0.0005825966836052743,0.0005825966836052743
1,0,1,2.1621621621621623,0.0005749515287953866,0.0005749515287953866,0.0005749515287953866
1,0,1,2.1606606606606604,0.0005671862548568551,0.0005671862548568551,0.0005671862548568551
1,0,1,2.1591591591591595,0.000559438410512314,0.000559438410512314,0.000559438410512314
1,0,1,2.1576576576576576,0.0005520193583719024,0.0005520193583719024,0.0005520193583719024
1,0,1,2.156156156156156,0.00054524046104798,0.00054524046104798,0.00054524046104798
1,0,1,2.1546546546546548,0.000539413081151574,0.000539413081151574,0.000539413081151574
1,0,1,2.153153153153153,0.0005348485812939341,0.0005348485812939341,0.0005348485812939341
1,0,1,2.151651651651652,0.0005319198317230711,0.0005319198317230711,0.0005319198317230711
1,0,1,2.15015015015015,0.0005311353993486811,0.0005311353993486811,0.0005311353993486811
1,0,1,2.1486486486486487,0.0005327290842245258,0.0005327290842245258,0.0005327290842245258
1,0,1,2.1471471471471473,0.0005369060058080244,0.0005369060058080244,0.0005369060058080244
1,0,1,2.1456456456456454,0.000543871283555708,0.000543871283555708,0.000543871283555708
1,0,1,2.1441441441441444,0.000553830036924996,0.000553830036924996,0.000553830036924996
1,0,1,2.1426426426426426,0.0005669873853724194,0.0005669873853724194,0.0005669873853724194
1,0,1,2.141141141141141,0.0005835149206274703,0.0005835149206274703,0.0005835149206274703
1,0,1,2.1396396396396398,0.00060297703070189,0.00060297703070189,0.00060297703070189
1,0,1,2.138138138138138,0.0006237643636917145,0.0006237643636917145,0.0006237643636917145
1,0,1,2.136636636636637,0.0006440053140395197,0.0006440053140395197,0.0006440053140395197
1,0,1,2.135135135135135,0.00066182825496508,0.00066182825496508,0.00066182825496508
1,0,1,2.1336336336336337,0.0006753615596879481,0.0006753615596879481,0.0006753615596879481
1,0,1,2.1321321321321323,0.0006827336014278984,0.0006827336014278984,0.0006827336014278984
1,0,1,2.1306306306306304,0.0006820785232941606,0.0006820785232941606,0.0006820785232941606
1,0,1,2.1291291291291294,0.0006718114170967127,0.0006718114170967127,0.0006718114170967127
1,0,1,2.1276276276276276,0.000651993346566293,0.000651993346566293,0.000651993346566293
1,0,1,2.126126126126126,0.0006257133635889645,0.0006257133635889645,0.0006257133635889645
1,0,1,2.1246246246246248,0.0005964996010141554,0.0005964996010141554,0.0005964996010141554
1,0,1,2.123123123123123,0.0005678801916901843,0.0005678801916901843,0.0005678801916901843
1,0,1,2.121621621621622,0.0005433832684660356,0.0005433832684660356,0.0005433832684660356
1,0,1,2.12012012012012,0.0005265369294478184,0.0005265369294478184,0.0005265369294478184
1,0,1,2.1186186186186187,0.0005207051596640699,0.0005207051596640699,0.0005207051596640699
1,0,1,2.1171171171171173,0.0005263987050689867,0.0005263987050689867,0.0005263987050689867
1,0,1,2.1156156156156154,0.0005408046273149836,0.0005408046273149836,0.0005408046273149836
1,0,1,2.1141141141141144,0.0005608963329157834,0.0005608963329157834,0.0005608963329157834
1,0,1,2.1126126126126126,0.0005836472283851091,0.0005836472283851091,0.0005836472283851091
1,0,1,2.111111111111111,0.0006060307202360171,0.0006060307202360171,0.0006060307202360171
1,0,1,2.1096096096096097,0.0006250202149828965,0.0006250202149828965,0.0006250202149828965
1,0,1,2.108108108108108,0.0006375812505641232,0.0006375812505641232,0.0006375812505641232
1,0,1,2.106606606606607,0.0006421372008220683,0.0006421372008220683,0.0006421372008220683
1,0,1,2.105105105105105,0.0006397478599540207,0.0006397478599540207,0.0006397478599540207
1,0,1,2.1036036036036037,0.0006317135215991865,0.0006317135215991865,0.0006317135215991865
1,0,1,2.1021021021021022,0.0006193344793956612,0.0006193344793956612,0.0006193344793956612
1,0,1,2.1006006006006004,0.0006039110269822068,0.0006039110269822068,0.0006039110269822068
1,0,1,2.0990990990990994,0.0005867434579973629,0.0005867434579973629,0.0005867434579973629
1,0,1,2.0975975975975976,0.0005690505812780966,0.0005690505812780966,0.0005690505812780966
1,0,1,2.096096096096096,0.0005515268603422108,0.0005515268603422108,0.0005515268603422108
1,0,1,2.0945945945945947,0.0005351182648898334,0.0005351182648898334,0.0005351182648898334
1,0,1,2.093093093093093,0.000520849942512891,0.000520849942512891,0.000520849942512891
1,0,1,2.091591591591592,0.0005097470408044202,0.0005097470408044202,0.0005097470408044202
1,0,1,2.09009009009009,0.0005028347073572359,0.0005028347073572359,0.0005028347073572359
1,0,1,2.0885885885885886,0.0005011380897639306,0.0005011380897639306,0.0005011380897639306
1,0,1,2.0870870870870872,0.0005056387446829014,0.0005056387446829014,0.0005056387446829014
1,0,1,2.0855855855855854,0.0005163156912020295,0.0005163156912020295,0.0005163156912020295
1,0,1,2.0840840840840844,0.0005316475078627203,0.0005316475078627203,0.0005316475078627203
1,0,1,2.0825825825825826,0.0005499638510146898,0.0005499638510146898,0.0005499638510146898
1,0,1,2.081081081081081,0.000569594377008098,0.000569594377008098,0.000569594377008098
1,0,1,2.0795795795795797,0.0005888687421928829,0.0005888687421928829,0.0005888687421928829
1,0,1,2.078078078078078,0.000606116743421703,0.000606116743421703,0.000606116743421703
1,0,1,2.076576576576577,0.0006199272068987405,0.0006199272068987405,0.0006199272068987405
1,0,1,2.075075075075075,0.0006298347352255984,0.0006298347352255984,0.0006298347352255984
1,0,1,2.0735735735735736,0.0006361443360547447,0.0006361443360547447,0.0006361443360547447
1,0,1,2.0720720720720722,0.0006393200019734202,0.0006393200019734202,0.0006393200019734202
1,0,1,2.0705705705705704,0.0006398257256985396,0.0006398257256985396,0.0006398257256985396
1,0,1,2.0690690690690694,0.0006381254999474617,0.0006381254999474617,0.0006381254999474617
1,0,1,2.0675675675675675,0.0006346832997685681,0.0006346832997685681,0.0006346832997685681
1,0,1,2.066066066066066,0.0006299131729308183,0.0006299131729308183,0.0006299131729308183
1,0,1,2.0645645645645647,0.0006240709963847291,0.0006240709963847291,0.0006240709963847291
1,0,1,2.063063063063063,0.0006174162747045742,0.0006174162747045742,0.0006174162747045742
1,0,1,2.0615615615615615,0.0006102525471693987,0.0006102525471693987,0.0006102525471693987
1,0,1,2.06006006006006,0.0006028861228102311,0.0006028861228102311,0.0006028861228102311
1,0,1,2.0585585585585586,0.0005956233106572117,0.0005956233106572117,0.0005956233106572117
1,0,1,2.057057057057057,0.0005887704197409249,0.0005887704197409249,0.0005887704197409249
1,0,1,2.0555555555555554,0.0005826316397321563,0.0005826316397321563,0.0005826316397321563
1,0,1,2.054054054054054,0.0005773536988586958,0.0005773536988586958,0.0005773536988586958
1,0,1,2.0525525525525525,0.000572820235583249,0.000572820235583249,0.000572820235583249
1,0,1,2.051051051051051,0.0005688921212856357,0.0005688921212856357,0.0005688921212856357
1,0,1,2.0495495495495497,0.0005654316652992097,0.0005654316652992097,0.0005654316652992097
1,0,1,2.048048048048048,0.0005623011992501592,0.0005623011992501592,0.0005623011992501592
1,0,1,2.0465465465465464,0.0005593630547648942,0.0005593630547648942,0.0005593630547648942
1,0,1,2.045045045045045,0.0005564795634689368,0.0005564795634689368,0.0005564795634689368
1,0,1,2.0435435435435436,0.0005536277587643301,0.0005536277587643301,0.0005536277587643301
1,0,1,2.042042042042042,0.0005512604034023649,0.0005512604034023649,0.0005512604034023649
1,0,1,2.0405405405405403,0.0005499937391635346,0.0005499937391635346,0.0005499937391635346
1,0,1,2.039039039039039,0.0005504587159463892,0.0005504587159463892,0.0005504587159463892
1,0,1,2.0375375375375375,0.0005532862930406335,0.0005532862930406335,0.0005532862930406335
1,0,1,2.036036036036036,0.000559107429735306,0.000559107429735306,0.000559107429735306
1,0,1,2.0345345345345347,0.0005685530853198895,0.0005685530853198895,0.0005685530853198895
1,0,1,2.033033033033033,0.0005822455336603749,0.0005822455336603749,0.0005822455336603749
1,0,1,2.0315315315315314,0.0006002686459882778,0.0006002686459882778,0.0006002686459882778
1,0,1,2.03003003003003,0.0006215915768577052,0.0006215915768577052,0.0006215915768577052
1,0,1,2.0285285285285286,0.0006443427447375694,0.0006443427447375694,0.0006443427447375694
1,0,1,2.027027027027027,0.000666515708124038,0.000666515708124038,0.000666515708124038
1,0,1,2.0255255255255253,0.000686104025513945,0.000686104025513945,0.000686104025513945
1,0,1,2.024024024024024,0.000701101255403902,0.000701101255403902,0.000701101255403902
1,0,1,2.0225225225225225,0.0007095009744044756,0.0007095009744044756,0.0007095009744044756
1,0,1,2.021021021021021,0.0007096636296959336,0.0007096636296959336,0.0007096636296959336
1,0,1,2.0195195195195197,0.0007014567853291798,0.0007014567853291798,0.0007014567853291798
1,0,1,2.018018018018018,0.0006861701884830484,0.0006861701884830484,0.0006861701884830484
1,0,1,2.0165165165165164,0.0006654943347212949,0.0006654943347212949,0.0006654943347212949
1,0,1,2.015015015015015,0.0006411201918965492,0.0006411201918965492,0.0006411201918965492
1,0,1,2.0135135135135136,0.0006147387278605532,0.0006147387278605532,0.0006147387278605532
1,0,1,2.012012012012012,0.0005880409104661588,0.0005880409104661588,0.0005880409104661588
1,0,1,2.0105105105105103,0.0005626729790491058,0.0005626729790491058,0.0005626729790491058
1,0,1,2.009009009009009,0.0005395891220596472,0.0005395891220596472,0.0005395891220596472
1,0,1,2.0075075075075075,0.0005191988893551436,0.0005191988893551436,0.0005191988893551436
1,0,1,2.006006006006006,0.000501897116043537,0.000501897116043537,0.000501897116043537
1,0,1,2.0045045045045047,0.0004880786372329915,0.0004880786372329915,0.0004880786372329915
1,0,1,2.003003003003003,0.00047813828803078273,0.00047813828803078273,0.00047813828803078273
1,0,1,2.0015015015015014,0.00047247090354485266,0.00047247090354485266,0.00047247090354485266
1,0,1,2.0,0.00047147131888336524,0.00047147131888336524,0.00047147131888336524
1,1,35,3.5,-3.928502249640352e-05,1.1123515316517141e-06,2.4208689726953742e-05
1,1,35,3.4984984984984986,-3.532913754617111e-05,-8.640496593482181e-07,2.424254924319345e-05
1,1,35,3.496996996996997,-3.190893125289127e-05,-1.343739725543356e-06,2.952778093628099e-05
1,1,35,3.4954954954954953,-2.8001410991008362e-05,-2.347305988861483e-06,2.663397824778089e-05
1,1,35,3.493993993993994,-2.2291018243624405e-05,-2.291476391543695e-06,2.2566199984696894e-05
1,1,35,3.4924924924924925,-1.8095836383902547e-05,-1.7550735668924453e-06,1.8745220574572426e-05
1,1,35,3.490990990990991,-1.5030537878288035e-05,-1.3935801419301874e-06,1.7942348388431343e-05
1,1,35,3.4894894894894897,-1.3972842810076267e-05,-1.4023213966719828e-06,1.7914066568421123e-05
1,1,35,3.487987987987988,-1.355059619387414e-05,-5.022766228114249e-07,1.833873194447057e-05
1,1,35,3.4864864864864864,-1.2868216978492654e-05,1.4833156963421548e-07,1.91760675082495e-05
1,1,35,3.484984984984985,-1.2564086658057497e-05,3.5144417356245674e-07,2.0385796251428198e-05
1,1,35,3.4834834834834836,-1.4515043954932019e-05,2.8732880725477203e-07,2.1927641165676733e-05
1,1,35,3.481981981981982,-1.5907594693183853e-05,4.1671432646185006e-08,2.3761325242665277e-05
1,1,35,3.4804804804804803,-1.660851282083842e-05,-1.9963388127833975e-06,2.5846571474064613e-05
1,1,35,3.478978978978979,-1.64845722859208e-05,-2.6761866593299057e-06,2.8143102851543652e-05
1,1,35,3.4774774774774775,-1.5424857505524765e-05,-9.276931216325036e-07,2.787164010650812e-05
1,1,35,3.475975975975976,-1.4238391463494441e-05,-1.0426589100921593e-06,2.7965518368462088e-05
1,1,35,3.4744744744744747,-1.4177258695713366e-05,-9.107368971765419e-07,2.8485363630504027e-05
1,1,35,3.472972972972973,-1.566719381132914e-05,-4.46241120950167e-07,2.944773876483081e-05
1,1,35,3.4714714714714714,-1.622818172426907e-05,4.3651438052182655e-07,3.086877552425772e-05
1,1,35,3.46996996996997,-1.5660806406904193e-05,4.561641007157116e-06,3.27195825642652e-05
1,1,35,3.4684684684684686,-1.4260820293922281e-05,5.701967684292931e-06,3.487599618202212e-05
1,1,35,3.466966966966967,-1.3236833303859001e-05,6.853946310300056e-06,3.7137448954452736e-05
1,1,35,3.4654654654654653,-1.1608943821441738e-05,7.263735836844773e-06,3.929021730070755e-05
1,1,35,3.463963963963964,-1.1055346543337126e-05,8.131627190871484e-06,4.1184826110698286e-05
1,1,35,3.4624624624624625,-1.1020133188755773e-05,6.9038577428395895e-06,4.268234775186723e-05
1,1,35,3.460960960960961,-1.093302710345373e-05,6.969383396229268e-06,4.3643715774174336e-05
1,1,35,3.4594594594594597,-1.0813947458321603e-05,6.895378412810887e-06,4.3928240099052175e-05
1,1,35,3.457957957957958,-1.0696228016451485e-05,6.110648199982114e-06,4.34936946075333e-05
1,1,35,3.4564564564564564,-1.0591184968877245e-05,3.7769053693437714e-06,4.2518048164953974e-05
1,1,35,3.454954954954955,-1.0506770202528028e-05,3.207636396842313e-06,4.1188871008774816e-05
1,1,35,3.4534534534534536,-1.0450935604332625e-05,3.244837241014051e-06,3.9632069854918944e-05
1,1,35,3.451951951951952,-1.0431633061220235e-05,3.4895861126478566e-06,3.7968853827723245e-05
1,1,35,3.4504504504504503,-1.0452556268293351e-05,3.1393704850794487e-06,3.6343145439320513e-05
1,1,35,3.448948948948949,-1.046739460650888e-05,3.411025720032263e-06,3.504111462989057e-05
1,1,35,3.4474474474474475,-1.0423463934146001e-05,3.8470903554854285e-06,3.4200869187789795e-05
1,1,35,3.445945945945946,-1.0271015027264166e-05,5.268910709386489e-06,3.371748485890726e-05
1,1,35,3.4444444444444446,-9.959996858778498e-06,6.0504039295656425e-06,3.3540412066757216e-05
1,1,35,3.442942942942943,-9.440358401603525e-06,6.630151507699706e-06,3.3664639176670286e-05
1,1,35,3.4414414414414414,-8.880272595189974e-06,8.658669898359587e-06,3.4085669837523444e-05
1,1,35,3.43993993993994,-9.197958139164214e-06,1.0940564074159859e-05,3.468187649359293e-05
1,1,35,3.4384384384384385,-8.97421706016143e-06,1.1367825129447598e-05,3.5057252427546e-05
1,1,35,3.436936936936937,-8.195217968770215e-06,1.179786154969489e-05,3.5058736239334176e-05
1,1,35,3.4354354354354353,-6.991011959020716e-06,1.2224478438885647e-05,3.472346083778011e-05
1,1,35,3.433933933933934,-5.929067749830272e-06,1.2641480901004433e-05,3.401013491745352e-05
1,1,35,3.4324324324324325,-5.112316687047938e-06,1.305562000537613e-05,3.397969624320779e-05
1,1,35,3.430930930930931,-4.380392727909555e-06,1.4290111648029716e-05,3.548505852947253e-05
1,1,35,3.4294294294294296,-3.909155447794359e-06,1.39338530502004e-05,3.674831441151003e-05
1,1,35,3.4279279279279278,-4.152915066464873e-06,1.3419181294514098e-05,3.7672492208511675e-05
1,1,35,3.4264264264264264,-4.704506103930372e-06,1.3114944924674798e-05,4.218104161526697e-05
1,1,35,3.424924924924925,-5.44834789830838e-06,1.3465805042296112e-05,4.735856447754918e-05
1,1,35,3.4234234234234235,-6.269638031838561e-06,1.2457103128631075e-05,5.215546764909731e-05
1,1,35,3.421921921921922,-7.053574086760906e-06,1.4214418756332368e-05,5.39643535951178e-05
1,1,35,3.4204204204204203,-1.0216950333216267e-05,1.4510362671602516e-05,5.415477945541606e-05
1,1,35,3.418918918918919,-1.4829168922625728e-05,1.4424232461080844e-05,5.4099871601702106e-05
1,1,35,3.4174174174174174,-1.798290781689538e-05,1.3969435453737699e-05,5.3823907817310084e-05
1,1,35,3.415915915915916,-1.910522002364465e-05,1.4330918717578908e-05,5.3384715400738286e-05
1,1,35,3.4144144144144146,-1.807582227022781e-05,1.4410041242001858e-05,5.289925856292424e-05
1,1,35,3.4129129129129128,-1.5366109591795005e-05,1.50910298841022e-05,5.076437238816351e-05
1,1,35,3.4114114114114114,-1.1486208277109973e-05,1.9589907985469342e-05,4.6680606726295405e-05
1,1,35,3.40990990990991,-6.946244614936025e-06,2.1200003685745584e-05,4.3356274712343405e-05
1,1,35,3.4084084084084085,-3.718517673548553e-06,2.131265055396953e-05,4.1494189513434235e-05
1,1,35,3.406906906906907,-2.4474366222809046e-06,1.9959720929189993e-05,4.4685357076833633e-05
1,1,35,3.4054054054054053,-1.086774347340124e-06,1.8930218257634957e-05,4.913738046226964e-05
1,1,35,3.403903903903904,2.799920826481849e-07,1.8468022744085478e-05,5.3921460766100365e-05
1,1,35,3.4024024024024024,1.568635062647837e-06,1.9044983217238708e-05,5.866855239885127e-05
1,1,35,3.400900900900901,2.694926987619828e-06,2.0620761605172865e-05,6.275909044610862e-05
1,1,35,3.3993993993993996,2.9302564360960456e-06,2.1512579188240778e-05,6.578229261113705e-05
1,1,35,3.3978978978978978,2.985892371237288e-06,2.3408210110686164e-05,6.758349500002076e-05
1,1,35,3.3963963963963963,3.204399150734524e-06,2.533275114640363e-05,6.813186153542062e-05
1,1,35,3.394894894894895,3.365706104550446e-06,2.7038461141012157e-05,6.76120792521362e-05
1,1,35,3.3933933933933935,3.0586652381909326e-06,2.7130483033857046e-05,6.620729781600752e-05
1,1,35,3.391891891891892,2.3253127536943235e-06,2.5211604716853225e-05,6.335448772390125e-05
1,1,35,3.3903903903903903,1.4984083698905883e-06,2.47643384348583e-05,5.9650188104508166e-05
1,1,35,3.388888888888889,6.843348587517659e-07,2.360769486259382e-05,5.565941339469023e-05
1,1,35,3.3873873873873874,-7.83469995307073e-07,2.2827042382116917e-05,5.189670370923374e-05
1,1,35,3.385885885885886,-2.570164661092403e-06,2.448484788878519e-05,5.1472549491373516e-05
1,1,35,3.3843843843843846,-4.5080086730237435e-06,2.4099439699079746e-05,5.470924044903374e-05
1,1,35,3.3828828828828827,-6.396761463132441e-06,2.32879164863602e-05,5.831118239345008e-05
1,1,35,3.3813813813813813,-8.03617514584542e-06,2.3665232571232642e-05,5.941633096622867e-05
1,1,35,3.37987987987988,-9.226001835591774e-06,2.444685678041703e-05,6.508876585390616e-05
1,1,35,3.3783783783783785,-9.765996774084833e-06,2.502759969312627e-05,6.836417718854792e-05
1,1,35,3.376876876876877,-9.515483519931863e-06,2.6754255434942656e-05,6.946434898976958e-05
1,1,35,3.3753753753753752,-8.56915349211609e-06,2.785505084304009e-05,7.113758239399651e-05
1,1,35,3.373873873873874,-7.149820933039126e-06,2.7377489055254063e-05,7.336438379413907e-05
1,1,35,3.3723723723723724,-5.49067847673999e-06,2.839567071458507e-05,7.594028057923783e-05
1,1,35,3.370870870870871,-3.8249187572598695e-06,2.8747547036716246e-05,7.764936908935842e-05
1,1,35,3.3693693693693696,-2.3857344086382175e-06,2.9092812451732286e-05,7.89472973796875e-05
1,1,35,3.3678678678678677,-3.216903677531139e-06,2.937904734214101e-05,7.904239944586753e-05
1,1,35,3.3663663663663663,-3.138878745221306e-06,2.9619737038192456e-05,7.699357326012516e-05
1,1,35,3.364864864864865,-2.4914914464467704e-06,2.990670184173285e-05,7.408764689508743e-05
1,1,35,3.3633633633633635,-1.5005766139061273e-06,2.9438025616728043e-05,6.972952401595013e-05
1,1,35,3.361861861861862,-2.1155768778150646e-06,2.7302152118015115e-05,6.638141910771849e-05
1,1,35,3.3603603603603602,-2.7814894464849547e-06,2.5489244163823775e-05,6.31957728146693e-05
1,1,35,3.358858858858859,-3.3539022159753164e-06,2.722286647424254e-05,6.033975136295489e-05
1,1,35,3.3573573573573574,-3.6930258090388593e-06,2.5989818581034253e-05,5.517206186113647e-05
1,1,35,3.355855855855856,-3.743123560958836e-06,2.8468329807758604e-05,4.9685146215892526e-05
1,1,35,3.3543543543543546,-3.5480164967544026e-06,2.8622747928478548e-05,4.506510626318613e-05
1,1,35,3.3528528528528527,-3.161484828227267e-06,2.8691783237879895e-05,4.7465984950019555e-05
1,1,35,3.3513513513513513,-2.6372595932334063e-06,2.9367741194607187e-05,5.858345183949471e-05
1,1,35,3.34984984984985,-8.015803543730358e-06,3.066636295170205e-05,7.14735731376006e-05
1,1,35,3.3483483483483485,-1.3160465501262444e-05,3.2573089700669786e-05,7.372859265394579e-05
1,1,35,3.346846846846847,-1.1222291560245099e-05,3.5073361610213176e-05,7.507067470269822e-05
1,1,35,3.3453453453453452,-9.047840683652341e-06,3.471681658160676e-05,7.695832021691138e-05
1,1,35,3.343843843843844,-7.657468280282062e-06,3.561401878497423e-05,8.025420616191445e-05
1,1,35,3.3423423423423424,-7.2977802631694726e-06,3.837216963893317e-05,8.786764177254498e-05
1,1,35,3.340840840840841,-7.955778847939295e-06,4.060202543432114e-05,8.954598493705153e-05
1,1,35,3.3393393393393396,-8.609346561929895e-06,4.198233944119247e-05,8.761381906117246e-05
1,1,35,3.3378378378378377,-4.013376413972668e-06,4.0499439759245776e-05,8.819769751451266e-05
1,1,35,3.3363363363363363,-2.2272048046923475e-06,3.9626440179203054e-05,8.923470016336098e-05
1,1,35,3.334834834834835,-1.9468594770425535e-06,3.969651738667049e-05,9.179939996606119e-05
1,1,35,3.3333333333333335,-5.009667442832169e-07,3.915699183367448e-05,9.4661298600729e-05
1,1,35,3.3318318318318316,1.2629020119474775e-06,3.949448918374836e-05,9.717584680059028e-05
1,1,35,3.33033033033033,3.18595699825815e-06,3.9692865175874545e-05,9.033419549631366e-05
1,1,35,3.328828828828829,3.3624654295983172e-06,3.975564559087312e-05,7.908999299729123e-05
1,1,35,3.3273273273273274,-1.5750722166573208e-06,4.20004086588259e-05,7.160137894563021e-05
1,1,35,3.325825825825826,-5.383868214251658e-07,4.0241963080299425e-05,6.750783875362348e-05
1,1,35,3.324324324324324,2.813231409412413e-06,4.206532644534036e-05,6.433043089035077e-05
1,1,35,3.3228228228228227,5.713001930026523e-06,4.3223966182562995e-05,6.916182522768727e-05
1,1,35,3.3213213213213213,-1.4168032433760705e-06,4.3829884046411166e-05,7.785182777839128e-05
1,1,35,3.31981981981982,-4.975108852302984e-06,4.400307696469062e-05,7.695617972259053e-05
1,1,35,3.3183183183183185,-6.4976396882297435e-06,4.640497509551984e-05,7.313320416922967e-05
1,1,35,3.3168168168168166,-8.185636319224705e-06,4.799155687737998e-05,7.082745692504801e-05
1,1,35,3.315315315315315,-7.690279243487141e-06,5.082802703865533e-05,7.411171771009965e-05
1,1,35,3.313813813813814,2.2568530146970314e-06,4.779199311965264e-05,7.976807910866409e-05
1,1,35,3.3123123123123124,5.736800197785746e-06,4.461685296002285e-05,8.594277066579364e-05
1,1,35,3.310810810810811,4.61241356929272e-06,4.871549164321698e-05,9.017476326213681e-05
1,1,35,3.309309309309309,7.394286568922215e-06,5.610407862854591e-05,9.016741668474437e-05
1,1,35,3.3078078078078077,9.17432681140154e-06,5.61694287382411e-05,8.856533582444082e-05
1,1,35,3.3063063063063063,8.486538770524112e-06,5.793623817674197e-05,9.208822116458029e-05
1,1,35,3.304804804804805,8.719967932972403e-06,5.924282215656086e-05,8.497853778172051e-05
1,1,35,3.3033033033033035,8.748103377301773e-06,5.745633652788802e-05,9.281725716520518e-05
1,1,35,3.3018018018018016,5.867250031476971e-06,5.763915861140001e-05,9.617003184617633e-05
1,1,35,3.3003003003003,3.369498847671966e-06,5.9254554170926066e-05,9.420566066675046e-05
1,1,35,3.298798798798799,1.1061551896179508e-06,5.830425610313557e-05,8.939060914924402e-05
1,1,35,3.2972972972972974,1.6296094020214202e-07,5.810852823342344e-05,8.873172782793582e-05
1,1,35,3.295795795795796,7.482792335903113e-07,5.94664600705886e-05,8.89138799162175e-05
1,1,35,3.294294294294294,3.1335656564823733e-06,6.417402362964876e-05,8.92766316679984e-05
1,1,35,3.2927927927927927,7.074896211676195e-06,6.425216427021797e-05,9.015326506330804e-05
1,1,35,3.2912912912912913,8.556229308741108e-06,6.609658739438473e-05,9.773246579786437e-05
1,1,35,3.28978978978979,1.4198223745024233e-05,6.7136340345492e-05,0.00010267486325020447
1,1,35,3.2882882882882885,1.371562037824018e-05,6.768527175144215e-05,0.0001047568105259633
1,1,35,3.2867867867867866,1.4279965059945873e-05,6.752743165343994e-05,0.00010648056679053719
1,1,35,3.285285285285285,1.7947344919411537e-05,6.90672237817283e-05,0.00011159274436681361
1,1,35,3.2837837837837838,2.4940179143480637e-05,6.960449942775698e-05,0.00012333842408109377
1,1,35,3.2822822822822824,2.3925210916286334e-05,7.002873426175706e-05,0.00012897524384672225
1,1,35,3.280780780780781,2.5563728099478426e-05,7.2689746136596e-05,0.0001273736056795231
1,1,35,3.279279279279279,2.3313689070736734e-05,7.594182684515782e-05,0.0001386132579254398
1,1,35,3.2777777777777777,2.0930126024857817e-05,7.946759612074104e-05,0.00013881307460802874
1,1,35,3.2762762762762763,2.1218173637788974e-05,8.26190758725677e-05,0.00013363786849497454
1,1,35,3.274774774774775,2.04344000876407e-05,8.546317152410138e-05,0.000137484835959047
1,1,35,3.2732732732732734,1.999388573789649e-05,9.442559011559742e-05,0.00013760666606068075
1,1,35,3.2717717717717716,2.0014305255977236e-05,0.00010576527896290558,0.00015010172845539294
1,1,35,3.27027027027027,2.4986544270442362e-05,9.661944131631253e-05,0.00014961155947286128
1,1,35,3.2687687687687688,2.898884564644412e-05,9.171290915821473e-05,0.00014594821762570903
1,1,35,3.2672672672672673,3.155972809279657e-05,9.257128919755789e-05,0.0001434092404261414
1,1,35,3.265765765765766,3.246406944253273e-05,9.339612858165827e-05,0.00014243142099333236
1,1,35,3.264264264264264,3.197557327803621e-05,9.156256828499881e-05,0.00013916471054480073
1,1,35,3.2627627627627627,3.6360974242810595e-05,9.095707792629304e-05,0.00014048254826991638
1,1,35,3.2612612612612613,4.081988168733175e-05,9.038722291264747e-05,0.00013551657340311364
1,1,35,3.25975975975976,4.6830165243760824e-05,8.762594419689518e-05,0.00013402506460714891
1,1,35,3.2582582582582584,4.260568201522666e-05,8.436650235169388e-05,0.00013438830746983002
1,1,35,3.2567567567567566,3.172593491193934e-05,8.568597712637141e-05,0.00013658213049467377
1,1,35,3.255255255255255,2.1474034550543475e-05,8.41580833453176e-05,0.00014188267176671633
1,1,35,3.2537537537537538,1.7459282524241032e-05,8.480606313984035e-05,0.00014596623848741642
1,1,35,3.2522522522522523,1.6765638987911377e-05,8.455904412476081e-05,0.00014778364825280416
1,1,35,3.250750750750751,1.5324309241749115e-05,8.375310557268492e-05,0.0001500766542181682
1,1,35,3.249249249249249,3.453605318610303e-05,8.27244985755135e-05,0.0001590307715403083
1,1,35,3.2477477477477477,4.4895302643184476e-05,8.195085601837848e-05,0.000161373319764865
1,1,35,3.2462462462462462,4.5024914426317064e-05,8.9624988446637e-05,0.00016968475289690609
1,1,35,3.244744744744745,4.257536393187378e-05,9.896641315468649e-05,0.00017589025143832301
1,1,35,3.2432432432432434,3.953244266351533e-05,0.00010885895194532799,0.000179884331940992
1,1,35,3.2417417417417416,4.036072029404113e-05,0.0001299307927492832,0.00018860341453863505
1,1,35,3.24024024024024,4.242001232797679e-05,0.00012453059795240057,0.0001857826595969888
1,1,35,3.2387387387387387,4.563955428906093e-05,0.00011472647156249988,0.00018792696324976092
1,1,35,3.2372372372372373,4.886699482323752e-05,0.00011892701246339621,0.0001902736873904496
1,1,35,3.235735735735736,4.714958961073157e-05,0.00012183431150067023,0.00019358667997871302
1,1,35,3.234234234234234,4.6925488788117364e-05,0.00015007795272494948,0.00019863647009734503
1,1,35,3.2327327327327327,4.882894552780612e-05,0.00016031367545769198,0.00021330621554309023
1,1,35,3.2312312312312312,5.553336447731809e-05,0.0001636721063616904,0.00022348169589543956
1,1,35,3.22972972972973,6.491654370939862e-05,0.0001481169643982351,0.00023274813777162014
1,1,35,3.2282282282282284,6.765596050308312e-05,0.00014990219462552787,0.00024298966980050574
1,1,35,3.2267267267267266,7.976338336302367e-05,0.00016758907480384638,0.00025370789317346633
1,1,35,3.225225225225225,9.498142532389162e-05,0.0001647307866317685,0.0002227341166740216
1,1,35,3.2237237237237237,8.820441657918406e-05,0.00016090521776272043,0.00022646831815739156
1,1,35,3.2222222222222223,9.933482860675046e-05,0.00016976912928062804,0.0002366759106585386
1,1,35,3.220720720720721,0.00010210317764524149,0.0001769485001345758,0.00025226294216473995
1,1,35,3.219219219219219,0.00010600541169577572,0.0001975740761211292,0.0002729919111794203
1,1,35,3.2177177177177176,0.00010426614729790347,0.0002185107320047952,0.0002923672113223936
1,1,35,3.2162162162162162,0.00010795229579384225,0.00021745265899940358,0.00031841170838196875
1,1,35,3.214714714714715,0.00012131685201799067,0.00023053604006564865,0.0003528783097132629
1,1,35,3.2132132132132134,9.935864886259638e-05,0.00024698803657625945,0.00038002256793747205
1,1,35,3.2117117117117115,8.69415666039132e-05,0.00026320795895478505,0.00040140348836576606
1,1,35,3.21021021021021,0.00012553945749935874,0.00029031812376427435,0.00041637193038840045
1,1,35,3.2087087087087087,0.0001634770485593566,0.00031689635276885286,0.0004614804588702927
1,1,35,3.2072072072072073,0.0001852515029647471,0.0002892404656843414,0.0004730650982212141
1,1,35,3.205705705705706,0.00021107260621532759,0.0003370704270695066,0.0005017689211107672
1,1,35,3.204204204204204,0.0002021717732617126,0.0003499063551204093,0.0005098153980317467
1,1,35,3.2027027027027026,0.00019432883205698984,0.0003972556334163879,0.0005670622179938904
1,1,35,3.201201201201201,0.00020385816762295145,0.0004332128173433203,0.0006022107587245543
1,1,35,3.1996996996997,0.00023690867752238984,0.0004364495461750689,0.0006426272807486949
1,1,35,3.198198198198198,0.00028053810318094674,0.00045457356221875744,0.0006803149620075617
1,1,35,3.1966966966966965,0.00028292097957243606,0.0004114256653329623,0.0006928842604051709
1,1,35,3.195195195195195,0.00030548560216553736,0.0004556762179957069,0.0007622244340354349
1,1,35,3.1936936936936937,0.0003697982915485086,0.0004789728535589885,0.0008237508379060621
1,1,35,3.1921921921921923,0.0004469694647800983,0.0005482444448867488,0.0008384065453419312
1,1,35,3.1906906906906904,0.0004563729689085923,0.0007252189095045963,0.0009848060773459816
1,1,35,3.189189189189189,0.00044891108524561935,0.0007508464813904686,0.0009910172634203934
1,1,35,3.1876876876876876,0.0004813142648156417,0.0007693374640935641,0.0010260792055622366
1,1,35,3.186186186186186,0.0004658246064325397,0.0008150122253569175,0.001243691328275294
1,1,35,3.184684684684685,0.0005188366426115004,0.0008739784725076971,0.0014068417475896766
1,1,35,3.183183183183183,0.0006373350512644781,0.0010294300314720659,0.0016140433309126435
1,1,35,3.1816816816816815,0.000873052773598379,0.0012065932727050865,0.0018083092311493507
1,1,35,3.18018018018018,0.0009758093940450199,0.0014493342562305889,0.0018581718030142094
1,1,35,3.1786786786786787,0.0011583137071104269,0.0015914862820851083,0.0021260936275673895
1,1,35,3.1771771771771773,0.0011332317466710498,0.0016723750682742788,0.0022228094821884065
1,1,35,3.1756756756756754,0.0009931358556112962,0.0018328612315222093,0.0025272646046683098
1,1,35,3.174174174174174,0.0012159111804498496,0.0020869989109795067,0.0027296234892875
1,1,35,3.1726726726726726,0.0014170143185497017,0.00231210129417668,0.003017477312340054
1,1,35,3.171171171171171,0.0017398374269546324,0.002397058760680054,0.002959627608043372
1,1,35,3.16966966966967,0.0019394748393331065,0.0026479197534800686,0.003189015760601835
1,1,35,3.168168168168168,0.002028867993991393,0.0027588688213493473,0.0035532117351305473
1,1,35,3.1666666666666665,0.0018819148283095444,0.0029844125035882046,0.003883385869322853
1,1,35,3.165165165165165,0.0020152506682211413,0.0029529940285766,0.004168748963302882
1,1,35,3.1636636636636637,0.0022178789997961273,0.0031658418649574693,0.004207018545973593
1,1,35,3.1621621621621623,0.002587315305365906,0.0033024416008239077,0.004293622098082192
1,1,35,3.1606606606606604,0.0025492656972416206,0.00337362191964255,0.004461368145484895
1,1,35,3.159159159159159,0.002440026629055403,0.0035766935511682973,0.0046990535632383534
1,1,35,3.1576576576576576,0.002448149597788621,0.0035143626556128627,0.004483480583961252
1,1,35,3.156156156156156,0.0023475735019623106,0.0033425717100319108,0.004430906577980634
1,1,35,3.1546546546546548,0.0021382704416298,0.0031094453953229018,0.004850865498422827
1,1,35,3.153153153153153,0.0027452475564721107,0.0034957906557530893,0.004336407242039236
1,1,35,3.1516516516516515,0.00256275539840585,0.00359000753266675,0.00425366545864464
1,1,35,3.15015015015015,0.002777551088486749,0.0034125378878858137,0.004290252498518263
1,1,35,3.1486486486486487,0.0024229154580423518,0.0034404849983758756,0.0049816885289720725
1,1,35,3.1471471471471473,0.002313117272350257,0.003364032265239597,0.004507536451838434
1,1,35,3.1456456456456454,0.002153482390046091,0.003351480936702289,0.004390881880738384
1,1,35,3.144144144144144,0.0019862415285962776,0.0033943093040800787,0.004018846605631038
1,1,35,3.1426426426426426,0.0026222023190337895,0.003549967560559364,0.004100178376223285
1,1,35,3.141141141141141,0.002664165071894542,0.003562963664552554,0.00412274020270309
1,1,35,3.1396396396396398,0.0026821069256548202,0.003557212159022438,0.004151518136617294
1,1,35,3.138138138138138,0.0024339713210007607,0.0034402484712491854,0.004114504872436059
1,1,35,3.1366366366366365,0.002113730620886184,0.0032518971292909704,0.004030982879281664
1,1,35,3.135135135135135,0.0018308911232982894,0.0029698187436981716,0.003821936894039285
1,1,35,3.1336336336336337,0.00228796474559656,0.002979260264859007,0.004111301143418511
1,1,35,3.1321321321321323,0.002268817883180063,0.002865494130388224,0.004230803822878271
1,1,35,3.1306306306306304,0.002183018615946053,0.002722054360543902,0.00391142950650844
1,1,35,3.129129129129129,0.0021483773910893067,0.0030570171969211413,0.003946300395379049
1,1,35,3.1276276276276276,0.002174385193827788,0.003118752343943265,0.0036473638398043517
1,1,35,3.126126126126126,0.0021505002767865655,0.0029956032582472147,0.0037493753347587755
1,1,35,3.1246246246246248,0.0017984843505340353,0.0028352355175109145,0.0034633141153616875
1,1,35,3.123123123123123,0.0018999950185294434,0.002880250672837481,0.0034590176474514622
1,1,35,3.1216216216216215,0.0022283808542279404,0.0028708939317783067,0.0037642064943832487
1,1,35,3.12012012012012,0.002069446924595042,0.0029384384739571945,0.003690495634659091
1,1,35,3.1186186186186187,0.001970083800661382,0.0026426121589515628,0.0034674519127970427
1,1,35,3.1171171171171173,0.002093375968181266,0.0027855677552146574,0.003177729975485849
1,1,35,3.1156156156156154,0.002162753559768915,0.002825134044606048,0.003287904489872845
1,1,35,3.114114114114114,0.0021747485021846036,0.002723745263882027,0.003317113540274974
1,1,35,3.1126126126126126,0.0017948584407097568,0.0028519889841774337,0.003556486343963855
1,1,35,3.111111111111111,0.0019308433933506453,0.0028543741394223,0.0035894102060713695
1,1,35,3.1096096096096097,0.001767410306063144,0.002679420179065084,0.0034494033292997717
1,1,35,3.108108108108108,0.0018443190593863124,0.002602603854833463,0.0035376943775111414
1,1,35,3.1066066066066065,0.0018919374900526476,0.0028485369179510056,0.0035706967681359003
1,1,35,3.105105105105105,0.0018754156840078418,0.0026875637810718223,0.0034525143524549717
1,1,35,3.1036036036036037,0.001685031692682526,0.0025876386807158758,0.003497770785507115
1,1,35,3.1021021021021022,0.0016995696487106526,0.0026285458490784563,0.003385019451156268
1,1,35,3.1006006006006004,0.001573568646980772,0.002658411983848308,0.003268871115355315
1,1,35,3.099099099099099,0.001485678251187783,0.0022783649176151277,0.0032754123760751486
1,1,35,3.0975975975975976,0.001391544284136903,0.002385549223717476,0.003220540127257532
1,1,35,3.096096096096096,0.0016235523524795736,0.0024487493294350626,0.0031518967318566737
1,1,35,3.0945945945945947,0.0017105070046617432,0.0023629041201835843,0.002953987160011051
1,1,35,3.093093093093093,0.001653689734255337,0.0023812030884453605,0.003129116642069052
1,1,35,3.0915915915915915,0.0014236131886475878,0.0023263242061579703,0.002970198401585633
1,1,35,3.09009009009009,0.0012804021354690387,0.002269747726195037,0.0029557642020750508
1,1,35,3.0885885885885886,0.0014138666071521477,0.002182707633096581,0.002967177488067241
1,1,35,3.0870870870870872,0.0014497962874420733,0.002276647946795385,0.0029931142219833395
1,1,35,3.0855855855855854,0.0014983468763641317,0.0024283644929818937,0.0031276482403645445
1,1,35,3.084084084084084,0.001373703270870552,0.0023933275040912694,0.0030687552857048828
1,1,35,3.0825825825825826,0.0013125710365388676,0.0022680202111349246,0.002865463320853634
1,1,35,3.081081081081081,0.0013514012188384772,0.0021316748715470846,0.002758218148378677
1,1,35,3.0795795795795797,0.0014070934392778622,0.0020496532080185315,0.0027722701802402328
1,1,35,3.078078078078078,0.0013734960302888566,0.0020017702706347507,0.0030407307124146743
1,1,35,3.0765765765765765,0.001653385925272477,0.002103035361956662,0.0027458653390100562
1,1,35,3.075075075075075,0.001362967600877063,0.002270308161968382,0.002789525365053447
1,1,35,3.0735735735735736,0.001323911114205767,0.0021347121705517225,0.0027989570190919966
1,1,35,3.0720720720720722,0.0012751492157409006,0.0021818327012044225,0.0027287920286786504
1,1,35,3.0705705705705704,0.001283219935336588,0.0020909123444605715,0.002555520482185769
1,1,35,3.069069069069069,0.0013054552599765512,0.0021352006898699427,0.00251532947279387
1,1,35,3.0675675675675675,0.0014993415147639966,0.0020186413718341623,0.0026028790277519143
1,1,35,3.066066066066066,0.0015038433077177449,0.002026903112160805,0.0027856960484457516
1,1,35,3.0645645645645647,0.0013392392938509912,0.0019963672267447885,0.0026838772229215713
1,1,35,3.063063063063063,0.00126001322880398,0.0019173476205047724,0.0025069358024795707
1,1,35,3.0615615615615615,0.0013080762118045097,0.001982604943478683,0.0025892828214085784
1,1,35,3.06006006006006,0.001181332335221219,0.00206425968694679,0.0025156796187159602
1,1,35,3.0585585585585586,0.001210665151142154,0.001962713515195502,0.0026424150540295677
1,1,35,3.057057057057057,0.0012380285001877822,0.001976838498900624,0.0026153698990908913
1,1,35,3.0555555555555554,0.0011674239010709409,0.001946207329196481,0.0026566786738713155
1,1,35,3.054054054054054,0.001181407173296234,0.001847100975920224,0.002642218161746479
1,1,35,3.0525525525525525,0.001076469826891191,0.0018074068039344304,0.0025299955946557207
1,1,35,3.051051051051051,0.0011825263172910438,0.0018359155765410584,0.0024277595883935854
1,1,35,3.0495495495495497,0.0010875363379733716,0.0018518704685360765,0.0022740004161459493
1,1,35,3.048048048048048,0.0010604906347670973,0.0017505783924085527,0.0021599815444606763
1,1,35,3.0465465465465464,0.0010486823350214225,0.00167645197226296,0.0022768236380241724
1,1,35,3.045045045045045,0.001112355296188694,0.0018255197263553624,0.0024676803515565893
1,1,35,3.0435435435435436,0.001142114552175666,0.0018054195059715727,0.00246773684850371
1,1,35,3.042042042042042,0.001196572143268071,0.0018191998816274868,0.00244086395838794
1,1,35,3.0405405405405403,0.001112511629276558,0.0018012172740102805,0.0023121996747437756
1,1,35,3.039039039039039,0.001084410457397933,0.0016392952686027362,0.002272694056692115
1,1,35,3.0375375375375375,0.0011042249435194162,0.0017337232627541166,0.0023351077531422737
1,1,35,3.036036036036036,0.0010098151039452108,0.001746840236449776,0.00250136685992286
1,1,35,3.0345345345345347,0.0010573120344840037,0.0017337690306977738,0.0024318820565548682
1,1,35,3.033033033033033,0.0009773199273701016,0.001705388934046037,0.0022272948306905627
1,1,35,3.0315315315315314,0.0010387349327317663,0.0016554894981983814,0.0020707998795826965
1,1,35,3.03003003003003,0.0010280640049504242,0.0015881936529986707,0.0022340945603055995
1,1,35,3.0285285285285286,0.0010717296618220629,0.0015585007384876226,0.0023443661697215012
1,1,35,3.027027027027027,0.000840466368948134,0.0015643910690802398,0.002221896713571314
1,1,35,3.0255255255255253,0.0009175687188273662,0.001548503877422558,0.0022124167450817134
1,1,35,3.024024024024024,0.0009746956482896696,0.0016421101331663968,0.0021213861399617673
1,1,35,3.0225225225225225,0.0010111832441670465,0.0016348966362634831,0.00209649300113679
1,1,35,3.021021021021021,0.0008834568350818972,0.0015740106522990072,0.0020888840444833745
1,1,35,3.0195195195195197,0.0009149462463335367,0.0016034091005545648,0.002039086790705802
1,1,35,3.018018018018018,0.0009092053601693073,0.0015773780368104617,0.002090105580075108
1,1,35,3.0165165165165164,0.0008145647352994501,0.001464262888959289,0.002145536575743623
1,1,35,3.015015015015015,0.000808023988793316,0.0014647377766490166,0.0022187574304241564
1,1,35,3.0135135135135136,0.0009106089429147812,0.0014571847914145453,0.002119496587144054
1,1,35,3.012012012012012,0.0008894945311461733,0.0014611921396444627,0.0021452773696286065
1,1,35,3.0105105105105103,0.0008359205210803355,0.0016272593615414,0.0020966860362930384
1,1,35,3.009009009009009,0.0008168456161457005,0.0015577689221516478,0.002052700421108833
1,1,35,3.0075075075075075,0.0008438835777473397,0.0014945879046021071,0.0019368516095732424
1,1,35,3.006006006006006,0.0009062896222709615,0.0014979377473022248,0.001960969898203324
1,1,35,3.0045045045045047,0.000924534558246648,0.0014225199559698698,0.0019403803749219461
1,1,35,3.003003003003003,0.0009569080411510056,0.001454539914107933,0.0018733075603932225
1,1,35,3.0015015015015014,0.0009822188541427357,0.0015598621858776696,0.0018500063446357795
1,1,35,3.0,0.001015456133814041,0.0014963702270776036,0.001911222951576086
1,1,35,2.9984984984984986,0.000989148001007023,0.001537706154729701,0.0019510963284709026
1,1,35,2.996996996996997,0.000999576525933299,0.0015210514654604435,0.0019382845119426118
1,1,35,2.9954954954954953,0.0009852335581560512,0.001440257640319742,0.0018890453186445888
1,1,35,2.993993993993994,0.0008672881880231187,0.001470445921202157,0.001903840558086678
1,1,35,2.9924924924924925,0.0009049120215726125,0.0014659101905614147,0.0017416148803588438
1,1,35,2.990990990990991,0.0008523518810284458,0.0014283289754176698,0.0017503386500353213
1,1,35,2.9894894894894897,0.0009167413208420738,0.0014363319715231526,0.0017916859268593543
1,1,35,2.987987987987988,0.0009799612456486972,0.0014168267167996573,0.0018082827996722672
1,1,35,2.9864864864864864,0.0009305984811049384,0.0014408174045403843,0.0018548691254250405
1,1,35,2.984984984984985,0.0009803571203411687,0.0014712595825451258,0.0018691268397372784
1,1,35,2.9834834834834836,0.0010209408399333153,0.0014507300128984157,0.001894749207661639
1,1,35,2.981981981981982,0.0009783219955379896,0.001466490879782567,0.001877210454886702
1,1,35,2.9804804804804803,0.000977819532978097,0.0013739078595038645,0.0018541207228047751
1,1,35,2.978978978978979,0.000969737275924698,0.0012703278384812444,0.0018242403106200067
1,1,35,2.9774774774774775,0.00096049684389371,0.0012387621707934393,0.001798614063028392
1,1,35,2.975975975975976,0.0009347565942079972,0.0011726657701063292,0.0018357401874214418
1,1,35,2.9744744744744747,0.0009071539722782518,0.0012270007732297916,0.001888408272857911
1,1,35,2.972972972972973,0.0008624198740327382,0.0013048910477166942,0.001767235585696636
1,1,35,2.9714714714714714,0.0008080629122351191,0.0013191473197693426,0.001659528955971823
1,1,35,2.96996996996997,0.0008057224798720952,0.0013289542304686375,0.0016158698599710863
1,1,35,2.9684684684684686,0.0007811475272742063,0.0013178942823773854,0.001702582200642233
1,1,35,2.966966966966967,0.0008285141484142833,0.0013975463322852821,0.0016612216906202182
1,1,35,2.9654654654654653,0.0008706001897090809,0.0014301282123944103,0.0016385323621436187
1,1,35,2.963963963963964,0.0009421827306192454,0.0014076775890362603,0.001610097929487575
1,1,35,2.9624624624624625,0.0009293846745960788,0.00142247220083902,0.001596246363862741
1,1,35,2.960960960960961,0.0009454234145332974,0.0013425752048901174,0.0015896509774487866
1,1,35,2.9594594594594597,0.0009427975917044029,0.0013350488751889822,0.0015644007905584179
1,1,35,2.957957957957958,0.0009580159627579632,0.001285451683488259,0.001518660776659797
1,1,35,2.9564564564564564,0.000989039457711005,0.0012561847544967364,0.001512383577891796
1,1,35,2.954954954954955,0.0009608907730314087,0.0011939446423041566,0.0015254514715061784
1,1,35,2.9534534534534536,0.0009081820292331511,0.0012211343627785975,0.0015501848976064991
1,1,35,2.951951951951952,0.0008622823831472282,0.001179483440218454,0.0015630792652178704
1,1,35,2.9504504504504503,0.0008517392053672967,0.0012355008277687984,0.0015744713757644413
1,1,35,2.948948948948949,0.0008084161999833417,0.0012603935060158111,0.0015901754380230892
1,1,35,2.9474474474474475,0.0007837052500339614,0.0012987321423924003,0.001524111390109384
1,1,35,2.945945945945946,0.0007884586845844921,0.001255379682679969,0.0014411617060289261
1,1,35,2.9444444444444446,0.0007472718702584147,0.0012213465183331662,0.001401983517191674
1,1,35,2.942942942942943,0.0007665583268945397,0.0011854241778236352,0.0013785187836641288
1,1,35,2.9414414414414414,0.000804681600249102,0.0011962511756191674,0.00140443584524641
1,1,35,2.93993993993994,0.0008423641128766923,0.0012048670554242191,0.0013849715640593119
1,1,35,2.9384384384384385,0.000892092649704801,0.0011784204232708761,0.0013909560693936562
1,1,35,2.936936936936937,0.0009141780839421743,0.0010660183806442403,0.001380312763156033
1,1,35,2.9354354354354353,0.0009135311702426208,0.0010608300086232259,0.0013701902476323524
1,1,35,2.933933933933934,0.000859894981504461,0.0010525788062692998,0.001351762893916475
1,1,35,2.9324324324324325,0.0007662299233097136,0.000998941690285915,0.001350897353135705
1,1,35,2.930930930930931,0.0007211758208078289,0.0009974444083445944,0.001334434033940013
1,1,35,2.9294294294294296,0.0007912052470506747,0.0010018225656081015,0.0013421528546509465
1,1,35,2.9279279279279278,0.0007429428991120313,0.0010828980635450014,0.001344174785838037
1,1,35,2.9264264264264264,0.0007259265736532239,0.0010365265564775683,0.001336961557109273
1,1,35,2.924924924924925,0.0007330382626665188,0.0010024421269525519,0.0013177863237172072
1,1,35,2.9234234234234235,0.000740654473346869,0.0009943188064613917,0.0012872221838129416
1,1,35,2.921921921921922,0.0007259244268412179,0.0009700548203303017,0.0012409476740630754
1,1,35,2.9204204204204203,0.0007451638737223099,0.000988701261882885,0.0011967336024775732
1,1,35,2.918918918918919,0.0007010448739510622,0.0010056120565594684,0.0011723286082024886
1,1,35,2.9174174174174174,0.0006963101107559377,0.0010215791551292375,0.0011567675537932365
1,1,35,2.915915915915916,0.0007004129247241142,0.0010226418857929298,0.0011917837942131415
1,1,35,2.9144144144144146,0.0007051142211698114,0.00098593648555656,0.0011849000769331708
1,1,35,2.9129129129129128,0.0007330973155036391,0.00091627256479343,0.001211003108322839
1,1,35,2.9114114114114114,0.0007074283852497865,0.0009283445924866962,0.0012164253896418953
1,1,35,2.90990990990991,0.0006898150249186608,0.0009016635965670705,0.0012254073237117358
1,1,35,2.9084084084084085,0.000684106549785457,0.0008827210984563294,0.0012301709046866338
1,1,35,2.906906906906907,0.00067746921040579,0.0008731217817745662,0.0012348999547889261
1,1,35,2.9054054054054053,0.0006734048683553207,0.0009023525793454557,0.0012408749572461741
1,1,35,2.903903903903904,0.0006821660700123133,0.0009202833569565971,0.0011456260028703813
1,1,35,2.9024024024024024,0.0006892227881210022,0.0008699780529549672,0.0011147908346733626
1,1,35,2.900900900900901,0.000676224077776566,0.0008653851175062233,0.0011161549364667733
1,1,35,2.8993993993993996,0.0006306290690485938,0.0008503266780496288,0.001110002837877877
1,1,35,2.8978978978978978,0.0006010355347551011,0.0008402258831314846,0.0010783130403107521
1,1,35,2.8963963963963963,0.0005789327792401489,0.000822226420623906,0.0010553482065592812
1,1,35,2.894894894894895,0.0005707322553408778,0.0008336693080323032,0.001027669200284631
1,1,35,2.8933933933933935,0.0005817716640348358,0.000807390423414267,0.001016800708710519
1,1,35,2.891891891891892,0.0005885871774768403,0.0007931573169649431,0.0009890130797221564
1,1,35,2.8903903903903903,0.0005896329923417154,0.0007623115460331231,0.0009687041035764121
1,1,35,2.888888888888889,0.0005936894345968113,0.0007566418725956092,0.0009517298338106994
1,1,35,2.8873873873873874,0.0005765666602139397,0.0007603771517469271,0.0009318419634217201
1,1,35,2.885885885885886,0.0005743203727896495,0.0007633949070493529,0.0009127299981684378
1,1,35,2.8843843843843846,0.0006037464813650195,0.0007476759228164376,0.0009705253156156446
1,1,35,2.8828828828828827,0.0005994376776639054,0.0007591352483622416,0.0010187315326976587
1,1,35,2.8813813813813813,0.000630778351227157,0.0007791927905727025,0.0010864653623624543
1,1,35,2.87987987987988,0.0006457055865908279,0.0007807937181049107,0.001070349559881889
1,1,35,2.8783783783783785,0.0006372387570620086,0.0007768149688712755,0.0010478678851784107
1,1,35,2.876876876876877,0.0006188144053221878,0.0007575714173437831,0.001042894848121645
1,1,35,2.8753753753753752,0.0005804509392673407,0.0007447054516698248,0.0010397795521793207
1,1,35,2.873873873873874,0.0005377870452362155,0.0007245855600849227,0.0010398188146420462
1,1,35,2.8723723723723724,0.0005029520283587052,0.0007140270618509748,0.00101363168486035
1,1,35,2.870870870870871,0.000492417307491444,0.0006882123593292544,0.0009861982388369994
1,1,35,2.8693693693693696,0.0005026277974410354,0.0006374126044256245,0.0009344546467913717
1,1,35,2.8678678678678677,0.0004991767212793041,0.0006227138771006668,0.0008781334929691131
1,1,35,2.8663663663663663,0.0005205940500855877,0.0006003576688387025,0.0008740536753832351
1,1,35,2.864864864864865,0.0004890472088742714,0.0006102065818668345,0.000843116838946445
1,1,35,2.8633633633633635,0.00046732269755578315,0.0006033139349906902,0.0008246093826884682
1,1,35,2.861861861861862,0.0004509586531155074,0.0006156011742760592,0.0008146949128173264
1,1,35,2.8603603603603602,0.000442986149860769,0.0006076063102051776,0.0008095368766112832
1,1,35,2.858858858858859,0.000449963329639369,0.0005914593366487253,0.000805861457847834
1,1,35,2.8573573573573574,0.00044408999348566347,0.0005984908965663838,0.000800050646837358
1,1,35,2.855855855855856,0.00047623446959421667,0.0006018394706140962,0.0007993195202753434
1,1,35,2.8543543543543546,0.0005042366790098951,0.0005954183443234173,0.0007966078908450691
1,1,35,2.8528528528528527,0.00048511285053859377,0.0005990851344477299,0.000791892485523582
1,1,35,2.8513513513513513,0.00048197885628570303,0.0006154491824904573,0.0007743989320704858
1,1,35,2.84984984984985,0.0004855810354858492,0.0005658016174395764,0.0007699764341241866
1,1,35,2.8483483483483485,0.0004659377483546834,0.0005855197340334239,0.0007592742582276935
1,1,35,2.846846846846847,0.00046481830436101435,0.0005820283372193202,0.000748482127555794
1,1,35,2.8453453453453452,0.0004605331468717222,0.0005883756218326708,0.0007434505076299724
1,1,35,2.843843843843844,0.00043621622917988656,0.000580095540097747,0.0007437492869959983
1,1,35,2.8423423423423424,0.00043398409684486383,0.000582435944430304,0.0007548214793874908
1,1,35,2.840840840840841,0.00042480840314262913,0.0005790078130185616,0.000805448762490224
1,1,35,2.8393393393393396,0.0004127509428966114,0.0005892480326545879,0.0008103376403578721
1,1,35,2.8378378378378377,0.00041424037789661305,0.0005885338510939198,0.0007815831801275541
1,1,35,2.8363363363363363,0.0004287863407744785,0.0005790925470058328,0.0007600785204631699
1,1,35,2.834834834834835,0.0004125388837907251,0.0005187541116375982,0.0007675356019825053
1,1,35,2.8333333333333335,0.0003258886109878678,0.0005021157295697076,0.0007697898607468279
1,1,35,2.831831831831832,0.0003077314827648059,0.0005149195076561419,0.0007648623136791155
1,1,35,2.83033033033033,0.000330994485694569,0.0005207838135020681,0.0007598444923256897
1,1,35,2.828828828828829,0.0003538193248970867,0.0005343669786214145,0.0007259496088891093
1,1,35,2.8273273273273274,0.0003745038155271718,0.0005331098972982673,0.0006695292916369944
1,1,35,2.825825825825826,0.0003618362901893768,0.0005342752518507909,0.0006532951559079514
1,1,35,2.8243243243243246,0.0003646616371215661,0.0005236904333325576,0.000687378633017155
1,1,35,2.8228228228228227,0.00039483449314331454,0.000524373929055022,0.0007173957491628524
1,1,35,2.8213213213213213,0.00039515752919250247,0.0005328427920103795,0.0007300763361047791
1,1,35,2.81981981981982,0.00040270873996839374,0.0005335053324393435,0.0007416323935169888
1,1,35,2.8183183183183185,0.00040287557032248067,0.0005309182700525827,0.0007353259955769076
1,1,35,2.816816816816817,0.0004050717434368467,0.0005262728573762754,0.0007274959734930864
1,1,35,2.815315315315315,0.00040586134311459965,0.0005295781610310524,0.000698522859311379
1,1,35,2.813813813813814,0.00041119136160716607,0.0005324609852038753,0.0006979166878079424
1,1,35,2.8123123123123124,0.0004013542174436946,0.00053997897157676,0.0006838954812234954
1,1,35,2.810810810810811,0.00039205141167397706,0.0005350728614936795,0.0006673010326649909
1,1,35,2.8093093093093096,0.00038419410562728906,0.0005328185404080976,0.0006707623511235106
1,1,35,2.8078078078078077,0.00038170682390192834,0.0005309528135095665,0.0006913104522132674
1,1,35,2.8063063063063063,0.000399011213780498,0.0005364569068779801,0.0007328864778884947
1,1,35,2.804804804804805,0.00040559492209746306,0.0005419764358713941,0.0007502511274540824
1,1,35,2.8033033033033035,0.00040736136445629345,0.0005394225963086807,0.0007437262428515723
1,1,35,2.801801801801802,0.00040256601509702783,0.0005321687882644532,0.0007204219728922379
1,1,35,2.8003003003003,0.00039258112626416874,0.000538832878608897,0.0007312998644245505
1,1,35,2.798798798798799,0.00036445708778232166,0.000526463385764675,0.0007299431672914691
1,1,35,2.7972972972972974,0.000341833059882779,0.0005016514924207627,0.0007373753796586779
1,1,35,2.795795795795796,0.0003635579057761351,0.0004888519836656613,0.0007577668023601714
1,1,35,2.7942942942942945,0.00036642698090111336,0.0004933124581516513,0.0007500042401323848
1,1,35,2.7927927927927927,0.00036311997305243926,0.0005047196710092905,0.0007438233523316962
1,1,35,2.7912912912912913,0.0003561027489470403,0.0005127946689451601,0.0007212265230395198
1,1,35,2.78978978978979,0.0003480832216510854,0.0004962831586674543,0.0007049917269012496
1,1,35,2.7882882882882885,0.0003481076640058367,0.00048213036130051456,0.0006961621399073081
1,1,35,2.786786786786787,0.0003559629878904236,0.00047161650538551925,0.0006964859820036695
1,1,35,2.785285285285285,0.0003569206185921603,0.00048088600137474735,0.0006918866018355008
1,1,35,2.7837837837837838,0.0003346567611851592,0.0004769994886308915,0.0006773794735698835
1,1,35,2.7822822822822824,0.00031934805349564943,0.00047544426016865593,0.0006875189666644133
1,1,35,2.7807807807807805,0.00033102690085751174,0.000471882623206632,0.0006960628865353424
1,1,35,2.7792792792792795,0.00034284228246184156,0.00046613056467226244,0.0006895203261425564
1,1,35,2.7777777777777777,0.00037071609811034634,0.00047644094797516523,0.0006949103790030442
1,1,35,2.7762762762762763,0.0003884495202894911,0.00048450915552722407,0.0006967961173459658
1,1,35,2.774774774774775,0.0003904179962481713,0.00048480426769947904,0.0006674232495943455
1,1,35,2.773273273273273,0.00037118475166042497,0.0004813883736816127,0.0006407795199898647
1,1,35,2.771771771771772,0.0003501611848645281,0.00048764523461031217,0.0006687102090290331
1,1,35,2.77027027027027,0.00033281141645202794,0.00048443079986659754,0.000652735443547936
1,1,35,2.7687687687687688,0.0003258782760537926,0.00047498104649190687,0.000622711802174547
1,1,35,2.7672672672672673,0.0003307378757986257,0.0004687425416336488,0.0006030997030176399
1,1,35,2.7657657657657655,0.0003236959778342152,0.00045989476414054486,0.0005987454877598442
1,1,35,2.7642642642642645,0.00033173955006815525,0.000455522567191613,0.0006330674084710219
1,1,35,2.7627627627627627,0.00035923961590045295,0.000492243391508218,0.0006201903124457564
1,1,35,2.7612612612612613,0.00036306543598663144,0.00046287743142969795,0.0006516192189088832
1,1,35,2.75975975975976,0.00037004784583616335,0.0004418051408114909,0.0006571545953085733
1,1,35,2.758258258258258,0.0003707393907274037,0.0004394244514596135,0.0006522067838328205
1,1,35,2.756756756756757,0.00035781871407791765,0.00044385518034517624,0.000643480406199437
1,1,35,2.755255255255255,0.0003497784054560249,0.000449442384141685,0.0006314181210483882
1,1,35,2.7537537537537538,0.00033939627253487537,0.0004140174747686576,0.0006159470800891631
1,1,35,2.7522522522522523,0.0003321692319971925,0.0004060047478520179,0.0005976344099832831
1,1,35,2.7507507507507505,0.0003370561932688476,0.0004204658378377246,0.0005776584554919584
1,1,35,2.7492492492492495,0.0003442018417602055,0.00044530548444443596,0.0005647245053611583
1,1,35,2.7477477477477477,0.0003355090120678028,0.0004470498247644006,0.000557910294951669
1,1,35,2.7462462462462462,0.00032702492727076926,0.00044359787058545486,0.0005521229714074982
1,1,35,2.744744744744745,0.00032968301811153733,0.00045201448222997875,0.0005477706270894389
1,1,35,2.743243243243243,0.0003129565199387896,0.00044684824791962896,0.0005493758221067901
1,1,35,2.741741741741742,0.00030013795086791806,0.00043506658362590933,0.0005392691474156441
1,1,35,2.74024024024024,0.000290954104713137,0.00044631570212616545,0.0005394095489680284
1,1,35,2.7387387387387387,0.0002641449692417641,0.0004517809044530807,0.0005495032455188342
1,1,35,2.7372372372372373,0.0002279289321340805,0.0004430582285126494,0.0005532697982556511
1,1,35,2.7357357357357355,0.00021702002629275796,0.00041953374375136576,0.0005675811410928988
1,1,35,2.7342342342342345,0.00021274270959437125,0.00040681902648542767,0.0005845573266347603
1,1,35,2.7327327327327327,0.00021099917170197546,0.00040914626856713987,0.0005733569634502889
1,1,35,2.7312312312312312,0.00023265475797196178,0.00043130899858589977,0.0005632448704464554
1,1,35,2.72972972972973,0.00025999086624328704,0.0004307331778516943,0.0005556230466142731
1,1,35,2.728228228228228,0.0002850896611994447,0.0004151605394628888,0.0005637597915819637
1,1,35,2.726726726726727,0.0003079446559881571,0.00040161461109766705,0.0005859757265924692
1,1,35,2.725225225225225,0.0003241742422120941,0.000447106331656677,0.0005963666644425158
1,1,35,2.7237237237237237,0.00033541694479732875,0.0004412885951934342,0.0006113285014802683
1,1,35,2.7222222222222223,0.0003397984871973403,0.00043762069637298673,0.0006164981456590057
1,1,35,2.7207207207207205,0.00033387502892867627,0.00043934167173897976,0.0006083900510907014
1,1,35,2.7192192192192195,0.0003275081983845629,0.00045406082668364434,0.0006120916457098557
1,1,35,2.7177177177177176,0.00032194576945343556,0.0004335698584763126,0.00060612358450296
1,1,35,2.7162162162162162,0.000309752878886016,0.0004306635877424636,0.0005987188646091601
1,1,35,2.714714714714715,0.00030319646997500893,0.00042939657361174,0.0006014877673429231
1,1,35,2.713213213213213,0.0002869119576596191,0.0004364504429403837,0.000604518156012479
1,1,35,2.7117117117117115,0.0002736073118404514,0.00044301135209989795,0.0006033404488163807
1,1,35,2.71021021021021,0.0002710321188380549,0.0004218529020012518,0.0005973610603279278
1,1,35,2.7087087087087087,0.0002836750342818384,0.0004306640441753551,0.000577687354889056
1,1,35,2.7072072072072073,0.00030292512881902045,0.0004262628191606943,0.0005598223214917653
1,1,35,2.7057057057057055,0.0003024458600169311,0.00041919770760623365,0.000562511619628614
1,1,35,2.704204204204204,0.00030349029597165345,0.0004179844848084535,0.0005641268031750801
1,1,35,2.7027027027027026,0.0003007389030392771,0.00040623369086256744,0.0005573625746184696
1,1,35,2.701201201201201,0.00027292009956880747,0.0004086528126128197,0.0005643938707233787
1,1,35,2.6996996996997,0.0002632839985460267,0.00042207992205356426,0.0005717582868612903
1,1,35,2.698198198198198,0.00024983226542873993,0.00042087337509633116,0.0005895975974428147
1,1,35,2.6966966966966965,0.0002490850307907966,0.0004182100460325966,0.000596403479789398
1,1,35,2.695195195195195,0.0002563466555378646,0.0004044305195529674,0.0005863414745923556
1,1,35,2.6936936936936937,0.00027081489227065436,0.00041217549086680627,0.0005691100244652469
1,1,35,2.6921921921921923,0.00029634067167061406,0.0004168859907738298,0.000551557369179112
1,1,35,2.6906906906906904,0.0003029639490162994,0.00041768492540561475,0.0005305949048084457
1,1,35,2.689189189189189,0.0002996791663480991,0.0004410465782866968,0.0005181759345812553
1,1,35,2.6876876876876876,0.00029643712906179953,0.0004300576118529964,0.0005545152923448482
1,1,35,2.686186186186186,0.0002920090817140064,0.00041314685729254563,0.0005852798614259802
1,1,35,2.684684684684685,0.0002849639465918319,0.0004233369580850521,0.0005874910864189786
1,1,35,2.683183183183183,0.0002786455302625779,0.00042810460992726007,0.0005836549282094428
1,1,35,2.6816816816816815,0.0002837829774117173,0.00043157823296047226,0.0005807423299509784
1,1,35,2.68018018018018,0.0002876886149023594,0.000442702134478834,0.0005817464743792522
1,1,35,2.6786786786786787,0.00029304635317783934,0.0004541560172266479,0.0005795287402331484
1,1,35,2.6771771771771773,0.0003021565307451679,0.00047021865100127513,0.0005860933901333798
1,1,35,2.6756756756756754,0.0003311688107117128,0.00045792926345056273,0.0005747291263634713
1,1,35,2.674174174174174,0.00031396506079317543,0.00046462722993467764,0.0005709993376701306
1,1,35,2.6726726726726726,0.0003195549223860006,0.00046476579587739764,0.0005626979599645532
1,1,35,2.671171171171171,0.0003212977403734829,0.000471293518186533,0.0005472890316675638
1,1,35,2.66966966966967,0.0003251783925790619,0.0004627567357899931,0.0005350847097903566
1,1,35,2.668168168168168,0.00033130653146407063,0.00047100705833402756,0.0005433435242682139
1,1,35,2.6666666666666665,0.00032381434728323555,0.00046353958155642694,0.0005646766885680776
1,1,35,2.665165165165165,0.0003066318215900754,0.000473521835264723,0.0005618569737301238
1,1,35,2.6636636636636637,0.00031207331483962264,0.0004706629868376222,0.0005597140643501808
1,1,35,2.6621621621621623,0.00032150014471210575,0.0004476722672694944,0.0005718812818464869
1,1,35,2.6606606606606604,0.00032719276252879403,0.0004340073759256935,0.0005810051416428319
1,1,35,2.659159159159159,0.00031643042094686713,0.00044094779703529596,0.0005806400790666633
1,1,35,2.6576576576576576,0.00030250084674887656,0.00046142767996038003,0.0005826141339517754
1,1,35,2.656156156156156,0.0002936878315343838,0.0004766266417728371,0.0005961689285981508
1,1,35,2.6546546546546548,0.00028795899653510926,0.0004707056790071995,0.0005950067134419257
1,1,35,2.653153153153153,0.00028751141532545876,0.00046464753447872376,0.0005795035348278299
1,1,35,2.6516516516516515,0.00029727696554682215,0.0004293256708221005,0.0005644377046313265
1,1,35,2.65015015015015,0.0003108738237995734,0.0004162054982175256,0.0005428387424640801
1,1,35,2.6486486486486487,0.0003261706157158262,0.0004196578631079362,0.0005481792719451706
1,1,35,2.6471471471471473,0.0003348698063400102,0.0004129204182818924,0.0005584107256260129
1,1,35,2.6456456456456454,0.00032586223145725235,0.00042154621000256576,0.0005581436846912036
1,1,35,2.644144144144144,0.0003138745878531468,0.0004096164924995982,0.0005495343666819252
1,1,35,2.6426426426426426,0.0003258002051385045,0.00040252479500191285,0.0005399281034136338
1,1,35,2.641141141141141,0.0003177982582353023,0.00040193640090158134,0.0005293399349840522
1,1,35,2.6396396396396398,0.00031045309713084723,0.00040455888171209153,0.0005244103974152425
1,1,35,2.638138138138138,0.0003011089686930646,0.00041057338784122877,0.0005218746950026443
1,1,35,2.6366366366366365,0.0002935201517115793,0.0004237757706422318,0.0005366528496680845
1,1,35,2.635135135135135,0.0002846502695548203,0.0004242444118918165,0.0005450106859421489
1,1,35,2.6336336336336337,0.00028414938908982723,0.00043264705156653704,0.0005537549816585496
1,1,35,2.6321321321321323,0.0002931158430200531,0.0004235614912844188,0.0005483185873434993
1,1,35,2.6306306306306304,0.00029024679026867783,0.0004002159551883544,0.0005369390660699969
1,1,35,2.629129129129129,0.00028060879313462905,0.0003938122677746847,0.0005377064201665949
1,1,35,2.6276276276276276,0.00028685937692130015,0.00036535380629354464,0.0005240198021407849
1,1,35,2.626126126126126,0.000265261840427633,0.0003639685361118694,0.0005015298467206941
1,1,35,2.6246246246246248,0.00026362652067168924,0.00037048024710384375,0.0004906036523858459
1,1,35,2.623123123123123,0.00028016791544116515,0.0003748822388458528,0.0004947418814076343
1,1,35,2.6216216216216215,0.0002922898860283629,0.0003860157136750253,0.0005095056579753621
1,1,35,2.62012012012012,0.00028005996896918184,0.00039374909813316705,0.0005284926324078398
1,1,35,2.6186186186186187,0.00027630212722651315,0.00039372903758527755,0.0005568892745880794
1,1,35,2.6171171171171173,0.0002610315746089942,0.00039899883647964707,0.000563613242898442
1,1,35,2.6156156156156154,0.00025234253814654384,0.0004110434447379685,0.0005565454453876351
1,1,35,2.614114114114114,0.0002544819753177441,0.0004294849830592806,0.0005521352204381769
1,1,35,2.6126126126126126,0.0002703333776795658,0.00044816627739541204,0.0005731568581573976
1,1,35,2.611111111111111,0.00028146911698723187,0.0004699489374573318,0.0005920335788395237
1,1,35,2.6096096096096097,0.00029789784145173304,0.00047465749426400805,0.0006038962750005705
1,1,35,2.608108108108108,0.0003156265860534413,0.0004984743929012936,0.0005989940333223087
1,1,35,2.6066066066066065,0.0003226684842073668,0.00048395810945933704,0.0005892831027173306
1,1,35,2.605105105105105,0.0003142922008101401,0.00045477207647026674,0.0005835726025195109
1,1,35,2.6036036036036037,0.000325186566677238,0.00042519342932600956,0.0006003018089789647
1,1,35,2.6021021021021022,0.0003209289799036563,0.0004241306426111535,0.000583588001240698
1,1,35,2.6006006006006004,0.00032335018058715637,0.00041788744078741225,0.0005679709345796091
1,1,35,2.599099099099099,0.0003368546378977877,0.0004085850740758179,0.0005609708250308154
1,1,35,2.5975975975975976,0.00034478975196328143,0.00041065646160265423,0.0005528942380422786
1,1,35,2.596096096096096,0.0003503024795616927,0.0004128730787411605,0.0005437428158867608
1,1,35,2.5945945945945947,0.0003626914348454635,0.0004022773046092887,0.0005350431570561032
1,1,35,2.593093093093093,0.0003611592209636916,0.0004006675079177846,0.0005283778867181121
1,1,35,2.5915915915915915,0.00035021091270937,0.0003962978360689817,0.0005243451538169408
1,1,35,2.59009009009009,0.000344724003340513,0.0004047781949414464,0.0005119914184581464
1,1,35,2.5885885885885886,0.0003182000194569268,0.00041421497352733816,0.0004906432958245999
1,1,35,2.5870870870870872,0.00030276247880378637,0.00040555789543139653,0.00047079757981438597
1,1,35,2.5855855855855854,0.00028737509561915786,0.00039639727456042273,0.0004876305760282973
1,1,35,2.584084084084084,0.00027136862500443115,0.00037133597390193174,0.0004987399468822096
1,1,35,2.5825825825825826,0.0002727792330272649,0.0003664207306834921,0.0005004631471008381
1,1,35,2.581081081081081,0.00027989160097097177,0.00035297356269436975,0.0005073331238654166
1,1,35,2.5795795795795797,0.000284550728165911,0.00037975052285754707,0.0005188336156883855
1,1,35,2.578078078078078,0.00028179368737568655,0.0003651164959317388,0.0005282063891299815
1,1,35,2.5765765765765765,0.0002793130880651695,0.0003659439047989377,0.0005406259708597982
1,1,35,2.575075075075075,0.0002833303545238808,0.00036830823759514963,0.0005396916838611432
1,1,35,2.5735735735735736,0.0002776884815731684,0.0003750814715606232,0.0005311264687773987
1,1,35,2.5720720720720722,0.00027511578261385505,0.0003808962604399113,0.0005205854643077767
1,1,35,2.5705705705705704,0.0002758242356445395,0.00039087409791060956,0.0005170921237405146
1,1,35,2.569069069069069,0.00027875467262561404,0.00040233666314670735,0.0005292829467208326
1,1,35,2.5675675675675675,0.0002906908218452964,0.0003896838139594294,0.0005390510927431036
1,1,35,2.566066066066066,0.0003098321677483806,0.0003967046866897306,0.0005324935120178953
1,1,35,2.5645645645645647,0.0003117966966970087,0.0003914599642451666,0.0005263967391865298
1,1,35,2.563063063063063,0.00031818558410101616,0.0003768371648333879,0.0005308523049367686
1,1,35,2.5615615615615615,0.00030071495988959196,0.000378069586519425,0.0005291806937192112
1,1,35,2.56006006006006,0.00030426229441982144,0.00038679833857924173,0.0005216819623315994
1,1,35,2.5585585585585586,0.00030976634349966226,0.00038797644394894526,0.0005093493218424339
1,1,35,2.557057057057057,0.0003132099018342549,0.0003847459448511614,0.0005071396929443583
1,1,35,2.5555555555555554,0.00031230181852004435,0.00037907216617472095,0.0005259454335903024
1,1,35,2.554054054054054,0.0003040095888656724,0.00038096519618791014,0.000537065651480928
1,1,35,2.5525525525525525,0.00029210475708463246,0.00037375584467258527,0.0005357963746395189
1,1,35,2.551051051051051,0.000289357829846848,0.00038552842412453714,0.0005310851908464365
1,1,35,2.5495495495495497,0.00031149186964507525,0.0003845982383423596,0.000529907813438979
1,1,35,2.548048048048048,0.00032426258750173353,0.0003905138907707162,0.0005381174617251627
1,1,35,2.5465465465465464,0.00033204098679429084,0.00038453846891495225,0.0005428748739653155
1,1,35,2.545045045045045,0.0003262664323340214,0.00038230759517920987,0.0005425271903399809
1,1,35,2.5435435435435436,0.0003346029096489289,0.0003706921203896485,0.0005211530311269863
1,1,35,2.542042042042042,0.0003243417448234309,0.00039467642519697144,0.0004956238691413706
1,1,35,2.5405405405405403,0.00031587071563776714,0.0003916729668573815,0.0004816664993340103
1,1,35,2.539039039039039,0.0003159138900551417,0.00038944981909971865,0.0004790311062264907
1,1,35,2.5375375375375375,0.0003078890173607851,0.0003797220106980248,0.000493744995823886
1,1,35,2.536036036036036,0.0003081940375477821,0.00037767378051345446,0.0005005809410508766
1,1,35,2.5345345345345347,0.0003191463747375112,0.00039165883584590944,0.000507030588518198
1,1,35,2.533033033033033,0.0003210901983772274,0.00039693804636287133,0.0005133833196557802
1,1,35,2.5315315315315314,0.0003192904805530139,0.0004058485316842386,0.000510454260112092
1,1,35,2.53003003003003,0.000325993184658091,0.0004034197642002191,0.0005084904687125968
1,1,35,2.5285285285285286,0.0003259409890774556,0.0004174171968507334,0.0005409074947690939
1,1,35,2.527027027027027,0.00031184126816719004,0.00042263612351178814,0.0005456159583899778
1,1,35,2.5255255255255253,0.00030194491485424635,0.0004014682954136539,0.0005773452239858923
1,1,35,2.524024024024024,0.0002963669779524336,0.0004022817164333059,0.0006000338934434302
1,1,35,2.5225225225225225,0.00031428285980561466,0.00038132504200127926,0.0006031756378641617
1,1,35,2.521021021021021,0.00031897827893478947,0.00037220107481727993,0.0006036412384311518
1,1,35,2.5195195195195197,0.0003035983519684704,0.00038058976337129735,0.000601101648673108
1,1,35,2.518018018018018,0.00029407909998135917,0.00040073808092366825,0.0005973871654919582
1,1,35,2.5165165165165164,0.0002985301384019756,0.00040867877531192143,0.00059224700937488
1,1,35,2.515015015015015,0.0002950412469646668,0.0004233566969769065,0.0005788116595997206
1,1,35,2.5135135135135136,0.0003026152573964991,0.0004525829090280542,0.0005666282795806499
1,1,35,2.512012012012012,0.00029829694191296774,0.00046623923653754673,0.0005646452349803432
1,1,35,2.5105105105105103,0.00030533478364191957,0.00047284183786566736,0.0005610172112953116
1,1,35,2.509009009009009,0.00030051966558664045,0.0004511247530922802,0.0005557981750762275
1,1,35,2.5075075075075075,0.0002985231449557091,0.00044125212901335864,0.0005567988001354829
1,1,35,2.506006006006006,0.0003080183375456791,0.0004317417919585953,0.0005498117601520081
1,1,35,2.5045045045045047,0.0003072179786716145,0.00041898677600848977,0.0005475247735899913
1,1,35,2.503003003003003,0.0003106032661965852,0.0004025796063606979,0.0005484693335749968
1,1,35,2.5015015015015014,0.0003140166319670623,0.00039591894504864555,0.0005511492916636662
1,1,35,2.5,0.00031451572677410056,0.0004100482389828297,0.0005605907935887222
1,1,35,2.4984984984984986,0.0003122538134439079,0.000417302028642208,0.0005690469441943513
1,1,35,2.496996996996997,0.0003074224139014703,0.00041271258460962024,0.0005600600710526926
1,1,35,2.4954954954954953,0.00030661704571399717,0.00041919576000126746,0.0005556315094190634
1,1,35,2.493993993993994,0.0002997496756085294,0.0004076999707305351,0.000552493637776541
1,1,35,2.4924924924924925,0.00029230678320590897,0.0004159178453011503,0.0005554026099493514
1,1,35,2.490990990990991,0.0003007469188370804,0.00042018505814378493,0.0005534061195721085
1,1,35,2.4894894894894897,0.000311057852380614,0.00043216485114938585,0.000545460159637412
1,1,35,2.487987987987988,0.0003241952974740725,0.000421567990806615,0.0005386325034197892
1,1,35,2.4864864864864864,0.0003343714124652841,0.0004121065193749551,0.0005373204368500639
1,1,35,2.484984984984985,0.00032689306407163166,0.00041807982120500853,0.0005550226046979745
1,1,35,2.4834834834834836,0.0003176499132875321,0.0004300737596991677,0.0005718564882347676
1,1,35,2.481981981981982,0.00031304738625226314,0.00044956319987732307,0.0005751635741029215
1,1,35,2.4804804804804803,0.00030987671589399746,0.00046585272268862,0.000574216859965615
1,1,35,2.478978978978979,0.00030859125889715067,0.0004834744168469296,0.0005604287460810875
1,1,35,2.4774774774774775,0.00031357120706887454,0.00047745589907943753,0.0005625794461051603
1,1,35,2.475975975975976,0.00031674668751502377,0.0004600222176132096,0.000553072597548887
1,1,35,2.4744744744744747,0.00031948854436758545,0.00044820512086829467,0.0005687975234817122
1,1,35,2.472972972972973,0.00031916139892429474,0.00043377281402579015,0.0005877605311568335
1,1,35,2.4714714714714714,0.0003062761144209114,0.0004270238447801056,0.0005636024790828253
1,1,35,2.46996996996997,0.00028936945696900196,0.00042467733216544623,0.0005705808701007564
1,1,35,2.4684684684684686,0.00029198692323184616,0.00041898116016803044,0.0005776924573506204
1,1,35,2.466966966966967,0.00030437341226252634,0.0004123022109672192,0.0005835609909109474
1,1,35,2.4654654654654653,0.00032537480462302426,0.00040426145712202377,0.0005873759804108092
1,1,35,2.463963963963964,0.00032218310857501375,0.00040457041845987085,0.0005883280982638128
1,1,35,2.4624624624624625,0.0003160397574225593,0.00041813752737063226,0.0005782203499566929
1,1,35,2.460960960960961,0.00032287940140496296,0.00041591614931801857,0.0005613217239738288
1,1,35,2.4594594594594597,0.0003375170422003082,0.00041315392425933517,0.0005559997778751269
1,1,35,2.457957957957958,0.0003401580025408357,0.0004228734900988407,0.0005754174443642901
1,1,35,2.4564564564564564,0.0003277087580381144,0.0004385597269638275,0.000560200277411993
1,1,35,2.454954954954955,0.000319201125452806,0.00044790207028544415,0.0005673188362094184
1,1,35,2.4534534534534536,0.00029544331098052545,0.0004486910570200564,0.000574020827283972
1,1,35,2.451951951951952,0.0002790265966678973,0.0004504933068902872,0.0005753929406899783
1,1,35,2.4504504504504503,0.0002793220050086864,0.0004506372070050002,0.0005858148401002294
1,1,35,2.448948948948949,0.0002892178591527017,0.0004490428854428963,0.0005968808850285168
1,1,35,2.4474474474474475,0.00029749336005902016,0.000435527946280434,0.0006028389841196136
1,1,35,2.445945945945946,0.000316861018676895,0.00041506299434312943,0.0006106686264915062
1,1,35,2.4444444444444446,0.00031158430881328414,0.0004175543029187878,0.0006012669464064979
1,1,35,2.442942942942943,0.00030610302169498116,0.00040791224944891624,0.0005802199803972563
1,1,35,2.4414414414414414,0.00031142372699277665,0.00040344692717564357,0.0005586009030881245
1,1,35,2.43993993993994,0.00030758780406914266,0.0003921825797612577,0.0005531941471976776
1,1,35,2.4384384384384385,0.00031095679747072946,0.00038411342160471484,0.0005519992121082451
1,1,35,2.436936936936937,0.00032247922409300855,0.00040652199610868855,0.0005496050856971246
1,1,35,2.4354354354354353,0.0003258048653764778,0.0003991714673221569,0.0005172944176664585
1,1,35,2.433933933933934,0.0003335077021043853,0.0004288226915758475,0.0005069420801659952
1,1,35,2.4324324324324325,0.0003397581436863639,0.00042308664909418425,0.0005336854020888682
1,1,35,2.4309309309309306,0.00033247764605437435,0.0004324492713063677,0.0005441330586766213
1,1,35,2.4294294294294296,0.00032365732853056883,0.0004308885452404265,0.000541826697698089
1,1,35,2.4279279279279278,0.0003216063474180686,0.0004373963568489181,0.0005409373607055956
1,1,35,2.4264264264264264,0.00032372967702154476,0.00044655164025964034,0.0005577774227801813
1,1,35,2.424924924924925,0.00031722328392702615,0.0004352314339621799,0.0005786940272031194
1,1,35,2.423423423423423,0.0003184064092037753,0.00044309545711596066,0.0005849948754871326
1,1,35,2.421921921921922,0.0003223993988045182,0.0004508638656675057,0.0005864293022850298
1,1,35,2.4204204204204203,0.00032517833060496937,0.0004562761037576468,0.0005675656901641402
1,1,35,2.418918918918919,0.000340319240404674,0.0004401822596729055,0.000538305185938226
1,1,35,2.4174174174174174,0.00034522619374777186,0.00044496944348848544,0.0005161831909020753
1,1,35,2.4159159159159156,0.00034629735335611755,0.0004438061734755028,0.0005048675863982277
1,1,35,2.4144144144144146,0.00033748554430612643,0.0004273274864168286,0.0004925965612221361
1,1,35,2.4129129129129128,0.000330270659360532,0.00042315631929557007,0.0004907291522416868
1,1,35,2.4114114114114114,0.00034683799021062445,0.0004098493658264424,0.00048399460735948363
1,1,35,2.40990990990991,0.00035578378242495656,0.00040966750915472083,0.0005031102820579614
1,1,35,2.408408408408408,0.0003524444426969975,0.00042469739025929876,0.0005218868517106179
1,1,35,2.406906906906907,0.00036662490629968403,0.0004308933827463779,0.0005460917435760049
1,1,35,2.4054054054054053,0.0003837800288356563,0.0004207455256770576,0.0005586679069479183
1,1,35,2.403903903903904,0.0003911393660896989,0.00044114839432873865,0.0005824792759226982
1,1,35,2.4024024024024024,0.00038411504496227433,0.00044558606387967714,0.0005864374039855624
1,1,35,2.4009009009009006,0.0003726871955092026,0.0004605554535694889,0.0005831078778880672
1,1,35,2.3993993993993996,0.00037172520592765323,0.0004419533958281985,0.0005798930505807043
1,1,35,2.3978978978978978,0.00036096852878819696,0.00043867813045816995,0.0005857502979300655
1,1,35,2.3963963963963963,0.00035028883442533854,0.00044355909707682883,0.0005942453657249436
1,1,35,2.394894894894895,0.0003406817372529902,0.00044831776797882306,0.0005944461325453343
1,1,35,2.393393393393393,0.00033273827911395326,0.00043336452565045924,0.0005930246384163729
1,1,35,2.391891891891892,0.0003265724376820822,0.00044147520237713955,0.0005898470300326197
1,1,35,2.3903903903903903,0.00032641807253019905,0.00045278339999454964,0.0005942986219874546
1,1,35,2.388888888888889,0.00032523424520614075,0.00043961419169735727,0.0006002348085840659
1,1,35,2.3873873873873874,0.00035184422747391864,0.0004443743527171584,0.0005898057532229828
1,1,35,2.3858858858858856,0.0003597240559640724,0.00044950361779827475,0.0005751067028173518
1,1,35,2.3843843843843846,0.000352068081872825,0.0004505628647055726,0.0005767883764660198
1,1,35,2.3828828828828827,0.0003354648816660255,0.00045048363949207193,0.0006014940595745477
1,1,35,2.3813813813813813,0.00032771419577126704,0.0004453216945574656,0.0006080341940178924
1,1,35,2.37987987987988,0.0003289305517241159,0.0004492555446113933,0.0005910486265572334
1,1,35,2.378378378378378,0.00032121698897213946,0.0004692215187376281,0.000575713155238855
1,1,35,2.376876876876877,0.0003219574260603375,0.00046506835640758304,0.0005661036269063446
1,1,35,2.3753753753753752,0.00032690134527657566,0.00043589689392931064,0.0005710832441851998
1,1,35,2.373873873873874,0.00033232634319402266,0.0004290079783337841,0.0005778948064953937
1,1,35,2.3723723723723724,0.0003359523683870158,0.0004335798190000517,0.0005648618070647204
1,1,35,2.3708708708708706,0.00033525071208373447,0.0004010536511860341,0.000556475602999873
1,1,35,2.3693693693693696,0.0003352143302264299,0.0004118319135060222,0.0005480142331790727
1,1,35,2.3678678678678677,0.0003492071215144277,0.0004265434777430688,0.000551269185516956
1,1,35,2.3663663663663663,0.00035813589943356483,0.00044512872582402885,0.0005632770193360059
1,1,35,2.364864864864865,0.0003604030739037256,0.0004601385616285203,0.0005568409158341892
1,1,35,2.363363363363363,0.0003619460844344058,0.00046350536010297816,0.0005698612874756037
1,1,35,2.361861861861862,0.0003589068853262489,0.00047013629230363563,0.000595885708051358
1,1,35,2.3603603603603602,0.00034390693470209843,0.00045918827049651334,0.0006126800810298816
1,1,35,2.358858858858859,0.00034266581063224777,0.0004618057975795953,0.0006151582640682163
1,1,35,2.3573573573573574,0.0003404246958501611,0.00045141598986497833,0.0006246659573028168
1,1,35,2.3558558558558556,0.0003459539951743418,0.00045306097680741786,0.0006398406280391233
1,1,35,2.3543543543543546,0.00035266524949528755,0.0004499957389976217,0.0006309195779878873
1,1,35,2.3528528528528527,0.0003609548120444561,0.00043373192820617135,0.0006289438505568956
1,1,35,2.3513513513513513,0.00035985597400367553,0.00043499785471712293,0.0006242145352899353
1,1,35,2.34984984984985,0.0003583334713178621,0.0004269489974260132,0.0006200862202797586
1,1,35,2.348348348348348,0.00035134148467164117,0.00043847997766466307,0.0006157927010423947
1,1,35,2.346846846846847,0.0003495969021602985,0.000447280138932582,0.0006158184827720348
1,1,35,2.3453453453453452,0.00034383997867659666,0.0004547691439262813,0.0006129699263336397
1,1,35,2.343843843843844,0.00034107803616134635,0.00046191125657868426,0.0005932153518198868
1,1,35,2.3423423423423424,0.0003538411683631226,0.00044586992955131244,0.0005815706735972093
1,1,35,2.3408408408408405,0.00035680742338206617,0.00044386529278628295,0.000572764124889269
1,1,35,2.3393393393393396,0.00035725219289350907,0.00045688594055914855,0.0005677171584769214
1,1,35,2.3378378378378377,0.00035602253473465684,0.0004723774497013,0.0005615002774157496
1,1,35,2.3363363363363363,0.0003487428188415631,0.00047125793978186614,0.000546942222994895
1,1,35,2.334834834834835,0.00033934086034748123,0.0004518394225714317,0.0005493870078847607
1,1,35,2.333333333333333,0.0003300676109224687,0.0004365954164307073,0.0005672714231174103
1,1,35,2.331831831831832,0.000324608708517804,0.000443482253172478,0.000581434875432274
1,1,35,2.33033033033033,0.00033025895948601836,0.0004421404102634696,0.0005930620128510311
1,1,35,2.328828828828829,0.0003373952229713817,0.00044932285271603867,0.0006004756756747831
1,1,35,2.3273273273273274,0.0003380535281957142,0.0004517505229129082,0.0006020588174983077
1,1,35,2.3258258258258255,0.00035952659722782165,0.0004626673450989216,0.0005971284683424782
1,1,35,2.3243243243243246,0.0003658512572937145,0.0004600259417373298,0.0005863665329004508
1,1,35,2.3228228228228227,0.0003484458782342381,0.0004785620612213215,0.0005747645334627238
1,1,35,2.3213213213213213,0.00033010454775195264,0.000500196282469556,0.0005757090407042531
1,1,35,2.31981981981982,0.0003350289056360811,0.0005028199162397939,0.0005651661406776975
1,1,35,2.318318318318318,0.00034426969859457923,0.0004992970894135418,0.0005626997018061131
1,1,35,2.316816816816817,0.000348696943581972,0.0004874106425161173,0.0005601251545336305
1,1,35,2.315315315315315,0.0003551521641945721,0.00047851129097020717,0.0005480137969963161
1,1,35,2.313813813813814,0.00036318102218424464,0.0004967666522455172,0.0005554980520695585
1,1,35,2.3123123123123124,0.0003615893080708421,0.000487178698974855,0.0005467363987401441
1,1,35,2.3108108108108105,0.00036614742058560523,0.000468167320033519,0.0005577295473722099
1,1,35,2.3093093093093096,0.00037830908196057056,0.00045905374564836343,0.0005584980915837034
1,1,35,2.3078078078078077,0.0003795099076465691,0.0004476558110670936,0.0005510899973795169
1,1,35,2.3063063063063063,0.00037822449049396134,0.0004611058906898169,0.0005487318222920923
1,1,35,2.304804804804805,0.00036278280778179184,0.00045201890987756066,0.0005469779303917122
1,1,35,2.303303303303303,0.0003460600115635648,0.00045731339682109073,0.0005530363150240136
1,1,35,2.301801801801802,0.0003482333270953264,0.00046110883585237517,0.0005777122965933135
1,1,35,2.3003003003003,0.0003392392984353787,0.00046296486584163077,0.0005719274497651972
1,1,35,2.298798798798799,0.0003365894087716814,0.0004626363276878376,0.0005706592002299171
1,1,35,2.2972972972972974,0.0003407733019064052,0.0004585032365016506,0.0005646706965644066
1,1,35,2.2957957957957955,0.0003419702488841603,0.00046343052326069945,0.0005406588843854809
1,1,35,2.2942942942942945,0.0003409322113373525,0.0004727523283587498,0.0005718769529299284
1,1,35,2.2927927927927927,0.0003456576913251075,0.00046396546519256177,0.0005564100556693097
1,1,35,2.2912912912912913,0.00036086508623467406,0.00046716757816622767,0.0005436666332450102
1,1,35,2.28978978978979,0.0003716167400106274,0.00047283241329565406,0.00054246444532835
1,1,35,2.288288288288288,0.00036801907687034063,0.0004878219704722575,0.0005455716554609857
1,1,35,2.286786786786787,0.0003521767504993667,0.0004889878836937811,0.0005564044660958389
1,1,35,2.285285285285285,0.00036403877950741403,0.0004867194865578739,0.0005688820978149156
1,1,35,2.2837837837837838,0.0003807551728786107,0.00048460908446945616,0.0005917977484305448
1,1,35,2.2822822822822824,0.0003801558325362553,0.0004939521977718186,0.0006042427057615374
1,1,35,2.2807807807807805,0.0003824854375510389,0.0005045698833161527,0.0005857585752307992
1,1,35,2.2792792792792795,0.00037453694618716504,0.0004640729361748974,0.0006036041134422909
1,1,35,2.2777777777777777,0.0003357544431177306,0.0004613361591605525,0.0006219186197966575
1,1,35,2.2762762762762763,0.0003264558399549422,0.000473384377560615,0.0006269266336199619
1,1,35,2.274774774774775,0.0003274155420925906,0.0004666565535431655,0.0006139731245519142
1,1,35,2.273273273273273,0.00033901176215600515,0.000468336294066507,0.0005953244770371402
1,1,35,2.271771771771772,0.0003522537737865594,0.0004607405687491184,0.0005701743004214999
1,1,35,2.27027027027027,0.00036610896419642103,0.00045286301562996734,0.0005646194185348063
1,1,35,2.2687687687687688,0.0003815154847101043,0.0004414497902258674,0.0005821076720903262
1,1,35,2.2672672672672673,0.00039163747649895164,0.00045214673976223807,0.0005996762208086981
1,1,35,2.2657657657657655,0.00039301419670179083,0.00045734894243398827,0.0006061670354001736
1,1,35,2.2642642642642645,0.0003918513122900258,0.0004637641296456607,0.000604112920831068
1,1,35,2.2627627627627627,0.0003886783859655685,0.00047413792836081825,0.0006062834137712247
1,1,35,2.2612612612612613,0.00040400525931194586,0.0004930691527900155,0.0006402483035244932
1,1,35,2.25975975975976,0.0003980704143884406,0.0005078704733878503,0.0006225078719123145
1,1,35,2.258258258258258,0.00039094087866631266,0.0005038143015456686,0.0006165170448451107
1,1,35,2.256756756756757,0.00038366619797625123,0.0005046888678230665,0.0005974211075451263
1,1,35,2.255255255255255,0.00037760394054986435,0.0005160453027135414,0.0005945486439437042
1,1,35,2.2537537537537538,0.0003713315984712473,0.0005158434565291081,0.0006096702746457572
1,1,35,2.2522522522522523,0.00036686323442480795,0.0005017410954031298,0.0006154143446764904
1,1,35,2.2507507507507505,0.0003611650251369447,0.00046948320452511183,0.0006200022790929793
1,1,35,2.2492492492492495,0.0003289734177129855,0.00046674098099286354,0.0006158941348405333
1,1,35,2.2477477477477477,0.0003327524409929561,0.0004585710941478194,0.0006104121116934369
1,1,35,2.2462462462462462,0.0003424044144505478,0.0004650590087922346,0.0006020375112228971
1,1,35,2.244744744744745,0.00036362150671298554,0.0004657590191559091,0.0005846850375400559
1,1,35,2.243243243243243,0.0003755443392848834,0.00047527065457075857,0.0005821710570624861
1,1,35,2.241741741741742,0.0003714973192574522,0.0004945627099639527,0.0005902560605913765
1,1,35,2.24024024024024,0.0003621241346243309,0.0004705308841643774,0.0005889708360108381
1,1,35,2.2387387387387387,0.0003581937368799526,0.0004673258574070527,0.0005850380897397534
1,1,35,2.2372372372372373,0.00035760262046125035,0.00047646298440495727,0.0005805767664506245
1,1,35,2.2357357357357355,0.00038139223234712194,0.0004871322328590111,0.0005750340494287132
1,1,35,2.2342342342342345,0.0003884795536502894,0.000488341711167628,0.0005791534345985783
1,1,35,2.2327327327327327,0.00039251918970850674,0.0004757682505962535,0.0005785151860864257
1,1,35,2.2312312312312312,0.0003883925626141371,0.00047968622442828845,0.0005675182809365964
1,1,35,2.22972972972973,0.00038191919931984675,0.0004798078702581421,0.0005564157133781666
1,1,35,2.228228228228228,0.00037542216713237764,0.0004858072137299274,0.0005505830122554123
1,1,35,2.226726726726727,0.00036163793307530945,0.00047664430142213554,0.0005474421128647267
1,1,35,2.225225225225225,0.0003570343147796251,0.00048604017758302476,0.0005428067201938003
1,1,35,2.2237237237237237,0.0003639170624608612,0.00046358580826288964,0.0005443631814436856
1,1,35,2.2222222222222223,0.00034645439016445234,0.00047626301278991257,0.0005462356625225429
1,1,35,2.2207207207207205,0.0003547656407099087,0.000491996891898161,0.0005482785563307724
1,1,35,2.2192192192192195,0.000357099270847816,0.0004873011575239339,0.0005492032092569987
1,1,35,2.2177177177177176,0.0003612509596632174,0.0004783072242853237,0.0005473570654603854
1,1,35,2.2162162162162162,0.0003675564321948821,0.00047018588661495997,0.0005516310956895643
1,1,35,2.214714714714715,0.0003708733881530035,0.0004771633283400245,0.0005474555501916445
1,1,35,2.213213213213213,0.00037823066187236964,0.00048816209603597116,0.0005465956835801755
1,1,35,2.211711711711712,0.0003820565757562955,0.00046578448403589157,0.0005651613328478966
1,1,35,2.21021021021021,0.00039740338326033076,0.00047933340568762084,0.0005858384991672683
1,1,35,2.2087087087087087,0.00038520728696911366,0.0004745945894546466,0.0006129669107607372
1,1,35,2.2072072072072073,0.00038666740905723973,0.00047102548071120687,0.0006029085534154932
1,1,35,2.2057057057057055,0.00039279297620820053,0.00047524091308170924,0.0005969289992940885
1,1,35,2.2042042042042045,0.00038993814283938555,0.0004781957426778227,0.0006139210993962863
1,1,35,2.2027027027027026,0.0003847296306428438,0.0004757765694798355,0.0006209932786872541
1,1,35,2.201201201201201,0.0003791077073991289,0.0004739180342039351,0.0006250106946421585
1,1,35,2.1996996996997,0.0003724727575844522,0.0004714652006732045,0.0006190945894585242
1,1,35,2.198198198198198,0.00036486483476205755,0.00047915209623905497,0.0006151821232447396
1,1,35,2.196696696696697,0.0003675708917936227,0.0004975166650424967,0.0006072961334616656
1,1,35,2.195195195195195,0.0003940098874747333,0.0004878927335858485,0.0005965981490463346
1,1,35,2.1936936936936937,0.0003899270713565439,0.0004839858340015546,0.0005841707282754349
1,1,35,2.1921921921921923,0.0003859052265061669,0.0005131177518653551,0.0006024330250221643
1,1,35,2.1906906906906904,0.0003866322985414117,0.000503482720579429,0.0006113208708319329
1,1,35,2.1891891891891895,0.00039927721259602755,0.00048307621158238945,0.000603105915523483
1,1,35,2.1876876876876876,0.0004145054518713831,0.0005025714390582969,0.0005944115939329198
1,1,35,2.186186186186186,0.000411007914950412,0.0005146214002984539,0.0005875129063437345
1,1,35,2.184684684684685,0.00040955755522253945,0.0004967752409625881,0.0005841141201193834
1,1,35,2.183183183183183,0.00040900062901350065,0.0005056657824820121,0.0005841922893069507
1,1,35,2.181681681681682,0.00040535546294973024,0.0005049321584991162,0.0005901782366010133
1,1,35,2.18018018018018,0.0003944834770722716,0.0005037194982702164,0.0005972018271183099
1,1,35,2.1786786786786787,0.00039247271874520706,0.0005037624492179038,0.0006051028385380963
1,1,35,2.1771771771771773,0.0004050500524187539,0.0005079316606999562,0.000616552199546927
1,1,35,2.1756756756756754,0.0004049077649379562,0.0005059017196509252,0.0006192369301707412
1,1,35,2.1741741741741745,0.00041545243037866,0.000501570305345922,0.0006149478375679918
1,1,35,2.1726726726726726,0.0004105715124480547,0.0005072239134338297,0.000576868340690595
1,1,35,2.171171171171171,0.0003851714941007778,0.0005089923036507571,0.0005782037390532624
1,1,35,2.16966966966967,0.00038319892728455596,0.0005056365261666418,0.000585599243265178
1,1,35,2.168168168168168,0.00038739688554567664,0.0005001644546871464,0.0005947272335392606
1,1,35,2.166666666666667,0.00039126380238252434,0.0005100923537408875,0.0006002374539050281
1,1,35,2.165165165165165,0.0003906018130522826,0.0005101257355664135,0.000612976805169696
1,1,35,2.1636636636636637,0.0003963562862605574,0.0005070651568110929,0.0006192796512527465
1,1,35,2.1621621621621623,0.00039772117560354925,0.0005013792708710163,0.0006213879380831955
1,1,35,2.1606606606606604,0.0003959603020523561,0.0004944726173672365,0.0006283098501095319
1,1,35,2.1591591591591595,0.00039740958043887886,0.0004964280774606422,0.000630537995953695
1,1,35,2.1576576576576576,0.0003984450876799439,0.0005039052670796629,0.0006272098422970274
1,1,35,2.156156156156156,0.00039997716212358814,0.0005159629240776287,0.0006121505490528367
1,1,35,2.1546546546546548,0.0004000155356228552,0.0005187597663369736,0.0005942025568993481
1,1,35,2.153153153153153,0.000400644945257711,0.0005134057204625453,0.0005877966339559171
1,1,35,2.151651651651652,0.00040089284364652755,0.0005035984818477779,0.0005910485029300139
1,1,35,2.15015015015015,0.00039905583108401643,0.000505101771938854,0.0005849959163178875
1,1,35,2.1486486486486487,0.0003968827965189492,0.0005048664278626269,0.0005827092314518723
1,1,35,2.1471471471471473,0.0004008963824004841,0.0005047905443933409,0.00057179692810716
1,1,35,2.1456456456456454,0.0004044922082899749,0.0005063565253713431,0.0005696990838522931
1,1,35,2.1441441441441444,0.00040358962562947465,0.0005038227599440948,0.0005645454836666897
1,1,35,2.1426426426426426,0.0003999065926506562,0.0004876305957461913,0.0005646592072811041
1,1,35,2.141141141141141,0.00040878595309112864,0.00046734072527931936,0.0005802622898624099
1,1,35,2.1396396396396398,0.0004066153314717935,0.0005029192128125359,0.0005911953813051429
1,1,35,2.138138138138138,0.0004017385154612141,0.0005026409121715592,0.0006074417129462439
1,1,35,2.136636636636637,0.0003983637965563336,0.0005012173861300706,0.0006093400145742445
1,1,35,2.135135135135135,0.00040322922016189366,0.0004979546349284103,0.0006062629769245653
1,1,35,2.1336336336336337,0.000400029995561213,0.0005059644184648437,0.0006006904594613172
1,1,35,2.1321321321321323,0.00039937981677140577,0.0005237027464286559,0.0006096935596832109
1,1,35,2.1306306306306304,0.00040286231831121455,0.0005152917664525969,0.0005946254347634072
1,1,35,2.1291291291291294,0.0004015715498975059,0.0005050219501383513,0.0005791487833775033
1,1,35,2.1276276276276276,0.0004030891720057106,0.0005119648143074862,0.0005909031176287716
1,1,35,2.126126126126126,0.0004045104520201681,0.000508587801663074,0.0005966400392414251
1,1,35,2.1246246246246248,0.0004047672342143427,0.0004941182343998207,0.0005892416329562611
1,1,35,2.123123123123123,0.00040951086549112503,0.0004951853472805468,0.0005936204717149618
1,1,35,2.121621621621622,0.00041164078437128104,0.0004990169261562816,0.0005987556187718734
1,1,35,2.12012012012012,0.00041846108829002304,0.0005043138666043223,0.0006088996254374202
1,1,35,2.1186186186186187,0.00041642776079731103,0.0005138350853237661,0.0006077519671449094
1,1,35,2.1171171171171173,0.0004169033263301536,0.0005171458175419197,0.0006040241842090177
1,1,35,2.1156156156156154,0.0004136974836554952,0.0005163730894948149,0.0005967603903119789
1,1,35,2.1141141141141144,0.0004062456305691242,0.0005047085702267751,0.0006135745366839807
1,1,35,2.1126126126126126,0.00039859809179976224,0.0004917404111588475,0.000617963722592374
1,1,35,2.111111111111111,0.0003969496868608813,0.0004886477342311846,0.0006215704434812119
1,1,35,2.1096096096096097,0.0003933007352785456,0.0004904010274113801,0.0006285595964513613
1,1,35,2.108108108108108,0.0003843714856656133,0.0005035534553718968,0.0006452943525361299
1,1,35,2.106606606606607,0.0003770153404167864,0.0005090647846532903,0.0006648388908475633
1,1,35,2.105105105105105,0.0003702730804577836,0.0005055514229528324,0.0006616478633860723
1,1,35,2.1036036036036037,0.0003676111511899949,0.0004950670739782836,0.0006434383620366191
1,1,35,2.1021021021021022,0.0003706195921815425,0.00048411727581787467,0.0006116737494442637
1,1,35,2.1006006006006004,0.0003793246691524699,0.00048101820519841354,0.0005914098262777001
1,1,35,2.0990990990990994,0.0003890797533858681,0.00046917125607870425,0.0005829935783056017
1,1,35,2.0975975975975976,0.000399763502664352,0.0004695725956720409,0.0005783157145731188
1,1,35,2.096096096096096,0.0004035589008909435,0.0004750301491283082,0.0005846755434029127
1,1,35,2.0945945945945947,0.0004083714900801061,0.0004791497522227406,0.000594751211571487
1,1,35,2.093093093093093,0.00040552589385778326,0.0004922712227142245,0.0005876963147836145
1,1,35,2.091591591591592,0.0004119053500252212,0.0005000775601746721,0.0005897015708117292
1,1,35,2.09009009009009,0.0004150737358451506,0.0005124835256737903,0.0005910869054503998
1,1,35,2.0885885885885886,0.0004134051691323526,0.0005173020428019814,0.000610535027968262
1,1,35,2.0870870870870872,0.0004148004051136578,0.0005088201159157979,0.0006202357383816581
1,1,35,2.0855855855855854,0.0003998666550111274,0.000511460151510823,0.0006235860073550148
1,1,35,2.0840840840840844,0.0003918843130110705,0.0005066974636218635,0.0006219502821998013
1,1,35,2.0825825825825826,0.0003878874654827946,0.0005152859582859826,0.000615558143471584
1,1,35,2.081081081081081,0.0003765570355059866,0.0005132351034409233,0.0006111436456842645
1,1,35,2.0795795795795797,0.0003727078814866891,0.0005013893420577897,0.000607769401767766
1,1,35,2.078078078078078,0.00036809709343199604,0.0004931845266251678,0.0006033144542408886
1,1,35,2.076576576576577,0.0003663315768703823,0.00048573253817907336,0.0005999994851272339
1,1,35,2.075075075075075,0.00037646665923241063,0.00047619388113506744,0.0006038413851815472
1,1,35,2.0735735735735736,0.0003792157433853971,0.00047256252502014817,0.0005968963531337579
1,1,35,2.0720720720720722,0.00039527117856286154,0.0004798677681356889,0.0005881216373012643
1,1,35,2.0705705705705704,0.0004153775458143327,0.0004932003058453205,0.0005823181940468602
1,1,35,2.0690690690690694,0.00040758193602608017,0.0005037892647430375,0.0005829839223107092
1,1,35,2.0675675675675675,0.00041325516248424954,0.0005163935559719945,0.0005799140736579833
1,1,35,2.066066066066066,0.000416437979122497,0.000519157759389044,0.0005724586363786699
1,1,35,2.0645645645645647,0.000410070396992368,0.0005210502928105765,0.0005788168736630128
1,1,35,2.063063063063063,0.00039006386314988095,0.000519800481697974,0.0005899793758927796
1,1,35,2.0615615615615615,0.00038854592027159907,0.0005170255569133531,0.0005944712123753249
1,1,35,2.06006006006006,0.00039199055287109097,0.000517834951424101,0.0005928265841302904
1,1,35,2.0585585585585586,0.0003949341641359405,0.0005166540423542365,0.0006028828490911575
1,1,35,2.057057057057057,0.00039143739193336913,0.0004968598182208961,0.0006063414825663305
1,1,35,2.0555555555555554,0.00038713432008696813,0.00048159490623600476,0.0006020148325801555
1,1,35,2.054054054054054,0.00038720014214777,0.00047201460456491873,0.00059773988656453
1,1,35,2.0525525525525525,0.00038324989036742085,0.00046299549818562546,0.0006000442142523044
1,1,35,2.051051051051051,0.0003769421086862179,0.0004549619849090192,0.0005912983427773799
1,1,35,2.0495495495495497,0.00037650809879019587,0.0004483409752131795,0.0005834699522411224
1,1,35,2.048048048048048,0.00037936982564523714,0.0004565407172021363,0.0005822225480597298
1,1,35,2.0465465465465464,0.00038527159569679004,0.00045472101404397947,0.0005816247785529471
1,1,35,2.045045045045045,0.0003658986918725349,0.0004633833220282213,0.0005768926053451029
1,1,35,2.0435435435435436,0.0003812636672463343,0.00045178610877294467,0.0005766793855676022
1,1,35,2.042042042042042,0.0003908263052344596,0.0004512171281736421,0.0005888779614755535
1,1,35,2.0405405405405403,0.00039504681642732464,0.00045810105731747264,0.0006022790393084287
1,1,35,2.039039039039039,0.00040364200779696713,0.00047390279522674383,0.0006181282805221011
1,1,35,2.0375375375375375,0.0003920264689418751,0.0004733948655182285,0.0006283100619279836
1,1,35,2.036036036036036,0.0003936823633776676,0.00047903675210858587,0.0006366496780275677
1,1,35,2.0345345345345347,0.00038187846341208864,0.00047776168601898483,0.0006418724449189783
1,1,35,2.033033033033033,0.0003832305457455165,0.0004795376301072185,0.0006426975859489259
1,1,35,2.0315315315315314,0.00038783724323721014,0.00047497905933946427,0.0006408800634610801
1,1,35,2.03003003003003,0.0003751162205424263,0.00046803471690326504,0.0006471873036966169
1,1,35,2.0285285285285286,0.00035819541452264403,0.0004746331530829373,0.0006525849321059596
1,1,35,2.027027027027027,0.000365083658683818,0.0004804839424252805,0.0006533562849985186
1,1,35,2.0255255255255253,0.00040240788217627,0.0004778102859159805,0.0006496495301948624
1,1,35,2.024024024024024,0.000405100925614299,0.00048771498832733684,0.0006578926111227013
1,1,35,2.0225225225225225,0.00040366443275641206,0.00049396601214724,0.0006306608677308922
1,1,35,2.021021021021021,0.0004070264588162953,0.0004912170821789186,0.0006482203361719563
1,1,35,2.0195195195195197,0.00041646353569368966,0.0004928539492883299,0.0006740234195115047
1,1,35,2.018018018018018,0.0004234500125984697,0.0004957798874691832,0.0006794944867741792
1,1,35,2.0165165165165164,0.00041628772706936434,0.0005005676532183756,0.0006739673797530044
1,1,35,2.015015015015015,0.00041028528478770365,0.0005053863986967944,0.0006652030033699186
1,1,35,2.0135135135135136,0.0004080064940414907,0.0005152163569297485,0.0006542092465225968
1,1,35,2.012012012012012,0.00040911193683368374,0.0005217329118900604,0.0006419696696324806
1,1,35,2.0105105105105103,0.000407848253088261,0.0005178534409917557,0.0006364616570698756
1,1,35,2.009009009009009,0.0004039517536881254,0.0005138006046456756,0.0006299712190976914
1,1,35,2.0075075075075075,0.00040557054246981306,0.0005086329026311454,0.0006234657313022307
1,1,35,2.006006006006006,0.0004037299099576286,0.0005131385392760368,0.0006026589690965034
1,1,35,2.0045045045045047,0.00040625484142264856,0.0005198185761132734,0.000599049824955622
1,1,35,2.003003003003003,0.0003905513467393762,0.0005229928672836337,0.0005982941939292052
1,1,35,2.0015015015015014,0.00037632853401559085,0.0005132825708344946,0.0006091440632108869
1,1,35,2.0,0.0003652599047047067,0.0004959212234907362,0.0006134448684712579
