batch,observed_class,n_cells,voltage,dq_q25,dq_median,dq_q75
3,0,1,3.5,-0.00012158980175871331,-0.00012158980175871331,-0.00012158980175871331
3,0,1,3.4984984984984986,-0.00012447443717403326,-0.00012447443717403326,-0.00012447443717403326
3,0,1,3.496996996996997,-0.0001280625581198938,-0.0001280625581198938,-0.0001280625581198938
3,0,1,3.4954954954954953,-0.0001321480733335678,-0.0001321480733335678,-0.0001321480733335678
3,0,1,3.493993993993994,-0.00013652489155232465,-0.00013652489155232465,-0.00013652489155232465
3,0,1,3.4924924924924925,-0.0001409869215134371,-0.0001409869215134371,-0.0001409869215134371
3,0,1,3.490990990990991,-0.00014532807195417693,-0.00014532807195417693,-0.00014532807195417693
3,0,1,3.4894894894894897,-0.00014934225161181586,-0.00014934225161181586,-0.00014934225161181586
3,0,1,3.487987987987988,-0.00015282336922362667,-0.00015282336922362667,-0.00015282336922362667
3,0,1,3.4864864864864864,-0.0001555653335268789,-0.0001555653335268789,-0.0001555653335268789
3,0,1,3.484984984984985,-0.00015736205325884542,-0.00015736205325884542,-0.00015736205325884542
3,0,1,3.4834834834834836,-0.00015803976297126585,-0.00015803976297126585,-0.00015803976297126585
3,0,1,3.481981981981982,-0.00015771362231152441,-0.00015771362231152441,-0.00015771362231152441
3,0,1,3.4804804804804803,-0.00015665082792490397,-0.00015665082792490397,-0.00015665082792490397
3,0,1,3.478978978978979,-0.00015511993393431235,-0.00015511993393431235,-0.00015511993393431235
3,0,1,3.4774774774774775,-0.00015338976503525848,-0.00015338976503525848,-0.00015338976503525848
3,0,1,3.475975975975976,-0.00015173603073246694,-0.00015173603073246694,-0.00015173603073246694
3,0,1,3.4744744744744747,-0.00015044171430317902,-0.00015044171430317902,-0.00015044171430317902
3,0,1,3.472972972972973,-0.00014978654409862082,-0.00014978654409862082,-0.00014978654409862082
3,0,1,3.4714714714714714,-0.00014986853878290056,-0.00014986853878290056,-0.00014986853878290056
3,0,1,3.46996996996997,-0.00015052228982221342,-0.00015052228982221342,-0.00015052228982221342
3,0,1,3.4684684684684686,-0.0001515617319372399,-0.0001515617319372399,-0.0001515617319372399
3,0,1,3.466966966966967,-0.00015280079984866042,-0.00015280079984866042,-0.00015280079984866042
3,0,1,3.4654654654654653,-0.00015406709509818467,-0.00015406709509818467,-0.00015406709509818467
3,0,1,3.463963963963964,-0.0001552551409873689,-0.0001552551409873689,-0.0001552551409873689
3,0,1,3.4624624624624625,-0.0001562838407048123,-0.0001562838407048123,-0.0001562838407048123
3,0,1,3.460960960960961,-0.0001571415504974872,-0.0001571415504974872,-0.0001571415504974872
3,0,1,3.4594594594594597,-0.00015787612742661987,-0.00015787612742661987,-0.00015787612742661987
3,0,1,3.457957957957958,-0.0001585373528543878,-0.0001585373528543878,-0.0001585373528543878
3,0,1,3.4564564564564564,-0.00015917500814296688,-0.00015917500814296688,-0.00015917500814296688
3,0,1,3.454954954954955,-0.00015981673517315718,-0.00015981673517315718,-0.00015981673517315718
3,0,1,3.4534534534534536,-0.00016039129200433756,-0.00016039129200433756,-0.00016039129200433756
3,0,1,3.451951951951952,-0.00016080010874508022,-0.00016080010874508022,-0.00016080010874508022
3,0,1,3.4504504504504503,-0.00016095602511358653,-0.00016095602511358653,-0.00016095602511358653
3,0,1,3.448948948948949,-0.0001607872914523526,-0.0001607872914523526,-0.0001607872914523526
3,0,1,3.4474474474474475,-0.00016022324932293288,-0.00016022324932293288,-0.00016022324932293288
3,0,1,3.445945945945946,-0.00015919348675376855,-0.00015919348675376855,-0.00015919348675376855
3,0,1,3.4444444444444446,-0.0001576870691140527,-0.0001576870691140527,-0.0001576870691140527
3,0,1,3.442942942942943,-0.00015582950124619485,-0.00015582950124619485,-0.00015582950124619485
3,0,1,3.4414414414414414,-0.0001537654118711632,-0.0001537654118711632,-0.0001537654118711632
3,0,1,3.43993993993994,-0.00015164314730671427,-0.00015164314730671427,-0.00015164314730671427
3,0,1,3.4384384384384385,-0.00014961657916714847,-0.00014961657916714847,-0.00014961657916714847
3,0,1,3.436936936936937,-0.0001478400277036174,-0.0001478400277036174,-0.0001478400277036174
3,0,1,3.4354354354354353,-0.00014646558406270133,-0.00014646558406270133,-0.00014646558406270133
3,0,1,3.433933933933934,-0.0001455595172662014,-0.0001455595172662014,-0.0001455595172662014
3,0,1,3.4324324324324325,-0.00014507709063776614,-0.00014507709063776614,-0.00014507709063776614
3,0,1,3.430930930930931,-0.0001449661478608638,-0.0001449661478608638,-0.0001449661478608638
3,0,1,3.4294294294294296,-0.00014515710070577177,-0.00014515710070577177,-0.00014515710070577177
3,0,1,3.4279279279279278,-0.00014553726510316278,-0.00014553726510316278,-0.00014553726510316278
3,0,1,3.4264264264264264,-0.00014598741337317356,-0.00014598741337317356,-0.00014598741337317356
3,0,1,3.424924924924925,-0.0001463966666438699,-0.0001463966666438699,-0.0001463966666438699
3,0,1,3.4234234234234235,-0.00014674797228711673,-0.00014674797228711673,-0.00014674797228711673
3,0,1,3.421921921921922,-0.00014708331209918862,-0.00014708331209918862,-0.00014708331209918862
3,0,1,3.4204204204204203,-0.00014744579745768578,-0.00014744579745768578,-0.00014744579745768578
3,0,1,3.418918918918919,-0.00014788476591825073,-0.00014788476591825073,-0.00014788476591825073
3,0,1,3.4174174174174174,-0.0001484566579400058,-0.0001484566579400058,-0.0001484566579400058
3,0,1,3.415915915915916,-0.00014921830114664192,-0.00014921830114664192,-0.00014921830114664192
3,0,1,3.4144144144144146,-0.00015020287810640692,-0.00015020287810640692,-0.00015020287810640692
3,0,1,3.4129129129129128,-0.00015131023499239098,-0.00015131023499239098,-0.00015131023499239098
3,0,1,3.4114114114114114,-0.0001523935231151634,-0.0001523935231151634,-0.0001523935231151634
3,0,1,3.40990990990991,-0.00015330833873855674,-0.00015330833873855674,-0.00015330833873855674
3,0,1,3.4084084084084085,-0.00015394666969413377,-0.00015394666969413377,-0.00015394666969413377
3,0,1,3.406906906906907,-0.00015422804620002445,-0.00015422804620002445,-0.00015422804620002445
3,0,1,3.4054054054054053,-0.0001540726802302765,-0.0001540726802302765,-0.0001540726802302765
3,0,1,3.403903903903904,-0.00015343372309928327,-0.00015343372309928327,-0.00015343372309928327
3,0,1,3.4024024024024024,-0.00015241662162036353,-0.00015241662162036353,-0.00015241662162036353
3,0,1,3.400900900900901,-0.00015117080699548688,-0.00015117080699548688,-0.00015117080699548688
3,0,1,3.3993993993993996,-0.00014984036277221465,-0.00014984036277221465,-0.00014984036277221465
3,0,1,3.3978978978978978,-0.00014852076810986962,-0.00014852076810986962,-0.00014852076810986962
3,0,1,3.3963963963963963,-0.00014728159200126222,-0.00014728159200126222,-0.00014728159200126222
3,0,1,3.394894894894895,-0.00014619216146807964,-0.00014619216146807964,-0.00014619216146807964
3,0,1,3.3933933933933935,-0.000145298600864274,-0.000145298600864274,-0.000145298600864274
3,0,1,3.391891891891892,-0.0001445445907238027,-0.0001445445907238027,-0.0001445445907238027
3,0,1,3.3903903903903903,-0.0001438455475138269,-0.0001438455475138269,-0.0001438455475138269
3,0,1,3.388888888888889,-0.00014313392712203034,-0.00014313392712203034,-0.00014313392712203034
3,0,1,3.3873873873873874,-0.00014243329932499705,-0.00014243329932499705,-0.00014243329932499705
3,0,1,3.385885885885886,-0.00014179756123505576,-0.00014179756123505576,-0.00014179756123505576
3,0,1,3.3843843843843846,-0.00014128070584878017,-0.00014128070584878017,-0.00014128070584878017
3,0,1,3.3828828828828827,-0.0001409466567619368,-0.0001409466567619368,-0.0001409466567619368
3,0,1,3.3813813813813813,-0.0001408790804709667,-0.0001408790804709667,-0.0001408790804709667
3,0,1,3.37987987987988,-0.00014116380018715756,-0.00014116380018715756,-0.00014116380018715756
3,0,1,3.3783783783783785,-0.00014182317929460966,-0.00014182317929460966,-0.00014182317929460966
3,0,1,3.376876876876877,-0.00014272238087212515,-0.00014272238087212515,-0.00014272238087212515
3,0,1,3.3753753753753752,-0.00014370264652470086,-0.00014370264652470086,-0.00014370264652470086
3,0,1,3.373873873873874,-0.00014460569301848712,-0.00014460569301848712,-0.00014460569301848712
3,0,1,3.3723723723723724,-0.00014529660462934968,-0.00014529660462934968,-0.00014529660462934968
3,0,1,3.370870870870871,-0.00014567400250053118,-0.00014567400250053118,-0.00014567400250053118
3,0,1,3.3693693693693696,-0.00014564128717371814,-0.00014564128717371814,-0.00014564128717371814
3,0,1,3.3678678678678677,-0.00014519155514235334,-0.00014519155514235334,-0.00014519155514235334
3,0,1,3.3663663663663663,-0.00014443720645413837,-0.00014443720645413837,-0.00014443720645413837
3,0,1,3.364864864864865,-0.000143498900895005,-0.000143498900895005,-0.000143498900895005
3,0,1,3.3633633633633635,-0.00014249245983004744,-0.00014249245983004744,-0.00014249245983004744
3,0,1,3.361861861861862,-0.00014146886370559972,-0.00014146886370559972,-0.00014146886370559972
3,0,1,3.3603603603603602,-0.0001404327809504148,-0.0001404327809504148,-0.0001404327809504148
3,0,1,3.358858858858859,-0.00013938713360757242,-0.00013938713360757242,-0.00013938713360757242
3,0,1,3.3573573573573574,-0.00013831467008103282,-0.00013831467008103282,-0.00013831467008103282
3,0,1,3.355855855855856,-0.0001371761294820112,-0.0001371761294820112,-0.0001371761294820112
3,0,1,3.3543543543543546,-0.00013593113710320005,-0.00013593113710320005,-0.00013593113710320005
3,0,1,3.3528528528528527,-0.0001345536410236681,-0.0001345536410236681,-0.0001345536410236681
3,0,1,3.3513513513513513,-0.00013311620887622444,-0.00013311620887622444,-0.00013311620887622444
3,0,1,3.34984984984985,-0.00013173292952046046,-0.00013173292952046046,-0.00013173292952046046
3,0,1,3.3483483483483485,-0.00013051289157200996,-0.00013051289157200996,-0.00013051289157200996
3,0,1,3.346846846846847,-0.00012951443502602633,-0.00012951443502602633,-0.00012951443502602633
3,0,1,3.3453453453453452,-0.00012876700438732656,-0.00012876700438732656,-0.00012876700438732656
3,0,1,3.343843843843844,-0.0001282996899336572,-0.0001282996899336572,-0.0001282996899336572
3,0,1,3.3423423423423424,-0.0001281010082122896,-0.0001281010082122896,-0.0001281010082122896
3,0,1,3.340840840840841,-0.0001280333240100467,-0.0001280333240100467,-0.0001280333240100467
3,0,1,3.3393393393393396,-0.0001279345557848293,-0.0001279345557848293,-0.0001279345557848293
3,0,1,3.3378378378378377,-0.0001276732313753217,-0.0001276732313753217,-0.0001276732313753217
3,0,1,3.3363363363363363,-0.00012723387446575418,-0.00012723387446575418,-0.00012723387446575418
3,0,1,3.334834834834835,-0.0001266284811607763,-0.0001266284811607763,-0.0001266284811607763
3,0,1,3.3333333333333335,-0.00012586980713178916,-0.00012586980713178916,-0.00012586980713178916
3,0,1,3.3318318318318316,-0.00012501113139759025,-0.00012501113139759025,-0.00012501113139759025
3,0,1,3.33033033033033,-0.00012416580033481478,-0.00012416580033481478,-0.00012416580033481478
3,0,1,3.328828828828829,-0.0001234518606509638,-0.0001234518606509638,-0.0001234518606509638
3,0,1,3.3273273273273274,-0.0001229375937062127,-0.0001229375937062127,-0.0001229375937062127
3,0,1,3.325825825825826,-0.000122571058914972,-0.000122571058914972,-0.000122571058914972
3,0,1,3.324324324324324,-0.000122282522299684,-0.000122282522299684,-0.000122282522299684
3,0,1,3.3228228228228227,-0.00012200355003137535,-0.00012200355003137535,-0.00012200355003137535
3,0,1,3.3213213213213213,-0.0001216876326004708,-0.0001216876326004708,-0.0001216876326004708
3,0,1,3.31981981981982,-0.00012130649783403426,-0.00012130649783403426,-0.00012130649783403426
3,0,1,3.3183183183183185,-0.00012083315899907507,-0.00012083315899907507,-0.00012083315899907507
3,0,1,3.3168168168168166,-0.00012026938052262653,-0.00012026938052262653,-0.00012026938052262653
3,0,1,3.315315315315315,-0.00011965448033528572,-0.00011965448033528572,-0.00011965448033528572
3,0,1,3.313813813813814,-0.00011903030683192706,-0.00011903030683192706,-0.00011903030683192706
3,0,1,3.3123123123123124,-0.00011842747876230492,-0.00011842747876230492,-0.00011842747876230492
3,0,1,3.310810810810811,-0.00011779374250881457,-0.00011779374250881457,-0.00011779374250881457
3,0,1,3.309309309309309,-0.00011703974839288173,-0.00011703974839288173,-0.00011703974839288173
3,0,1,3.3078078078078077,-0.0001160822471481214,-0.0001160822471481214,-0.0001160822471481214
3,0,1,3.3063063063063063,-0.00011492429687207442,-0.00011492429687207442,-0.00011492429687207442
3,0,1,3.304804804804805,-0.00011363172195135579,-0.00011363172195135579,-0.00011363172195135579
3,0,1,3.3033033033033035,-0.00011227175826032144,-0.00011227175826032144,-0.00011227175826032144
3,0,1,3.3018018018018016,-0.00011089525957004055,-0.00011089525957004055,-0.00011089525957004055
3,0,1,3.3003003003003,-0.00010949978199505973,-0.00010949978199505973,-0.00010949978199505973
3,0,1,3.298798798798799,-0.00010807206119234705,-0.00010807206119234705,-0.00010807206119234705
3,0,1,3.2972972972972974,-0.00010659150327801091,-0.00010659150327801091,-0.00010659150327801091
3,0,1,3.295795795795796,-0.00010499505243091387,-0.00010499505243091387,-0.00010499505243091387
3,0,1,3.294294294294294,-0.0001032043983615269,-0.0001032043983615269,-0.0001032043983615269
3,0,1,3.2927927927927927,-0.00010114384849954812,-0.00010114384849954812,-0.00010114384849954812
3,0,1,3.2912912912912913,-9.885270322957523e-05,-9.885270322957523e-05,-9.885270322957523e-05
3,0,1,3.28978978978979,-9.652727694856034e-05,-9.652727694856034e-05,-9.652727694856034e-05
3,0,1,3.2882882882882885,-9.437515559984795e-05,-9.437515559984795e-05,-9.437515559984795e-05
3,0,1,3.2867867867867866,-9.258334463972326e-05,-9.258334463972326e-05,-9.258334463972326e-05
3,0,1,3.285285285285285,-9.128151937943217e-05,-9.128151937943217e-05,-9.128151937943217e-05
3,0,1,3.2837837837837838,-9.058945126832856e-05,-9.058945126832856e-05,-9.058945126832856e-05
3,0,1,3.2822822822822824,-9.060805445684772e-05,-9.060805445684772e-05,-9.060805445684772e-05
3,0,1,3.280780780780781,-9.116404951295919e-05,-9.116404951295919e-05,-9.116404951295919e-05
3,0,1,3.279279279279279,-9.187708439465161e-05,-9.187708439465161e-05,-9.187708439465161e-05
3,0,1,3.2777777777777777,-9.236374079012871e-05,-9.236374079012871e-05,-9.236374079012871e-05
3,0,1,3.2762762762762763,-9.232475321632738e-05,-9.232475321632738e-05,-9.232475321632738e-05
3,0,1,3.274774774774775,-9.157320194497567e-05,-9.157320194497567e-05,-9.157320194497567e-05
3,0,1,3.2732732732732734,-8.992998805327362e-05,-8.992998805327362e-05,-8.992998805327362e-05
3,0,1,3.2717717717717716,-8.725845244237848e-05,-8.725845244237848e-05,-8.725845244237848e-05
3,0,1,3.27027027027027,-8.36754290136181e-05,-8.36754290136181e-05,-8.36754290136181e-05
3,0,1,3.2687687687687688,-7.93914672893338e-05,-7.93914672893338e-05,-7.93914672893338e-05
3,0,1,3.2672672672672673,-7.462122739033614e-05,-7.462122739033614e-05,-7.462122739033614e-05
3,0,1,3.265765765765766,-6.962946313072288e-05,-6.962946313072288e-05,-6.962946313072288e-05
3,0,1,3.264264264264264,-6.471528403595092e-05,-6.471528403595092e-05,-6.471528403595092e-05
3,0,1,3.2627627627627627,-6.017794132151533e-05,-6.017794132151533e-05,-6.017794132151533e-05
3,0,1,3.2612612612612613,-5.619040762803312e-05,-5.619040762803312e-05,-5.619040762803312e-05
3,0,1,3.25975975975976,-5.263672595978708e-05,-5.263672595978708e-05,-5.263672595978708e-05
3,0,1,3.2582582582582584,-4.9360706827043105e-05,-4.9360706827043105e-05,-4.9360706827043105e-05
3,0,1,3.2567567567567566,-4.6238875932542306e-05,-4.6238875932542306e-05,-4.6238875932542306e-05
3,0,1,3.255255255255255,-4.3297015258243754e-05,-4.3297015258243754e-05,-4.3297015258243754e-05
3,0,1,3.2537537537537538,-4.060344837955587e-05,-4.060344837955587e-05,-4.060344837955587e-05
3,0,1,3.2522522522522523,-3.822356098173024e-05,-3.822356098173024e-05,-3.822356098173024e-05
3,0,1,3.250750750750751,-3.6159086404127794e-05,-3.6159086404127794e-05,-3.6159086404127794e-05
3,0,1,3.249249249249249,-3.435024716648069e-05,-3.435024716648069e-05,-3.435024716648069e-05
3,0,1,3.2477477477477477,-3.273459804125148e-05,-3.273459804125148e-05,-3.273459804125148e-05
3,0,1,3.2462462462462462,-3.122853266033718e-05,-3.122853266033718e-05,-3.122853266033718e-05
3,0,1,3.244744744744745,-2.970599703762053e-05,-2.970599703762053e-05,-2.970599703762053e-05
3,0,1,3.2432432432432434,-2.803586644916506e-05,-2.803586644916506e-05,-2.803586644916506e-05
3,0,1,3.2417417417417416,-2.6046209306962442e-05,-2.6046209306962442e-05,-2.6046209306962442e-05
3,0,1,3.24024024024024,-2.327690810404598e-05,-2.327690810404598e-05,-2.327690810404598e-05
3,0,1,3.2387387387387387,-1.9143743654300577e-05,-1.9143743654300577e-05,-1.9143743654300577e-05
3,0,1,3.2372372372372373,-1.3089620551128694e-05,-1.3089620551128694e-05,-1.3089620551128694e-05
3,0,1,3.235735735735736,-5.029114075766339e-06,-5.029114075766339e-06,-5.029114075766339e-06
3,0,1,3.234234234234234,4.727609841641972e-06,4.727609841641972e-06,4.727609841641972e-06
3,0,1,3.2327327327327327,1.5858356309624705e-05,1.5858356309624705e-05,1.5858356309624705e-05
3,0,1,3.2312312312312312,2.814130937092013e-05,2.814130937092013e-05,2.814130937092013e-05
3,0,1,3.22972972972973,4.161441418175718e-05,4.161441418175718e-05,4.161441418175718e-05
3,0,1,3.2282282282282284,5.63570789358786e-05,5.63570789358786e-05,5.63570789358786e-05
3,0,1,3.2267267267267266,7.230975883772833e-05,7.230975883772833e-05,7.230975883772833e-05
3,0,1,3.225225225225225,8.860885911878696e-05,8.860885911878696e-05,8.860885911878696e-05
3,0,1,3.2237237237237237,0.00010410224785710465,0.00010410224785710465,0.00010410224785710465
3,0,1,3.2222222222222223,0.00011768792198834505,0.00011768792198834505,0.00011768792198834505
3,0,1,3.220720720720721,0.0001296170146714848,0.0001296170146714848,0.0001296170146714848
3,0,1,3.219219219219219,0.0001416096565590233,0.0001416096565590233,0.0001416096565590233
3,0,1,3.2177177177177176,0.0001554571931370527,0.0001554571931370527,0.0001554571931370527
3,0,1,3.2162162162162162,0.000172440140350609,0.000172440140350609,0.000172440140350609
3,0,1,3.214714714714715,0.00019270940911964018,0.00019270940911964018,0.00019270940911964018
3,0,1,3.2132132132132134,0.00021626462409464475,0.00021626462409464475,0.00021626462409464475
3,0,1,3.2117117117117115,0.00024325137732680857,0.00024325137732680857,0.00024325137732680857
3,0,1,3.21021021021021,0.0002749551597440933,0.0002749551597440933,0.0002749551597440933
3,0,1,3.2087087087087087,0.00031318432356735454,0.00031318432356735454,0.00031318432356735454
3,0,1,3.2072072072072073,0.0003570588261804647,0.0003570588261804647,0.0003570588261804647
3,0,1,3.205705705705706,0.0003997224893566992,0.0003997224893566992,0.0003997224893566992
3,0,1,3.204204204204204,0.00043458606245632553,0.00043458606245632553,0.00043458606245632553
3,0,1,3.2027027027027026,0.00046198639368396494,0.00046198639368396494,0.00046198639368396494
3,0,1,3.201201201201201,0.0004858309708300895,0.0004858309708300895,0.0004858309708300895
3,0,1,3.1996996996997,0.0005161081214204166,0.0005161081214204166,0.0005161081214204166
3,0,1,3.198198198198198,0.0005668209928258519,0.0005668209928258519,0.0005668209928258519
3,0,1,3.1966966966966965,0.0006547378993406391,0.0006547378993406391,0.0006547378993406391
3,0,1,3.195195195195195,0.0007771259387559445,0.0007771259387559445,0.0007771259387559445
3,0,1,3.1936936936936937,0.0009094500172439415,0.0009094500172439415,0.0009094500172439415
3,0,1,3.1921921921921923,0.0010276773255988442,0.0010276773255988442,0.0010276773255988442
3,0,1,3.1906906906906904,0.0011392841421380973,0.0011392841421380973,0.0011392841421380973
3,0,1,3.189189189189189,0.0012630026129169941,0.0012630026129169941,0.0012630026129169941
3,0,1,3.1876876876876876,0.001384015362671881,0.001384015362671881,0.001384015362671881
3,0,1,3.186186186186186,0.0015120808447424416,0.0015120808447424416,0.0015120808447424416
3,0,1,3.184684684684685,0.001672262051612472,0.001672262051612472,0.001672262051612472
3,0,1,3.183183183183183,0.0018470698170049288,0.0018470698170049288,0.0018470698170049288
3,0,1,3.1816816816816815,0.0020165874135599227,0.0020165874135599227,0.0020165874135599227
3,0,1,3.18018018018018,0.0021814158828006996,0.0021814158828006996,0.0021814158828006996
3,0,1,3.1786786786786787,0.002325270459612741,0.002325270459612741,0.002325270459612741
3,0,1,3.1771771771771773,0.002451210358477937,0.002451210358477937,0.002451210358477937
3,0,1,3.1756756756756754,0.002606382921121031,0.002606382921121031,0.002606382921121031
3,0,1,3.174174174174174,0.0027394173785458137,0.0027394173785458137,0.0027394173785458137
3,0,1,3.1726726726726726,0.0028747278445767355,0.0028747278445767355,0.0028747278445767355
3,0,1,3.171171171171171,0.0029982179960727495,0.0029982179960727495,0.0029982179960727495
3,0,1,3.16966966966967,0.0030271161202592434,0.0030271161202592434,0.0030271161202592434
3,0,1,3.168168168168168,0.003050694448043678,0.003050694448043678,0.003050694448043678
3,0,1,3.1666666666666665,0.003099120219324819,0.003099120219324819,0.003099120219324819
3,0,1,3.165165165165165,0.0031534981819793806,0.0031534981819793806,0.0031534981819793806
3,0,1,3.1636636636636637,0.003264560455662674,0.003264560455662674,0.003264560455662674
3,0,1,3.1621621621621623,0.003336003675161958,0.003336003675161958,0.003336003675161958
3,0,1,3.1606606606606604,0.0033332290328203784,0.0033332290328203784,0.0033332290328203784
3,0,1,3.159159159159159,0.0032641816310385596,0.0032641816310385596,0.0032641816310385596
3,0,1,3.1576576576576576,0.003216476904929433,0.003216476904929433,0.003216476904929433
3,0,1,3.156156156156156,0.003292718380327242,0.003292718380327242,0.003292718380327242
3,0,1,3.1546546546546548,0.003416561788072786,0.003416561788072786,0.003416561788072786
3,0,1,3.153153153153153,0.0033468969135133086,0.0033468969135133086,0.0033468969135133086
3,0,1,3.1516516516516515,0.003146779019726653,0.003146779019726653,0.003146779019726653
3,0,1,3.15015015015015,0.003005242546432141,0.003005242546432141,0.003005242546432141
3,0,1,3.1486486486486487,0.002977989472164655,0.002977989472164655,0.002977989472164655
3,0,1,3.1471471471471473,0.0029803057422634893,0.0029803057422634893,0.0029803057422634893
3,0,1,3.1456456456456454,0.0029278501189458628,0.0029278501189458628,0.0029278501189458628
3,0,1,3.144144144144144,0.0027668520563685073,0.0027668520563685073,0.0027668520563685073
3,0,1,3.1426426426426426,0.002642455831235624,0.002642455831235624,0.002642455831235624
3,0,1,3.141141141141141,0.0026737296176222447,0.0026737296176222447,0.0026737296176222447
3,0,1,3.1396396396396398,0.0026195947363831795,0.0026195947363831795,0.0026195947363831795
3,0,1,3.138138138138138,0.0025317571139925055,0.0025317571139925055,0.0025317571139925055
3,0,1,3.1366366366366365,0.0024568286997765365,0.0024568286997765365,0.0024568286997765365
3,0,1,3.135135135135135,0.0023718332279284438,0.0023718332279284438,0.0023718332279284438
3,0,1,3.1336336336336337,0.0023484822001142436,0.0023484822001142436,0.0023484822001142436
3,0,1,3.1321321321321323,0.002324455007607251,0.002324455007607251,0.002324455007607251
3,0,1,3.1306306306306304,0.002267238710644104,0.002267238710644104,0.002267238710644104
3,0,1,3.129129129129129,0.0021753334652988565,0.0021753334652988565,0.0021753334652988565
3,0,1,3.1276276276276276,0.002036246060354574,0.002036246060354574,0.002036246060354574
3,0,1,3.126126126126126,0.001976114222869363,0.001976114222869363,0.001976114222869363
3,0,1,3.1246246246246248,0.0020326956549699404,0.0020326956549699404,0.0020326956549699404
3,0,1,3.123123123123123,0.002143076037782188,0.002143076037782188,0.002143076037782188
3,0,1,3.1216216216216215,0.002193088648592245,0.002193088648592245,0.002193088648592245
3,0,1,3.12012012012012,0.0021260164482991284,0.0021260164482991284,0.0021260164482991284
3,0,1,3.1186186186186187,0.0019907883138272076,0.0019907883138272076,0.0019907883138272076
3,0,1,3.1171171171171173,0.001891081969505437,0.001891081969505437,0.001891081969505437
3,0,1,3.1156156156156154,0.0018844561477946442,0.0018844561477946442,0.0018844561477946442
3,0,1,3.114114114114114,0.0018930293328165981,0.0018930293328165981,0.0018930293328165981
3,0,1,3.1126126126126126,0.0018426054972103811,0.0018426054972103811,0.0018426054972103811
3,0,1,3.111111111111111,0.001731173903991745,0.001731173903991745,0.001731173903991745
3,0,1,3.1096096096096097,0.001622868643792963,0.001622868643792963,0.001622868643792963
3,0,1,3.108108108108108,0.0015708061904057824,0.0015708061904057824,0.0015708061904057824
3,0,1,3.1066066066066065,0.0016238053939792163,0.0016238053939792163,0.0016238053939792163
3,0,1,3.105105105105105,0.00171061383490001,0.00171061383490001,0.00171061383490001
3,0,1,3.1036036036036037,0.0017301668108599122,0.0017301668108599122,0.0017301668108599122
3,0,1,3.1021021021021022,0.0017255931631088295,0.0017255931631088295,0.0017255931631088295
3,0,1,3.1006006006006004,0.0016970950020649411,0.0016970950020649411,0.0016970950020649411
3,0,1,3.099099099099099,0.0016333244181305773,0.0016333244181305773,0.0016333244181305773
3,0,1,3.0975975975975976,0.0015442139038929215,0.0015442139038929215,0.0015442139038929215
3,0,1,3.096096096096096,0.0014096788639375024,0.0014096788639375024,0.0014096788639375024
3,0,1,3.0945945945945947,0.001246580796031016,0.001246580796031016,0.001246580796031016
3,0,1,3.093093093093093,0.0011974261934675212,0.0011974261934675212,0.0011974261934675212
3,0,1,3.0915915915915915,0.0012225468642460546,0.0012225468642460546,0.0012225468642460546
3,0,1,3.09009009009009,0.001201030696364569,0.001201030696364569,0.001201030696364569
3,0,1,3.0885885885885886,0.0011845851374188143,0.0011845851374188143,0.0011845851374188143
3,0,1,3.0870870870870872,0.001217652637534039,0.001217652637534039,0.001217652637534039
3,0,1,3.0855855855855854,0.0012528659748460846,0.0012528659748460846,0.0012528659748460846
3,0,1,3.084084084084084,0.0012305655199245091,0.0012305655199245091,0.0012305655199245091
3,0,1,3.0825825825825826,0.001152320750246849,0.001152320750246849,0.001152320750246849
3,0,1,3.081081081081081,0.0010666052757141165,0.0010666052757141165,0.0010666052757141165
3,0,1,3.0795795795795797,0.0010350337401325849,0.0010350337401325849,0.0010350337401325849
3,0,1,3.078078078078078,0.0010510553139625456,0.0010510553139625456,0.0010510553139625456
3,0,1,3.0765765765765765,0.001057349047021816,0.001057349047021816,0.001057349047021816
3,0,1,3.075075075075075,0.0010495389653257803,0.0010495389653257803,0.0010495389653257803
3,0,1,3.0735735735735736,0.00105542684012494,0.00105542684012494,0.00105542684012494
3,0,1,3.0720720720720722,0.0010847962678687262,0.0010847962678687262,0.0010847962678687262
3,0,1,3.0705705705705704,0.0010654942657400968,0.0010654942657400968,0.0010654942657400968
3,0,1,3.069069069069069,0.001035285814597442,0.001035285814597442,0.001035285814597442
3,0,1,3.0675675675675675,0.0010011233989434265,0.0010011233989434265,0.0010011233989434265
3,0,1,3.066066066066066,0.0009260009337015429,0.0009260009337015429,0.0009260009337015429
3,0,1,3.0645645645645647,0.0008708534495234233,0.0008708534495234233,0.0008708534495234233
3,0,1,3.063063063063063,0.0008932305814864927,0.0008932305814864927,0.0008932305814864927
3,0,1,3.0615615615615615,0.000903008216330603,0.000903008216330603,0.000903008216330603
3,0,1,3.06006006006006,0.0008519599663908695,0.0008519599663908695,0.0008519599663908695
3,0,1,3.0585585585585586,0.0007489505134340435,0.0007489505134340435,0.0007489505134340435
3,0,1,3.057057057057057,0.0006820369079625355,0.0006820369079625355,0.0006820369079625355
3,0,1,3.0555555555555554,0.0006692676581160351,0.0006692676581160351,0.0006692676581160351
3,0,1,3.054054054054054,0.0006866469562769595,0.0006866469562769595,0.0006866469562769595
3,0,1,3.0525525525525525,0.0007247742851743677,0.0007247742851743677,0.0007247742851743677
3,0,1,3.051051051051051,0.0007334384974041486,0.0007334384974041486,0.0007334384974041486
3,0,1,3.0495495495495497,0.0006655016115189039,0.0006655016115189039,0.0006655016115189039
3,0,1,3.048048048048048,0.000565153166876331,0.000565153166876331,0.000565153166876331
3,0,1,3.0465465465465464,0.0005206772141359561,0.0005206772141359561,0.0005206772141359561
3,0,1,3.045045045045045,0.000541935081657785,0.000541935081657785,0.000541935081657785
3,0,1,3.0435435435435436,0.0005684897762108232,0.0005684897762108232,0.0005684897762108232
3,0,1,3.042042042042042,0.0005723022212497098,0.0005723022212497098,0.0005723022212497098
3,0,1,3.0405405405405403,0.0005535482981351425,0.0005535482981351425,0.0005535482981351425
3,0,1,3.039039039039039,0.0005128465702257667,0.0005128465702257667,0.0005128465702257667
3,0,1,3.0375375375375375,0.00045441134220525203,0.00045441134220525203,0.00045441134220525203
3,0,1,3.036036036036036,0.00041558468582147956,0.00041558468582147956,0.00041558468582147956
3,0,1,3.0345345345345347,0.0004194160715711437,0.0004194160715711437,0.0004194160715711437
3,0,1,3.033033033033033,0.00042581989247880703,0.00042581989247880703,0.00042581989247880703
3,0,1,3.0315315315315314,0.0003997013101194602,0.0003997013101194602,0.0003997013101194602
3,0,1,3.03003003003003,0.00035893157245769913,0.00035893157245769913,0.00035893157245769913
3,0,1,3.0285285285285286,0.00032475306311396945,0.00032475306311396945,0.00032475306311396945
3,0,1,3.027027027027027,0.00030866853161981567,0.00030866853161981567,0.00030866853161981567
3,0,1,3.0255255255255253,0.0003049403387568317,0.0003049403387568317,0.0003049403387568317
3,0,1,3.024024024024024,0.0002872229849872898,0.0002872229849872898,0.0002872229849872898
3,0,1,3.0225225225225225,0.0002672528093269344,0.0002672528093269344,0.0002672528093269344
3,0,1,3.021021021021021,0.00028338781644221545,0.00028338781644221545,0.00028338781644221545
3,0,1,3.0195195195195197,0.0003423975909324639,0.0003423975909324639,0.0003423975909324639
3,0,1,3.018018018018018,0.00041364065298821195,0.00041364065298821195,0.00041364065298821195
3,0,1,3.0165165165165164,0.0004554842146471394,0.0004554842146471394,0.0004554842146471394
3,0,1,3.015015015015015,0.00045169421231083806,0.00045169421231083806,0.00045169421231083806
3,0,1,3.0135135135135136,0.0004204860458830728,0.0004204860458830728,0.0004204860458830728
3,0,1,3.012012012012012,0.0003957941857996028,0.0003957941857996028,0.0003957941857996028
3,0,1,3.0105105105105103,0.0003945368157457496,0.0003945368157457496,0.0003945368157457496
3,0,1,3.009009009009009,0.0003943738927506546,0.0003943738927506546,0.0003943738927506546
3,0,1,3.0075075075075075,0.0003758545008688552,0.0003758545008688552,0.0003758545008688552
3,0,1,3.006006006006006,0.0003592384158547235,0.0003592384158547235,0.0003592384158547235
3,0,1,3.0045045045045047,0.00036824561630566244,0.00036824561630566244,0.00036824561630566244
3,0,1,3.003003003003003,0.00039410145395746277,0.00039410145395746277,0.00039410145395746277
3,0,1,3.0015015015015014,0.00040844725184929764,0.00040844725184929764,0.00040844725184929764
3,0,1,3.0,0.00040076627573359946,0.00040076627573359946,0.00040076627573359946
3,0,1,2.9984984984984986,0.00039184672402958753,0.00039184672402958753,0.00039184672402958753
3,0,1,2.996996996996997,0.0004068212277932304,0.0004068212277932304,0.0004068212277932304
3,0,1,2.9954954954954953,0.0004404497070956692,0.0004404497070956692,0.0004404497070956692
3,0,1,2.993993993993994,0.00046342933600540537,0.00046342933600540537,0.00046342933600540537
3,0,1,2.9924924924924925,0.0004693512751580142,0.0004693512751580142,0.0004693512751580142
3,0,1,2.990990990990991,0.00046854298097842584,0.00046854298097842584,0.00046854298097842584
3,0,1,2.9894894894894897,0.00046555475527387813,0.00046555475527387813,0.00046555475527387813
3,0,1,2.987987987987988,0.0004479241772838982,0.0004479241772838982,0.0004479241772838982
3,0,1,2.9864864864864864,0.00041900469781785965,0.00041900469781785965,0.00041900469781785965
3,0,1,2.984984984984985,0.00039800843686743637,0.00039800843686743637,0.00039800843686743637
3,0,1,2.9834834834834836,0.0003997490075287047,0.0003997490075287047,0.0003997490075287047
3,0,1,2.981981981981982,0.0004136073808101992,0.0004136073808101992,0.0004136073808101992
3,0,1,2.9804804804804803,0.0004257443150420537,0.0004257443150420537,0.0004257443150420537
3,0,1,2.978978978978979,0.00042996536949724273,0.00042996536949724273,0.00042996536949724273
3,0,1,2.9774774774774775,0.0004328968431558389,0.0004328968431558389,0.0004328968431558389
3,0,1,2.975975975975976,0.00043789868346855165,0.00043789868346855165,0.00043789868346855165
3,0,1,2.9744744744744747,0.00044407507167465443,0.00044407507167465443,0.00044407507167465443
3,0,1,2.972972972972973,0.0004455096979993911,0.0004455096979993911,0.0004455096979993911
3,0,1,2.9714714714714714,0.00043892319059957163,0.00043892319059957163,0.00043892319059957163
3,0,1,2.96996996996997,0.00042447637710363306,0.00042447637710363306,0.00042447637710363306
3,0,1,2.9684684684684686,0.00040842409049623996,0.00040842409049623996,0.00040842409049623996
3,0,1,2.966966966966967,0.00039792952471306986,0.00039792952471306986,0.00039792952471306986
3,0,1,2.9654654654654653,0.00039888180150637886,0.00039888180150637886,0.00039888180150637886
3,0,1,2.963963963963964,0.0004112827546344233,0.0004112827546344233,0.0004112827546344233
3,0,1,2.9624624624624625,0.00042985580355603403,0.00042985580355603403,0.00042985580355603403
3,0,1,2.960960960960961,0.000445780076989033,0.000445780076989033,0.000445780076989033
3,0,1,2.9594594594594597,0.0004503863273451758,0.0004503863273451758,0.0004503863273451758
3,0,1,2.957957957957958,0.0004402063350942287,0.0004402063350942287,0.0004402063350942287
3,0,1,2.9564564564564564,0.0004155316913947438,0.0004155316913947438,0.0004155316913947438
3,0,1,2.954954954954955,0.00038235837805744577,0.00038235837805744577,0.00038235837805744577
3,0,1,2.9534534534534536,0.00034776669831171336,0.00034776669831171336,0.00034776669831171336
3,0,1,2.951951951951952,0.00031949477994064335,0.00031949477994064335,0.00031949477994064335
3,0,1,2.9504504504504503,0.00030366505291323787,0.00030366505291323787,0.00030366505291323787
3,0,1,2.948948948948949,0.00030258639925706543,0.00030258639925706543,0.00030258639925706543
3,0,1,2.9474474474474475,0.0003157535804865219,0.0003157535804865219,0.0003157535804865219
3,0,1,2.945945945945946,0.0003361115133053705,0.0003361115133053705,0.0003361115133053705
3,0,1,2.9444444444444446,0.0003557477615312443,0.0003557477615312443,0.0003557477615312443
3,0,1,2.942942942942943,0.00036790521123086783,0.00036790521123086783,0.00036790521123086783
3,0,1,2.9414414414414414,0.0003669835998738602,0.0003669835998738602,0.0003669835998738602
3,0,1,2.93993993993994,0.0003550419243437686,0.0003550419243437686,0.0003550419243437686
3,0,1,2.9384384384384385,0.0003380621368437309,0.0003380621368437309,0.0003380621368437309
3,0,1,2.936936936936937,0.00032155724830551513,0.00032155724830551513,0.00032155724830551513
3,0,1,2.9354354354354353,0.000310545961671016,0.000310545961671016,0.000310545961671016
3,0,1,2.933933933933934,0.00030785801354304976,0.00030785801354304976,0.00030785801354304976
3,0,1,2.9324324324324325,0.0003104789185398582,0.0003104789185398582,0.0003104789185398582
3,0,1,2.930930930930931,0.00031443009202958283,0.00031443009202958283,0.00031443009202958283
3,0,1,2.9294294294294296,0.00031583970642357073,0.00031583970642357073,0.00031583970642357073
3,0,1,2.9279279279279278,0.00031090037685566063,0.00031090037685566063,0.00031090037685566063
3,0,1,2.9264264264264264,0.00029722442567337026,0.00029722442567337026,0.00029722442567337026
3,0,1,2.924924924924925,0.00027623949668786896,0.00027623949668786896,0.00027623949668786896
3,0,1,2.9234234234234235,0.0002500457485241636,0.0002500457485241636,0.0002500457485241636
3,0,1,2.921921921921922,0.00022170606253468783,0.00022170606253468783,0.00022170606253468783
3,0,1,2.9204204204204203,0.00019530069069639833,0.00019530069069639833,0.00019530069069639833
3,0,1,2.918918918918919,0.00017463550187168941,0.00017463550187168941,0.00017463550187168941
3,0,1,2.9174174174174174,0.00016093186619625666,0.00016093186619625666,0.00016093186619625666
3,0,1,2.915915915915916,0.00015417124264915927,0.00015417124264915927,0.00015417124264915927
3,0,1,2.9144144144144146,0.00015401416572524695,0.00015401416572524695,0.00015401416572524695
3,0,1,2.9129129129129128,0.0001579695809834636,0.0001579695809834636,0.0001579695809834636
3,0,1,2.9114114114114114,0.00016264216408146126,0.00016264216408146126,0.00016264216408146126
3,0,1,2.90990990990991,0.00016499023333205187,0.00016499023333205187,0.00016499023333205187
3,0,1,2.9084084084084085,0.00016395944520686268,0.00016395944520686268,0.00016395944520686268
3,0,1,2.906906906906907,0.00015918336901898922,0.00015918336901898922,0.00015918336901898922
3,0,1,2.9054054054054053,0.0001503981954152911,0.0001503981954152911,0.0001503981954152911
3,0,1,2.903903903903904,0.00013879328634247567,0.00013879328634247567,0.00013879328634247567
3,0,1,2.9024024024024024,0.00012664075653512352,0.00012664075653512352,0.00012664075653512352
3,0,1,2.900900900900901,0.00011620947877399868,0.00011620947877399868,0.00011620947877399868
3,0,1,2.8993993993993996,0.0001087390411118605,0.0001087390411118605,0.0001087390411118605
3,0,1,2.8978978978978978,0.00010418806961109972,0.00010418806961109972,0.00010418806961109972
3,0,1,2.8963963963963963,0.00010243500155660001,0.00010243500155660001,0.00010243500155660001
3,0,1,2.894894894894895,0.00010317982855423402,0.00010317982855423402,0.00010317982855423402
3,0,1,2.8933933933933935,0.00010525640825709282,0.00010525640825709282,0.00010525640825709282
3,0,1,2.891891891891892,0.00010723618165875415,0.00010723618165875415,0.00010723618165875415
3,0,1,2.8903903903903903,0.00010781004374449399,0.00010781004374449399,0.00010781004374449399
3,0,1,2.888888888888889,0.0001067320891591228,0.0001067320891591228,0.0001067320891591228
3,0,1,2.8873873873873874,0.0001043137531816507,0.0001043137531816507,0.0001043137531816507
3,0,1,2.885885885885886,0.00010087216029641688,0.00010087216029641688,0.00010087216029641688
3,0,1,2.8843843843843846,9.680922757093757e-05,9.680922757093757e-05,9.680922757093757e-05
3,0,1,2.8828828828828827,9.268668388240364e-05,9.268668388240364e-05,9.268668388240364e-05
3,0,1,2.8813813813813813,8.9083937831691e-05,8.9083937831691e-05,8.9083937831691e-05
3,0,1,2.87987987987988,8.634281904962293e-05,8.634281904962293e-05,8.634281904962293e-05
3,0,1,2.8783783783783785,8.397666619497368e-05,8.397666619497368e-05,8.397666619497368e-05
3,0,1,2.876876876876877,8.131833344460215e-05,8.131833344460215e-05,8.131833344460215e-05
3,0,1,2.8753753753753752,7.771935403588781e-05,7.771935403588781e-05,7.771935403588781e-05
3,0,1,2.873873873873874,7.283051760464954e-05,7.283051760464954e-05,7.283051760464954e-05
3,0,1,2.8723723723723724,6.654352712198719e-05,6.654352712198719e-05,6.654352712198719e-05
3,0,1,2.870870870870871,5.8768823619770316e-05,5.8768823619770316e-05,5.8768823619770316e-05
3,0,1,2.8693693693693696,4.9925225256264305e-05,4.9925225256264305e-05,4.9925225256264305e-05
3,0,1,2.8678678678678677,4.111971949172233e-05,4.111971949172233e-05,4.111971949172233e-05
3,0,1,2.8663663663663663,3.350818890945906e-05,3.350818890945906e-05,3.350818890945906e-05
3,0,1,2.864864864864865,2.8083834636927207e-05,2.8083834636927207e-05,2.8083834636927207e-05
3,0,1,2.8633633633633635,2.4949660314077526e-05,2.4949660314077526e-05,2.4949660314077526e-05
3,0,1,2.861861861861862,2.3905723382289246e-05,2.3905723382289246e-05,2.3905723382289246e-05
3,0,1,2.8603603603603602,2.467273595319064e-05,2.467273595319064e-05,2.467273595319064e-05
3,0,1,2.858858858858859,2.6185307499093646e-05,2.6185307499093646e-05,2.6185307499093646e-05
3,0,1,2.8573573573573574,2.6927770292117792e-05,2.6927770292117792e-05,2.6927770292117792e-05
3,0,1,2.855855855855856,2.538285139208618e-05,2.538285139208618e-05,2.538285139208618e-05
3,0,1,2.8543543543543546,2.056600179856094e-05,2.056600179856094e-05,2.056600179856094e-05
3,0,1,2.8528528528528527,1.2575537894243816e-05,1.2575537894243816e-05,1.2575537894243816e-05
3,0,1,2.8513513513513513,1.641229106175146e-06,1.641229106175146e-06,1.641229106175146e-06
3,0,1,2.84984984984985,-1.164496743732979e-05,-1.164496743732979e-05,-1.164496743732979e-05
3,0,1,2.8483483483483485,-2.542989405673879e-05,-2.542989405673879e-05,-2.542989405673879e-05
3,0,1,2.846846846846847,-3.758604592662973e-05,-3.758604592662973e-05,-3.758604592662973e-05
3,0,1,2.8453453453453452,-4.60364177763406e-05,-4.60364177763406e-05,-4.60364177763406e-05
3,0,1,2.843843843843844,-4.9727870851112854e-05,-4.9727870851112854e-05,-4.9727870851112854e-05
3,0,1,2.8423423423423424,-4.8560052907986595e-05,-4.8560052907986595e-05,-4.8560052907986595e-05
3,0,1,2.840840840840841,-4.248945849338881e-05,-4.248945849338881e-05,-4.248945849338881e-05
3,0,1,2.8393393393393396,-3.250826183842648e-05,-3.250826183842648e-05,-3.250826183842648e-05
3,0,1,2.8378378378378377,-2.1108665844926655e-05,-2.1108665844926655e-05,-2.1108665844926655e-05
3,0,1,2.8363363363363363,-1.09003428115928e-05,-1.09003428115928e-05,-1.09003428115928e-05
3,0,1,2.834834834834835,-4.243263638570305e-06,-4.243263638570305e-06,-4.243263638570305e-06
3,0,1,2.8333333333333335,-2.001741463031337e-06,-2.001741463031337e-06,-2.001741463031337e-06
3,0,1,2.831831831831832,-4.485698166578622e-06,-4.485698166578622e-06,-4.485698166578622e-06
3,0,1,2.83033033033033,-1.186147675813487e-05,-1.186147675813487e-05,-1.186147675813487e-05
3,0,1,2.828828828828829,-2.272677585557492e-05,-2.272677585557492e-05,-2.272677585557492e-05
3,0,1,2.8273273273273274,-3.470838876518112e-05,-3.470838876518112e-05,-3.470838876518112e-05
3,0,1,2.825825825825826,-4.542094802051366e-05,-4.542094802051366e-05,-4.542094802051366e-05
3,0,1,2.8243243243243246,-5.308718078345098e-05,-5.308718078345098e-05,-5.308718078345098e-05
3,0,1,2.8228228228228227,-5.735490105174268e-05,-5.735490105174268e-05,-5.735490105174268e-05
3,0,1,2.8213213213213213,-5.807580466832274e-05,-5.807580466832274e-05,-5.807580466832274e-05
3,0,1,2.81981981981982,-5.538804820570675e-05,-5.538804820570675e-05,-5.538804820570675e-05
3,0,1,2.8183183183183185,-5.0533443658462573e-05,-5.0533443658462573e-05,-5.0533443658462573e-05
3,0,1,2.816816816816817,-4.501955553670722e-05,-4.501955553670722e-05,-4.501955553670722e-05
3,0,1,2.815315315315315,-4.032268296960684e-05,-4.032268296960684e-05,-4.032268296960684e-05
3,0,1,2.813813813813814,-3.7213192136231754e-05,-3.7213192136231754e-05,-3.7213192136231754e-05
3,0,1,2.8123123123123124,-3.5762756773749516e-05,-3.5762756773749516e-05,-3.5762756773749516e-05
3,0,1,2.810810810810811,-3.6008801960751846e-05,-3.6008801960751846e-05,-3.6008801960751846e-05
3,0,1,2.8093093093093096,-3.773107790050467e-05,-3.773107790050467e-05,-3.773107790050467e-05
3,0,1,2.8078078078078077,-4.0314589702883374e-05,-4.0314589702883374e-05,-4.0314589702883374e-05
3,0,1,2.8063063063063063,-4.311092374365e-05,-4.311092374365e-05,-4.311092374365e-05
3,0,1,2.804804804804805,-4.558346565819438e-05,-4.558346565819438e-05,-4.558346565819438e-05
3,0,1,2.8033033033033035,-4.7914800128001644e-05,-4.7914800128001644e-05,-4.7914800128001644e-05
3,0,1,2.801801801801802,-5.0572263148196406e-05,-5.0572263148196406e-05,-5.0572263148196406e-05
3,0,1,2.8003003003003,-5.40183090752544e-05,-5.40183090752544e-05,-5.40183090752544e-05
3,0,1,2.798798798798799,-5.8643889371601254e-05,-5.8643889371601254e-05,-5.8643889371601254e-05
3,0,1,2.7972972972972974,-6.479053095020948e-05,-6.479053095020948e-05,-6.479053095020948e-05
3,0,1,2.795795795795796,-7.279717919705941e-05,-7.279717919705941e-05,-7.279717919705941e-05
3,0,1,2.7942942942942945,-8.25583120579454e-05,-8.25583120579454e-05,-8.25583120579454e-05
3,0,1,2.7927927927927927,-9.291877534534088e-05,-9.291877534534088e-05,-9.291877534534088e-05
3,0,1,2.7912912912912913,-0.00010257195157770127,-0.00010257195157770127,-0.00010257195157770127
3,0,1,2.78978978978979,-0.00011028988298145137,-0.00011028988298145137,-0.00011028988298145137
3,0,1,2.7882882882882885,-0.00011522441190892074,-0.00011522441190892074,-0.00011522441190892074
3,0,1,2.786786786786787,-0.00011664185999660237,-0.00011664185999660237,-0.00011664185999660237
3,0,1,2.785285285285285,-0.00011385599299995608,-0.00011385599299995608,-0.00011385599299995608
3,0,1,2.7837837837837838,-0.00010729106957196866,-0.00010729106957196866,-0.00010729106957196866
3,0,1,2.7822822822822824,-9.849296352160142e-05,-9.849296352160142e-05,-9.849296352160142e-05
3,0,1,2.7807807807807805,-8.90567811718812e-05,-8.90567811718812e-05,-8.90567811718812e-05
3,0,1,2.7792792792792795,-8.048624512158042e-05,-8.048624512158042e-05,-8.048624512158042e-05
3,0,1,2.7777777777777777,-7.407924404756461e-05,-7.407924404756461e-05,-7.407924404756461e-05
3,0,1,2.7762762762762763,-7.110551203159954e-05,-7.110551203159954e-05,-7.110551203159954e-05
3,0,1,2.774774774774775,-7.263116350331167e-05,-7.263116350331167e-05,-7.263116350331167e-05
3,0,1,2.773273273273273,-7.823476965895804e-05,-7.823476965895804e-05,-7.823476965895804e-05
3,0,1,2.771771771771772,-8.683490308458719e-05,-8.683490308458719e-05,-8.683490308458719e-05
3,0,1,2.77027027027027,-9.734224348290077e-05,-9.734224348290077e-05,-9.734224348290077e-05
3,0,1,2.7687687687687688,-0.00010854514948344107,-0.00010854514948344107,-0.00010854514948344107
3,0,1,2.7672672672672673,-0.00011910435660933416,-0.00011910435660933416,-0.00011910435660933416
3,0,1,2.7657657657657655,-0.00012767475567720954,-0.00012767475567720954,-0.00012767475567720954
3,0,1,2.7642642642642645,-0.0001332984293060946,-0.0001332984293060946,-0.0001332984293060946
3,0,1,2.7627627627627627,-0.00013625152777863025,-0.00013625152777863025,-0.00013625152777863025
3,0,1,2.7612612612612613,-0.0001370555236027693,-0.0001370555236027693,-0.0001370555236027693
3,0,1,2.75975975975976,-0.00013625517560611478,-0.00013625517560611478,-0.00013625517560611478
3,0,1,2.758258258258258,-0.0001345836277143464,-0.0001345836277143464,-0.0001345836277143464
3,0,1,2.756756756756757,-0.0001328652803554986,-0.0001328652803554986,-0.0001328652803554986
3,0,1,2.755255255255255,-0.00013191153061486993,-0.00013191153061486993,-0.00013191153061486993
3,0,1,2.7537537537537538,-0.00013202649100663155,-0.00013202649100663155,-0.00013202649100663155
3,0,1,2.7522522522522523,-0.00013286746426788287,-0.00013286746426788287,-0.00013286746426788287
3,0,1,2.7507507507507505,-0.00013404972863817477,-0.00013404972863817477,-0.00013404972863817477
3,0,1,2.7492492492492495,-0.00013518167235715417,-0.00013518167235715417,-0.00013518167235715417
3,0,1,2.7477477477477477,-0.00013584506780150996,-0.00013584506780150996,-0.00013584506780150996
3,0,1,2.7462462462462462,-0.00013561526138339275,-0.00013561526138339275,-0.00013561526138339275
3,0,1,2.744744744744745,-0.00013410752882969668,-0.00013410752882969668,-0.00013410752882969668
3,0,1,2.743243243243243,-0.00013131805003996355,-0.00013131805003996355,-0.00013131805003996355
3,0,1,2.741741741741742,-0.00012745423530113875,-0.00012745423530113875,-0.00012745423530113875
3,0,1,2.74024024024024,-0.00012272623116549308,-0.00012272623116549308,-0.00012272623116549308
3,0,1,2.7387387387387387,-0.0001173870594902704,-0.0001173870594902704,-0.0001173870594902704
3,0,1,2.7372372372372373,-0.00011176560138970171,-0.00011176560138970171,-0.00011176560138970171
3,0,1,2.7357357357357355,-0.00010619850021820199,-0.00010619850021820199,-0.00010619850021820199
3,0,1,2.7342342342342345,-0.00010097025239841351,-0.00010097025239841351,-0.00010097025239841351
3,0,1,2.7327327327327327,-9.617413874662972e-05,-9.617413874662972e-05,-9.617413874662972e-05
3,0,1,2.7312312312312312,-9.185962301483386e-05,-9.185962301483386e-05,-9.185962301483386e-05
3,0,1,2.72972972972973,-8.80714874282873e-05,-8.80714874282873e-05,-8.80714874282873e-05
3,0,1,2.728228228228228,-8.478207673467963e-05,-8.478207673467963e-05,-8.478207673467963e-05
3,0,1,2.726726726726727,-8.190672603980431e-05,-8.190672603980431e-05,-8.190672603980431e-05
3,0,1,2.725225225225225,-7.936183792889295e-05,-7.936183792889295e-05,-7.936183792889295e-05
3,0,1,2.7237237237237237,-7.723243136892322e-05,-7.723243136892322e-05,-7.723243136892322e-05
3,0,1,2.7222222222222223,-7.587211445003739e-05,-7.587211445003739e-05,-7.587211445003739e-05
3,0,1,2.7207207207207205,-7.565846634571827e-05,-7.565846634571827e-05,-7.565846634571827e-05
3,0,1,2.7192192192192195,-7.696950403168756e-05,-7.696950403168756e-05,-7.696950403168756e-05
3,0,1,2.7177177177177176,-8.018547268551224e-05,-8.018547268551224e-05,-8.018547268551224e-05
3,0,1,2.7162162162162162,-8.568732458358319e-05,-8.568732458358319e-05,-8.568732458358319e-05
3,0,1,2.714714714714715,-9.381214198356247e-05,-9.381214198356247e-05,-9.381214198356247e-05
3,0,1,2.713213213213213,-0.0001042031364253404,-0.0001042031364253404,-0.0001042031364253404
3,0,1,2.7117117117117115,-0.0001159495553331169,-0.0001159495553331169,-0.0001159495553331169
3,0,1,2.71021021021021,-0.00012812440948795079,-0.00012812440948795079,-0.00012812440948795079
3,0,1,2.7087087087087087,-0.0001396272859308656,-0.0001396272859308656,-0.0001396272859308656
3,0,1,2.7072072072072073,-0.0001489682220725541,-0.0001489682220725541,-0.0001489682220725541
3,0,1,2.7057057057057055,-0.00015460413850520993,-0.00015460413850520993,-0.00015460413850520993
3,0,1,2.704204204204204,-0.0001552553306138904,-0.0001552553306138904,-0.0001552553306138904
3,0,1,2.7027027027027026,-0.00015123162521968325,-0.00015123162521968325,-0.00015123162521968325
3,0,1,2.701201201201201,-0.00014343620451806594,-0.00014343620451806594,-0.00014343620451806594
3,0,1,2.6996996996997,-0.00013280066583454264,-0.00013280066583454264,-0.00013280066583454264
3,0,1,2.698198198198198,-0.00012080496604638391,-0.00012080496604638391,-0.00012080496604638391
3,0,1,2.6966966966966965,-0.00010943551172881705,-0.00010943551172881705,-0.00010943551172881705
3,0,1,2.695195195195195,-0.00010069422501679526,-0.00010069422501679526,-0.00010069422501679526
3,0,1,2.6936936936936937,-9.583016378234e-05,-9.583016378234e-05,-9.583016378234e-05
3,0,1,2.6921921921921923,-9.440542973671029e-05,-9.440542973671029e-05,-9.440542973671029e-05
3,0,1,2.6906906906906904,-9.575274572770631e-05,-9.575274572770631e-05,-9.575274572770631e-05
3,0,1,2.689189189189189,-9.917312460716587e-05,-9.917312460716587e-05,-9.917312460716587e-05
3,0,1,2.6876876876876876,-0.00010372076168985167,-0.00010372076168985167,-0.00010372076168985167
3,0,1,2.686186186186186,-0.00010833415660438384,-0.00010833415660438384,-0.00010833415660438384
3,0,1,2.684684684684685,-0.00011198054007399705,-0.00011198054007399705,-0.00011198054007399705
3,0,1,2.683183183183183,-0.00011424403086501833,-0.00011424403086501833,-0.00011424403086501833
3,0,1,2.6816816816816815,-0.00011529444040769832,-0.00011529444040769832,-0.00011529444040769832
3,0,1,2.68018018018018,-0.00011532465854857676,-0.00011532465854857676,-0.00011532465854857676
3,0,1,2.6786786786786787,-0.00011445235015350441,-0.00011445235015350441,-0.00011445235015350441
3,0,1,2.6771771771771773,-0.00011257756768690008,-0.00011257756768690008,-0.00011257756768690008
3,0,1,2.6756756756756754,-0.00010956124258765243,-0.00010956124258765243,-0.00010956124258765243
3,0,1,2.674174174174174,-0.00010532413111374872,-0.00010532413111374872,-0.00010532413111374872
3,0,1,2.6726726726726726,-0.00010026898275627971,-0.00010026898275627971,-0.00010026898275627971
3,0,1,2.671171171171171,-9.503122039378198e-05,-9.503122039378198e-05,-9.503122039378198e-05
3,0,1,2.66966966966967,-9.024731548912257e-05,-9.024731548912257e-05,-9.024731548912257e-05
3,0,1,2.668168168168168,-8.652791334551324e-05,-8.652791334551324e-05,-8.652791334551324e-05
3,0,1,2.6666666666666665,-8.444451009292919e-05,-8.444451009292919e-05,-8.444451009292919e-05
3,0,1,2.665165165165165,-8.456516853727614e-05,-8.456516853727614e-05,-8.456516853727614e-05
3,0,1,2.6636636636636637,-8.707682845798814e-05,-8.707682845798814e-05,-8.707682845798814e-05
3,0,1,2.6621621621621623,-9.097276085556771e-05,-9.097276085556771e-05,-9.097276085556771e-05
3,0,1,2.6606606606606604,-9.50131728478798e-05,-9.50131728478798e-05,-9.50131728478798e-05
3,0,1,2.659159159159159,-9.800072700016926e-05,-9.800072700016926e-05,-9.800072700016926e-05
3,0,1,2.6576576576576576,-9.92873148017992e-05,-9.92873148017992e-05,-9.92873148017992e-05
3,0,1,2.656156156156156,-9.860753775270403e-05,-9.860753775270403e-05,-9.860753775270403e-05
3,0,1,2.6546546546546548,-9.571433487076675e-05,-9.571433487076675e-05,-9.571433487076675e-05
3,0,1,2.653153153153153,-9.096985279333225e-05,-9.096985279333225e-05,-9.096985279333225e-05
3,0,1,2.6516516516516515,-8.566693746692167e-05,-8.566693746692167e-05,-8.566693746692167e-05
3,0,1,2.65015015015015,-8.117692942666288e-05,-8.117692942666288e-05,-8.117692942666288e-05
3,0,1,2.6486486486486487,-7.869663817516859e-05,-7.869663817516859e-05,-7.869663817516859e-05
3,0,1,2.6471471471471473,-7.849351986810582e-05,-7.849351986810582e-05,-7.849351986810582e-05
3,0,1,2.6456456456456454,-8.052692443194509e-05,-8.052692443194509e-05,-8.052692443194509e-05
3,0,1,2.644144144144144,-8.472315996344015e-05,-8.472315996344015e-05,-8.472315996344015e-05
3,0,1,2.6426426426426426,-9.04694083565527e-05,-9.04694083565527e-05,-9.04694083565527e-05
3,0,1,2.641141141141141,-9.671197942795473e-05,-9.671197942795473e-05,-9.671197942795473e-05
3,0,1,2.6396396396396398,-0.00010238590500022404,-0.00010238590500022404,-0.00010238590500022404
3,0,1,2.638138138138138,-0.0001067147293283277,-0.0001067147293283277,-0.0001067147293283277
3,0,1,2.6366366366366365,-0.0001095368402466157,-0.0001095368402466157,-0.0001095368402466157
3,0,1,2.635135135135135,-0.00011076952062261114,-0.00011076952062261114,-0.00011076952062261114
3,0,1,2.6336336336336337,-0.00011039129185408392,-0.00011039129185408392,-0.00011039129185408392
3,0,1,2.6321321321321323,-0.00010875051600200969,-0.00010875051600200969,-0.00010875051600200969
3,0,1,2.6306306306306304,-0.00010633370011370324,-0.00010633370011370324,-0.00010633370011370324
3,0,1,2.629129129129129,-0.00010362288645526796,-0.00010362288645526796,-0.00010362288645526796
3,0,1,2.6276276276276276,-0.00010096125034642078,-0.00010096125034642078,-0.00010096125034642078
3,0,1,2.626126126126126,-9.853354351507804e-05,-9.853354351507804e-05,-9.853354351507804e-05
3,0,1,2.6246246246246248,-9.651572805968733e-05,-9.651572805968733e-05,-9.651572805968733e-05
3,0,1,2.623123123123123,-9.498756911674455e-05,-9.498756911674455e-05,-9.498756911674455e-05
3,0,1,2.6216216216216215,-9.376852795472956e-05,-9.376852795472956e-05,-9.376852795472956e-05
3,0,1,2.62012012012012,-9.263446798479791e-05,-9.263446798479791e-05,-9.263446798479791e-05
3,0,1,2.6186186186186187,-9.138049754930933e-05,-9.138049754930933e-05,-9.138049754930933e-05
3,0,1,2.6171171171171173,-9.000638035150388e-05,-9.000638035150388e-05,-9.000638035150388e-05
3,0,1,2.6156156156156154,-8.863539204817528e-05,-8.863539204817528e-05,-8.863539204817528e-05
3,0,1,2.614114114114114,-8.739116741729447e-05,-8.739116741729447e-05,-8.739116741729447e-05
3,0,1,2.6126126126126126,-8.635525309275138e-05,-8.635525309275138e-05,-8.635525309275138e-05
3,0,1,2.611111111111111,-8.55598416074077e-05,-8.55598416074077e-05,-8.55598416074077e-05
3,0,1,2.6096096096096097,-8.503431249362592e-05,-8.503431249362592e-05,-8.503431249362592e-05
3,0,1,2.608108108108108,-8.470716859010352e-05,-8.470716859010352e-05,-8.470716859010352e-05
3,0,1,2.6066066066066065,-8.399392592495225e-05,-8.399392592495225e-05,-8.399392592495225e-05
3,0,1,2.605105105105105,-8.214744017953635e-05,-8.214744017953635e-05,-8.214744017953635e-05
3,0,1,2.6036036036036037,-7.846516282583593e-05,-7.846516282583593e-05,-7.846516282583593e-05
3,0,1,2.6021021021021022,-7.286857057064999e-05,-7.286857057064999e-05,-7.286857057064999e-05
3,0,1,2.6006006006006004,-6.573784886509948e-05,-6.573784886509948e-05,-6.573784886509948e-05
3,0,1,2.599099099099099,-5.7465505721721044e-05,-5.7465505721721044e-05,-5.7465505721721044e-05
3,0,1,2.5975975975975976,-4.870322501671076e-05,-4.870322501671076e-05,-4.870322501671076e-05
3,0,1,2.596096096096096,-4.063698990375286e-05,-4.063698990375286e-05,-4.063698990375286e-05
3,0,1,2.5945945945945947,-3.4518721844234435e-05,-3.4518721844234435e-05,-3.4518721844234435e-05
3,0,1,2.593093093093093,-3.1433782126111254e-05,-3.1433782126111254e-05,-3.1433782126111254e-05
3,0,1,2.5915915915915915,-3.156197237386138e-05,-3.156197237386138e-05,-3.156197237386138e-05
3,0,1,2.59009009009009,-3.477681726060666e-05,-3.477681726060666e-05,-3.477681726060666e-05
3,0,1,2.5885885885885886,-4.093604454125099e-05,-4.093604454125099e-05,-4.093604454125099e-05
3,0,1,2.5870870870870872,-4.9502332919004743e-05,-4.9502332919004743e-05,-4.9502332919004743e-05
3,0,1,2.5855855855855854,-5.952142037046748e-05,-5.952142037046748e-05,-5.952142037046748e-05
3,0,1,2.584084084084084,-7.001914993431946e-05,-7.001914993431946e-05,-7.001914993431946e-05
3,0,1,2.5825825825825826,-8.010974259020642e-05,-8.010974259020642e-05,-8.010974259020642e-05
3,0,1,2.581081081081081,-8.918179483430322e-05,-8.918179483430322e-05,-8.918179483430322e-05
3,0,1,2.5795795795795797,-9.667699176074684e-05,-9.667699176074684e-05,-9.667699176074684e-05
3,0,1,2.578078078078078,-0.00010207222813041206,-0.00010207222813041206,-0.00010207222813041206
3,0,1,2.5765765765765765,-0.00010513954927660052,-0.00010513954927660052,-0.00010513954927660052
3,0,1,2.575075075075075,-0.00010579830976942262,-0.00010579830976942262,-0.00010579830976942262
3,0,1,2.5735735735735736,-0.00010397150423657742,-0.00010397150423657742,-0.00010397150423657742
3,0,1,2.5720720720720722,-9.972527378510065e-05,-9.972527378510065e-05,-9.972527378510065e-05
3,0,1,2.5705705705705704,-9.334198412069838e-05,-9.334198412069838e-05,-9.334198412069838e-05
3,0,1,2.569069069069069,-8.51219846500495e-05,-8.51219846500495e-05,-8.51219846500495e-05
3,0,1,2.5675675675675675,-7.546644544920156e-05,-7.546644544920156e-05,-7.546644544920156e-05
3,0,1,2.566066066066066,-6.51031061171814e-05,-6.51031061171814e-05,-6.51031061171814e-05
3,0,1,2.5645645645645647,-5.4825708402761464e-05,-5.4825708402761464e-05,-5.4825708402761464e-05
3,0,1,2.563063063063063,-4.5411029213848764e-05,-4.5411029213848764e-05,-4.5411029213848764e-05
3,0,1,2.5615615615615615,-3.739870918750832e-05,-3.739870918750832e-05,-3.739870918750832e-05
3,0,1,2.56006006006006,-3.1154025852409006e-05,-3.1154025852409006e-05,-3.1154025852409006e-05
3,0,1,2.5585585585585586,-2.7030836241337397e-05,-2.7030836241337397e-05,-2.7030836241337397e-05
3,0,1,2.557057057057057,-2.5037541866002044e-05,-2.5037541866002044e-05,-2.5037541866002044e-05
3,0,1,2.5555555555555554,-2.4696720140049422e-05,-2.4696720140049422e-05,-2.4696720140049422e-05
3,0,1,2.554054054054054,-2.549446393063093e-05,-2.549446393063093e-05,-2.549446393063093e-05
3,0,1,2.5525525525525525,-2.694844663286844e-05,-2.694844663286844e-05,-2.694844663286844e-05
3,0,1,2.551051051051051,-2.878748201373682e-05,-2.878748201373682e-05,-2.878748201373682e-05
3,0,1,2.5495495495495497,-3.082695902345556e-05,-3.082695902345556e-05,-3.082695902345556e-05
3,0,1,2.548048048048048,-3.2889551234038805e-05,-3.2889551234038805e-05,-3.2889551234038805e-05
3,0,1,2.5465465465465464,-3.488509670646067e-05,-3.488509670646067e-05,-3.488509670646067e-05
3,0,1,2.545045045045045,-3.678241292903728e-05,-3.678241292903728e-05,-3.678241292903728e-05
3,0,1,2.5435435435435436,-3.855142649444865e-05,-3.855142649444865e-05,-3.855142649444865e-05
3,0,1,2.542042042042042,-4.0138434419745295e-05,-4.0138434419745295e-05,-4.0138434419745295e-05
3,0,1,2.5405405405405403,-4.141138054269966e-05,-4.141138054269966e-05,-4.141138054269966e-05
3,0,1,2.539039039039039,-4.222198977155145e-05,-4.222198977155145e-05,-4.222198977155145e-05
3,0,1,2.5375375375375375,-4.2495459695590654e-05,-4.2495459695590654e-05,-4.2495459695590654e-05
3,0,1,2.536036036036036,-4.2518190268570066e-05,-4.2518190268570066e-05,-4.2518190268570066e-05
3,0,1,2.5345345345345347,-4.2687394807838785e-05,-4.2687394807838785e-05,-4.2687394807838785e-05
3,0,1,2.533033033033033,-4.339850304257986e-05,-4.339850304257986e-05,-4.339850304257986e-05
3,0,1,2.5315315315315314,-4.492925720644969e-05,-4.492925720644969e-05,-4.492925720644969e-05
3,0,1,2.53003003003003,-4.736966467921988e-05,-4.736966467921988e-05,-4.736966467921988e-05
3,0,1,2.5285285285285286,-5.079228234428079e-05,-5.079228234428079e-05,-5.079228234428079e-05
3,0,1,2.527027027027027,-5.511080290787618e-05,-5.511080290787618e-05,-5.511080290787618e-05
3,0,1,2.5255255255255253,-5.9875046818813615e-05,-5.9875046818813615e-05,-5.9875046818813615e-05
3,0,1,2.524024024024024,-6.458410555376659e-05,-6.458410555376659e-05,-6.458410555376659e-05
3,0,1,2.5225225225225225,-6.874334069939536e-05,-6.874334069939536e-05,-6.874334069939536e-05
3,0,1,2.521021021021021,-7.194202608951095e-05,-7.194202608951095e-05,-7.194202608951095e-05
3,0,1,2.5195195195195197,-7.382931200017318e-05,-7.382931200017318e-05,-7.382931200017318e-05
3,0,1,2.518018018018018,-7.405697730789029e-05,-7.405697730789029e-05,-7.405697730789029e-05
3,0,1,2.5165165165165164,-7.23836101097497e-05,-7.23836101097497e-05,-7.23836101097497e-05
3,0,1,2.515015015015015,-6.875073504120088e-05,-6.875073504120088e-05,-6.875073504120088e-05
3,0,1,2.5135135135135136,-6.311783618961897e-05,-6.311783618961897e-05,-6.311783618961897e-05
3,0,1,2.512012012012012,-5.551636034328844e-05,-5.551636034328844e-05,-5.551636034328844e-05
3,0,1,2.5105105105105103,-4.659600482193049e-05,-4.659600482193049e-05,-4.659600482193049e-05
3,0,1,2.509009009009009,-3.7321402631462774e-05,-3.7321402631462774e-05,-3.7321402631462774e-05
3,0,1,2.5075075075075075,-2.865754142455934e-05,-2.865754142455934e-05,-2.865754142455934e-05
3,0,1,2.506006006006006,-2.1491689436770045e-05,-2.1491689436770045e-05,-2.1491689436770045e-05
3,0,1,2.5045045045045047,-1.6613387737729468e-05,-1.6613387737729468e-05,-1.6613387737729468e-05
3,0,1,2.503003003003003,-1.48059614852869e-05,-1.48059614852869e-05,-1.48059614852869e-05
3,0,1,2.5015015015015014,-1.6645441623275303e-05,-1.6645441623275303e-05,-1.6645441623275303e-05
3,0,1,2.5,-2.1419809846712212e-05,-2.1419809846712212e-05,-2.1419809846712212e-05
3,0,1,2.4984984984984986,-2.7923066677981723e-05,-2.7923066677981723e-05,-2.7923066677981723e-05
3,0,1,2.496996996996997,-3.496380491796458e-05,-3.496380491796458e-05,-3.496380491796458e-05
3,0,1,2.4954954954954953,-4.156281090494929e-05,-4.156281090494929e-05,-4.156281090494929e-05
3,0,1,2.493993993993994,-4.6893966562766565e-05,-4.6893966562766565e-05,-4.6893966562766565e-05
3,0,1,2.4924924924924925,-5.013545954080101e-05,-5.013545954080101e-05,-5.013545954080101e-05
3,0,1,2.490990990990991,-5.089126746504746e-05,-5.089126746504746e-05,-5.089126746504746e-05
3,0,1,2.4894894894894897,-4.986693429565037e-05,-4.986693429565037e-05,-4.986693429565037e-05
3,0,1,2.487987987987988,-4.7943784750481555e-05,-4.7943784750481555e-05,-4.7943784750481555e-05
3,0,1,2.4864864864864864,-4.592833859007328e-05,-4.592833859007328e-05,-4.592833859007328e-05
3,0,1,2.484984984984985,-4.410356574102714e-05,-4.410356574102714e-05,-4.410356574102714e-05
3,0,1,2.4834834834834836,-4.252877563382107e-05,-4.252877563382107e-05,-4.252877563382107e-05
3,0,1,2.481981981981982,-4.125869945559302e-05,-4.125869945559302e-05,-4.125869945559302e-05
3,0,1,2.4804804804804803,-4.0148206544410314e-05,-4.0148206544410314e-05,-4.0148206544410314e-05
3,0,1,2.478978978978979,-3.8755677496782326e-05,-3.8755677496782326e-05,-3.8755677496782326e-05
3,0,1,2.4774774774774775,-3.6615481719737275e-05,-3.6615481719737275e-05,-3.6615481719737275e-05
3,0,1,2.475975975975976,-3.34134785884288e-05,-3.34134785884288e-05,-3.34134785884288e-05
3,0,1,2.4744744744744747,-2.9660465470815467e-05,-2.9660465470815467e-05,-2.9660465470815467e-05
3,0,1,2.472972972972973,-2.6146674688920513e-05,-2.6146674688920513e-05,-2.6146674688920513e-05
3,0,1,2.4714714714714714,-2.3641005130414783e-05,-2.3641005130414783e-05,-2.3641005130414783e-05
3,0,1,2.46996996996997,-2.2641822589930527e-05,-2.2641822589930527e-05,-2.2641822589930527e-05
3,0,1,2.4684684684684686,-2.3462999222179093e-05,-2.3462999222179093e-05,-2.3462999222179093e-05
3,0,1,2.466966966966967,-2.6414852368761288e-05,-2.6414852368761288e-05,-2.6414852368761288e-05
3,0,1,2.4654654654654653,-3.167368110301716e-05,-3.167368110301716e-05,-3.167368110301716e-05
3,0,1,2.463963963963964,-3.86315902305423e-05,-3.86315902305423e-05,-3.86315902305423e-05
3,0,1,2.4624624624624625,-4.639630327107902e-05,-4.639630327107902e-05,-4.639630327107902e-05
3,0,1,2.460960960960961,-5.412063988585736e-05,-5.412063988585736e-05,-5.412063988585736e-05
3,0,1,2.4594594594594597,-6.137957693397311e-05,-6.137957693397311e-05,-6.137957693397311e-05
3,0,1,2.457957957957958,-6.797708270411817e-05,-6.797708270411817e-05,-6.797708270411817e-05
3,0,1,2.4564564564564564,-7.371939386824344e-05,-7.371939386824344e-05,-7.371939386824344e-05
3,0,1,2.454954954954955,-7.843068568780254e-05,-7.843068568780254e-05,-7.843068568780254e-05
3,0,1,2.4534534534534536,-8.201885041514423e-05,-8.201885041514423e-05,-8.201885041514423e-05
3,0,1,2.451951951951952,-8.44161825992451e-05,-8.44161825992451e-05,-8.44161825992451e-05
3,0,1,2.4504504504504503,-8.552718048648877e-05,-8.552718048648877e-05,-8.552718048648877e-05
3,0,1,2.448948948948949,-8.507299712245953e-05,-8.507299712245953e-05,-8.507299712245953e-05
3,0,1,2.4474474474474475,-8.270052781322867e-05,-8.270052781322867e-05,-8.270052781322867e-05
3,0,1,2.445945945945946,-7.805677726269167e-05,-7.805677726269167e-05,-7.805677726269167e-05
3,0,1,2.4444444444444446,-7.109128565740974e-05,-7.109128565740974e-05,-7.109128565740974e-05
3,0,1,2.442942942942943,-6.261841957866388e-05,-6.261841957866388e-05,-6.261841957866388e-05
3,0,1,2.4414414414414414,-5.360608469096029e-05,-5.360608469096029e-05,-5.360608469096029e-05
3,0,1,2.43993993993994,-4.500360472414755e-05,-4.500360472414755e-05,-4.500360472414755e-05
3,0,1,2.4384384384384385,-3.764710249587466e-05,-3.764710249587466e-05,-3.764710249587466e-05
3,0,1,2.436936936936937,-3.233007471625804e-05,-3.233007471625804e-05,-3.233007471625804e-05
3,0,1,2.4354354354354353,-2.9840555093807453e-05,-2.9840555093807453e-05,-2.9840555093807453e-05
3,0,1,2.433933933933934,-3.0322152983597306e-05,-3.0322152983597306e-05,-3.0322152983597306e-05
3,0,1,2.4324324324324325,-3.2670770049980646e-05,-3.2670770049980646e-05,-3.2670770049980646e-05
3,0,1,2.4309309309309306,-3.563949159079982e-05,-3.563949159079982e-05,-3.563949159079982e-05
3,0,1,2.4294294294294296,-3.8031996036691496e-05,-3.8031996036691496e-05,-3.8031996036691496e-05
3,0,1,2.4279279279279278,-3.899297917242528e-05,-3.899297917242528e-05,-3.899297917242528e-05
3,0,1,2.4264264264264264,-3.780799548414038e-05,-3.780799548414038e-05,-3.780799548414038e-05
3,0,1,2.424924924924925,-3.376776768271306e-05,-3.376776768271306e-05,-3.376776768271306e-05
3,0,1,2.423423423423423,-2.6823542276455115e-05,-2.6823542276455115e-05,-2.6823542276455115e-05
3,0,1,2.421921921921922,-1.826026798390501e-05,-1.826026798390501e-05,-1.826026798390501e-05
3,0,1,2.4204204204204203,-9.52347358706973e-06,-9.52347358706973e-06,-9.52347358706973e-06
3,0,1,2.418918918918919,-1.9874725916135816e-06,-1.9874725916135816e-06,-1.9874725916135816e-06
3,0,1,2.4174174174174174,3.461163044615745e-06,3.461163044615745e-06,3.461163044615745e-06
3,0,1,2.4159159159159156,6.140233503870718e-06,6.140233503870718e-06,6.140233503870718e-06
3,0,1,2.4144144144144146,5.382429522082788e-06,5.382429522082788e-06,5.382429522082788e-06
3,0,1,2.4129129129129128,1.1844618004186458e-06,1.1844618004186458e-06,1.1844618004186458e-06
3,0,1,2.4114114114114114,-5.523201130452904e-06,-5.523201130452904e-06,-5.523201130452904e-06
3,0,1,2.40990990990991,-1.373997497822188e-05,-1.373997497822188e-05,-1.373997497822188e-05
3,0,1,2.408408408408408,-2.2516818800388805e-05,-2.2516818800388805e-05,-2.2516818800388805e-05
3,0,1,2.406906906906907,-3.1154324782844967e-05,-3.1154324782844967e-05,-3.1154324782844967e-05
3,0,1,2.4054054054054053,-3.9028555531173126e-05,-3.9028555531173126e-05,-3.9028555531173126e-05
3,0,1,2.403903903903904,-4.551565950716707e-05,-4.551565950716707e-05,-4.551565950716707e-05
3,0,1,2.4024024024024024,-5.006158661657878e-05,-5.006158661657878e-05,-5.006158661657878e-05
3,0,1,2.4009009009009006,-5.231320253717975e-05,-5.231320253717975e-05,-5.231320253717975e-05
3,0,1,2.3993993993993996,-5.195331393736957e-05,-5.195331393736957e-05,-5.195331393736957e-05
3,0,1,2.3978978978978978,-4.882557567498225e-05,-4.882557567498225e-05,-4.882557567498225e-05
3,0,1,2.3963963963963963,-4.334017390217326e-05,-4.334017390217326e-05,-4.334017390217326e-05
3,0,1,2.394894894894895,-3.603195989021479e-05,-3.603195989021479e-05,-3.603195989021479e-05
3,0,1,2.393393393393393,-2.744621643469003e-05,-2.744621643469003e-05,-2.744621643469003e-05
3,0,1,2.391891891891892,-1.8561189031318648e-05,-1.8561189031318648e-05,-1.8561189031318648e-05
3,0,1,2.3903903903903903,-1.0933965599368989e-05,-1.0933965599368989e-05,-1.0933965599368989e-05
3,0,1,2.388888888888889,-6.148864757360428e-06,-6.148864757360428e-06,-6.148864757360428e-06
3,0,1,2.3873873873873874,-4.968098717972325e-06,-4.968098717972325e-06,-4.968098717972325e-06
3,0,1,2.3858858858858856,-6.860209998071909e-06,-6.860209998071909e-06,-6.860209998071909e-06
3,0,1,2.3843843843843846,-1.1180158415058372e-05,-1.1180158415058372e-05,-1.1180158415058372e-05
3,0,1,2.3828828828828827,-1.727267315754233e-05,-1.727267315754233e-05,-1.727267315754233e-05
3,0,1,2.3813813813813813,-2.3992521374527342e-05,-2.3992521374527342e-05,-2.3992521374527342e-05
3,0,1,2.37987987987988,-2.949879967362179e-05,-2.949879967362179e-05,-2.949879967362179e-05
3,0,1,2.378378378378378,-3.1999817125427654e-05,-3.1999817125427654e-05,-3.1999817125427654e-05
3,0,1,2.376876876876877,-3.129056827178012e-05,-3.129056827178012e-05,-3.129056827178012e-05
3,0,1,2.3753753753753752,-2.841774909656536e-05,-2.841774909656536e-05,-2.841774909656536e-05
3,0,1,2.373873873873874,-2.4462051682716535e-05,-2.4462051682716535e-05,-2.4462051682716535e-05
3,0,1,2.3723723723723724,-2.051393283974967e-05,-2.051393283974967e-05,-2.051393283974967e-05
3,0,1,2.3708708708708706,-1.7786120651397397e-05,-1.7786120651397397e-05,-1.7786120651397397e-05
3,0,1,2.3693693693693696,-1.7574595179370434e-05,-1.7574595179370434e-05,-1.7574595179370434e-05
3,0,1,2.3678678678678677,-2.1030498770002737e-05,-2.1030498770002737e-05,-2.1030498770002737e-05
3,0,1,2.3663663663663663,-2.7536110398518332e-05,-2.7536110398518332e-05,-2.7536110398518332e-05
3,0,1,2.364864864864865,-3.530008907026705e-05,-3.530008907026705e-05,-3.530008907026705e-05
3,0,1,2.363363363363363,-4.2510024045316896e-05,-4.2510024045316896e-05,-4.2510024045316896e-05
3,0,1,2.361861861861862,-4.7386457862286235e-05,-4.7386457862286235e-05,-4.7386457862286235e-05
3,0,1,2.3603603603603602,-4.868608585129053e-05,-4.868608585129053e-05,-4.868608585129053e-05
3,0,1,2.358858858858859,-4.560153764887609e-05,-4.560153764887609e-05,-4.560153764887609e-05
3,0,1,2.3573573573573574,-3.74554867708099e-05,-3.74554867708099e-05,-3.74554867708099e-05
3,0,1,2.3558558558558556,-2.5269161710417265e-05,-2.5269161710417265e-05,-2.5269161710417265e-05
3,0,1,2.3543543543543546,-1.134222385323902e-05,-1.134222385323902e-05,-1.134222385323902e-05
3,0,1,2.3528528528528527,1.994418457940128e-06,1.994418457940128e-06,1.994418457940128e-06
3,0,1,2.3513513513513513,1.2440512926037428e-05,1.2440512926037428e-05,1.2440512926037428e-05
3,0,1,2.34984984984985,1.845949267642588e-05,1.845949267642588e-05,1.845949267642588e-05
3,0,1,2.348348348348348,1.9312521996051046e-05,1.9312521996051046e-05,1.9312521996051046e-05
3,0,1,2.346846846846847,1.4573927697103528e-05,1.4573927697103528e-05,1.4573927697103528e-05
3,0,1,2.3453453453453452,5.467721511331902e-06,5.467721511331902e-06,5.467721511331902e-06
3,0,1,2.343843843843844,-6.171174120161993e-06,-6.171174120161993e-06,-6.171174120161993e-06
3,0,1,2.3423423423423424,-1.8506844132959444e-05,-1.8506844132959444e-05,-1.8506844132959444e-05
3,0,1,2.3408408408408405,-2.9724254398066918e-05,-2.9724254398066918e-05,-2.9724254398066918e-05
3,0,1,2.3393393393393396,-3.866518378381478e-05,-3.866518378381478e-05,-3.866518378381478e-05
3,0,1,2.3378378378378377,-4.4944474719921246e-05,-4.4944474719921246e-05,-4.4944474719921246e-05
3,0,1,2.3363363363363363,-4.829803415562495e-05,-4.829803415562495e-05,-4.829803415562495e-05
3,0,1,2.334834834834835,-4.9168545082967086e-05,-4.9168545082967086e-05,-4.9168545082967086e-05
3,0,1,2.333333333333333,-4.837975944238515e-05,-4.837975944238515e-05,-4.837975944238515e-05
3,0,1,2.331831831831832,-4.675912809992688e-05,-4.675912809992688e-05,-4.675912809992688e-05
3,0,1,2.33033033033033,-4.5122860330648606e-05,-4.5122860330648606e-05,-4.5122860330648606e-05
3,0,1,2.328828828828829,-4.3913550914709276e-05,-4.3913550914709276e-05,-4.3913550914709276e-05
3,0,1,2.3273273273273274,-4.312224709579482e-05,-4.312224709579482e-05,-4.312224709579482e-05
3,0,1,2.3258258258258255,-4.268963135922732e-05,-4.268963135922732e-05,-4.268963135922732e-05
3,0,1,2.3243243243243246,-4.2367287398592524e-05,-4.2367287398592524e-05,-4.2367287398592524e-05
3,0,1,2.3228228228228227,-4.181515169876526e-05,-4.181515169876526e-05,-4.181515169876526e-05
3,0,1,2.3213213213213213,-4.069255837513275e-05,-4.069255837513275e-05,-4.069255837513275e-05
3,0,1,2.31981981981982,-3.8662670183153836e-05,-3.8662670183153836e-05,-3.8662670183153836e-05
3,0,1,2.318318318318318,-3.558610606635426e-05,-3.558610606635426e-05,-3.558610606635426e-05
3,0,1,2.316816816816817,-3.161230587722663e-05,-3.161230587722663e-05,-3.161230587722663e-05
3,0,1,2.315315315315315,-2.693404675135902e-05,-2.693404675135902e-05,-2.693404675135902e-05
3,0,1,2.313813813813814,-2.205903617324978e-05,-2.205903617324978e-05,-2.205903617324978e-05
3,0,1,2.3123123123123124,-1.7742441339452242e-05,-1.7742441339452242e-05,-1.7742441339452242e-05
3,0,1,2.3108108108108105,-1.4746092163786528e-05,-1.4746092163786528e-05,-1.4746092163786528e-05
3,0,1,2.3093093093093096,-1.3831818560738895e-05,-1.3831818560738895e-05,-1.3831818560738895e-05
3,0,1,2.3078078078078077,-1.562982578118266e-05,-1.562982578118266e-05,-1.562982578118266e-05
3,0,1,2.3063063063063063,-2.0075579475253846e-05,-2.0075579475253846e-05,-2.0075579475253846e-05
3,0,1,2.304804804804805,-2.6859413191360204e-05,-2.6859413191360204e-05,-2.6859413191360204e-05
3,0,1,2.303303303303303,-3.52457743006962e-05,-3.52457743006962e-05,-3.52457743006962e-05
3,0,1,2.301801801801802,-4.404959898773875e-05,-4.404959898773875e-05,-4.404959898773875e-05
3,0,1,2.3003003003003,-5.206431439108705e-05,-5.206431439108705e-05,-5.206431439108705e-05
3,0,1,2.298798798798799,-5.808334764867418e-05,-5.808334764867418e-05,-5.808334764867418e-05
3,0,1,2.2972972972972974,-6.0937192685406316e-05,-6.0937192685406316e-05,-6.0937192685406316e-05
3,0,1,2.2957957957957955,-6.033349627920792e-05,-6.033349627920792e-05,-6.033349627920792e-05
3,0,1,2.2942942942942945,-5.687867227743837e-05,-5.687867227743837e-05,-5.687867227743837e-05
3,0,1,2.2927927927927927,-5.1435333073834855e-05,-5.1435333073834855e-05,-5.1435333073834855e-05
3,0,1,2.2912912912912913,-4.510653676637055e-05,-4.510653676637055e-05,-4.510653676637055e-05
3,0,1,2.28978978978979,-3.900789332678123e-05,-3.900789332678123e-05,-3.900789332678123e-05
3,0,1,2.288288288288288,-3.425501272680265e-05,-3.425501272680265e-05,-3.425501272680265e-05
3,0,1,2.286786786786787,-3.1880492843416874e-05,-3.1880492843416874e-05,-3.1880492843416874e-05
3,0,1,2.285285285285285,-3.1963283783076335e-05,-3.1963283783076335e-05,-3.1963283783076335e-05
3,0,1,2.2837837837837838,-3.3968668714745576e-05,-3.3968668714745576e-05,-3.3968668714745576e-05
3,0,1,2.2822822822822824,-3.7273688452410525e-05,-3.7273688452410525e-05,-3.7273688452410525e-05
3,0,1,2.2807807807807805,-4.118141569153799e-05,-4.118141569153799e-05,-4.118141569153799e-05
3,0,1,2.2792792792792795,-4.499202791174994e-05,-4.499202791174994e-05,-4.499202791174994e-05
3,0,1,2.2777777777777777,-4.800570259266834e-05,-4.800570259266834e-05,-4.800570259266834e-05
3,0,1,2.2762762762762763,-4.9568782211517615e-05,-4.9568782211517615e-05,-4.9568782211517615e-05
3,0,1,2.274774774774775,-4.944337473911098e-05,-4.944337473911098e-05,-4.944337473911098e-05
3,0,1,2.273273273273273,-4.761367030248209e-05,-4.761367030248209e-05,-4.761367030248209e-05
3,0,1,2.271771771771772,-4.425090296678036e-05,-4.425090296678036e-05,-4.425090296678036e-05
3,0,1,2.27027027027027,-3.9861501142102185e-05,-3.9861501142102185e-05,-3.9861501142102185e-05
3,0,1,2.2687687687687688,-3.49872329048484e-05,-3.49872329048484e-05,-3.49872329048484e-05
3,0,1,2.2672672672672673,-3.016986633164187e-05,-3.016986633164187e-05,-3.016986633164187e-05
3,0,1,2.2657657657657655,-2.5951301674931315e-05,-2.5951301674931315e-05,-2.5951301674931315e-05
3,0,1,2.2642642642642645,-2.2908996444082064e-05,-2.2908996444082064e-05,-2.2908996444082064e-05
3,0,1,2.2627627627627627,-2.170380657262605e-05,-2.170380657262605e-05,-2.170380657262605e-05
3,0,1,2.2612612612612613,-2.2957526448985632e-05,-2.2957526448985632e-05,-2.2957526448985632e-05
3,0,1,2.25975975975976,-2.668452045972991e-05,-2.668452045972991e-05,-2.668452045972991e-05
3,0,1,2.258258258258258,-3.250026228629466e-05,-3.250026228629466e-05,-3.250026228629466e-05
3,0,1,2.256756756756757,-4.001325572700054e-05,-4.001325572700054e-05,-4.001325572700054e-05
3,0,1,2.255255255255255,-4.883200457928005e-05,-4.883200457928005e-05,-4.883200457928005e-05
3,0,1,2.2537537537537538,-5.846524925789964e-05,-5.846524925789964e-05,-5.846524925789964e-05
3,0,1,2.2522522522522523,-6.777072600150369e-05,-6.777072600150369e-05,-6.777072600150369e-05
3,0,1,2.2507507507507505,-7.534504197104219e-05,-7.534504197104219e-05,-7.534504197104219e-05
3,0,1,2.2492492492492495,-7.993996529354064e-05,-7.993996529354064e-05,-7.993996529354064e-05
3,0,1,2.2477477477477477,-8.10443458540977e-05,-8.10443458540977e-05,-8.10443458540977e-05
3,0,1,2.2462462462462462,-7.836470725530731e-05,-7.836470725530731e-05,-7.836470725530731e-05
3,0,1,2.244744744744745,-7.160760510815933e-05,-7.160760510815933e-05,-7.160760510815933e-05
3,0,1,2.243243243243243,-6.051158106967769e-05,-6.051158106967769e-05,-6.051158106967769e-05
3,0,1,2.241741741741742,-4.575445844667847e-05,-4.575445844667847e-05,-4.575445844667847e-05
3,0,1,2.24024024024024,-2.9082666532787016e-05,-2.9082666532787016e-05,-2.9082666532787016e-05
3,0,1,2.2387387387387387,-1.2291175651713004e-05,-1.2291175651713004e-05,-1.2291175651713004e-05
3,0,1,2.2372372372372373,3.057527414362937e-06,3.057527414362937e-06,3.057527414362937e-06
3,0,1,2.2357357357357355,1.5642242022106956e-05,1.5642242022106956e-05,1.5642242022106956e-05
3,0,1,2.2342342342342345,2.4152973683966295e-05,2.4152973683966295e-05,2.4152973683966295e-05
3,0,1,2.2327327327327327,2.7279729376772366e-05,2.7279729376772366e-05,2.7279729376772366e-05
3,0,1,2.2312312312312312,2.4169792595118977e-05,2.4169792595118977e-05,2.4169792595118977e-05
3,0,1,2.22972972972973,1.5719281605264257e-05,1.5719281605264257e-05,1.5719281605264257e-05
3,0,1,2.228228228228228,3.242328784569537e-06,3.242328784569537e-06,3.242328784569537e-06
3,0,1,2.226726726726727,-1.1862375086879595e-05,-1.1862375086879595e-05,-1.1862375086879595e-05
3,0,1,2.225225225225225,-2.7842684751755442e-05,-2.7842684751755442e-05,-2.7842684751755442e-05
3,0,1,2.2237237237237237,-4.285411642501735e-05,-4.285411642501735e-05,-4.285411642501735e-05
3,0,1,2.2222222222222223,-5.505708037989443e-05,-5.505708037989443e-05,-5.505708037989443e-05
3,0,1,2.2207207207207205,-6.321169220724343e-05,-6.321169220724343e-05,-6.321169220724343e-05
3,0,1,2.2192192192192195,-6.724683518033459e-05,-6.724683518033459e-05,-6.724683518033459e-05
3,0,1,2.2177177177177176,-6.722719749330253e-05,-6.722719749330253e-05,-6.722719749330253e-05
3,0,1,2.2162162162162162,-6.353281185855764e-05,-6.353281185855764e-05,-6.353281185855764e-05
3,0,1,2.214714714714715,-5.7313171889283865e-05,-5.7313171889283865e-05,-5.7313171889283865e-05
3,0,1,2.213213213213213,-4.983292601878908e-05,-4.983292601878908e-05,-4.983292601878908e-05
3,0,1,2.211711711711712,-4.233866144676135e-05,-4.233866144676135e-05,-4.233866144676135e-05
3,0,1,2.21021021021021,-3.5741099846164914e-05,-3.5741099846164914e-05,-3.5741099846164914e-05
3,0,1,2.2087087087087087,-3.0654117601836006e-05,-3.0654117601836006e-05,-3.0654117601836006e-05
3,0,1,2.2072072072072073,-2.7669168854993487e-05,-2.7669168854993487e-05,-2.7669168854993487e-05
3,0,1,2.2057057057057055,-2.697910046678409e-05,-2.697910046678409e-05,-2.697910046678409e-05
3,0,1,2.2042042042042045,-2.82989598143768e-05,-2.82989598143768e-05,-2.82989598143768e-05
3,0,1,2.2027027027027026,-3.1315590221625556e-05,-3.1315590221625556e-05,-3.1315590221625556e-05
3,0,1,2.201201201201201,-3.571401830693155e-05,-3.571401830693155e-05,-3.571401830693155e-05
3,0,1,2.1996996996997,-4.11558660300404e-05,-4.11558660300404e-05,-4.11558660300404e-05
3,0,1,2.198198198198198,-4.728649435437049e-05,-4.728649435437049e-05,-4.728649435437049e-05
3,0,1,2.196696696696697,-5.375091185255698e-05,-5.375091185255698e-05,-5.375091185255698e-05
3,0,1,2.195195195195195,-6.017467950369948e-05,-6.017467950369948e-05,-6.017467950369948e-05
3,0,1,2.1936936936936937,-6.61288576400132e-05,-6.61288576400132e-05,-6.61288576400132e-05
3,0,1,2.1921921921921923,-7.117503138420744e-05,-7.117503138420744e-05,-7.117503138420744e-05
3,0,1,2.1906906906906904,-7.487484815738021e-05,-7.487484815738021e-05,-7.487484815738021e-05
3,0,1,2.1891891891891895,-7.6858289806081e-05,-7.6858289806081e-05,-7.6858289806081e-05
3,0,1,2.1876876876876876,-7.695413829922337e-05,-7.695413829922337e-05,-7.695413829922337e-05
3,0,1,2.186186186186186,-7.502712733975514e-05,-7.502712733975514e-05,-7.502712733975514e-05
3,0,1,2.184684684684685,-7.094274429908509e-05,-7.094274429908509e-05,-7.094274429908509e-05
3,0,1,2.183183183183183,-6.480462473001936e-05,-6.480462473001936e-05,-6.480462473001936e-05
3,0,1,2.181681681681682,-5.7292648385498524e-05,-5.7292648385498524e-05,-5.7292648385498524e-05
3,0,1,2.18018018018018,-4.917213522737107e-05,-4.917213522737107e-05,-4.917213522737107e-05
3,0,1,2.1786786786786787,-4.119377446221151e-05,-4.119377446221151e-05,-4.119377446221151e-05
3,0,1,2.1771771771771773,-3.3941147158156326e-05,-3.3941147158156326e-05,-3.3941147158156326e-05
3,0,1,2.1756756756756754,-2.789141843195786e-05,-2.789141843195786e-05,-2.789141843195786e-05
3,0,1,2.1741741741741745,-2.3520041467106623e-05,-2.3520041467106623e-05,-2.3520041467106623e-05
3,0,1,2.1726726726726726,-2.125404687625121e-05,-2.125404687625121e-05,-2.125404687625121e-05
3,0,1,2.171171171171171,-2.0900099988008236e-05,-2.0900099988008236e-05,-2.0900099988008236e-05
3,0,1,2.16966966966967,-2.183554471568705e-05,-2.183554471568705e-05,-2.183554471568705e-05
3,0,1,2.168168168168168,-2.342788350295777e-05,-2.342788350295777e-05,-2.342788350295777e-05
3,0,1,2.166666666666667,-2.503388757069125e-05,-2.503388757069125e-05,-2.503388757069125e-05
3,0,1,2.165165165165165,-2.6004894075670748e-05,-2.6004894075670748e-05,-2.6004894075670748e-05
3,0,1,2.1636636636636637,-2.5692197922255744e-05,-2.5692197922255744e-05,-2.5692197922255744e-05
3,0,1,2.1621621621621623,-2.3498810337585496e-05,-2.3498810337585496e-05,-2.3498810337585496e-05
3,0,1,2.1606606606606604,-1.9473223333399403e-05,-1.9473223333399403e-05,-1.9473223333399403e-05
3,0,1,2.1591591591591595,-1.410240555821396e-05,-1.410240555821396e-05,-1.410240555821396e-05
3,0,1,2.1576576576576576,-7.893446705153906e-06,-7.893446705153906e-06,-7.893446705153906e-06
3,0,1,2.156156156156156,-1.561775545111388e-06,-1.561775545111388e-06,-1.561775545111388e-06
3,0,1,2.1546546546546548,3.998402095639619e-06,3.998402095639619e-06,3.998402095639619e-06
3,0,1,2.153153153153153,7.887080201163243e-06,7.887080201163243e-06,7.887080201163243e-06
3,0,1,2.151651651651652,9.317152841470389e-06,9.317152841470389e-06,9.317152841470389e-06
3,0,1,2.15015015015015,8.134844005303066e-06,8.134844005303066e-06,8.134844005303066e-06
3,0,1,2.1486486486486487,4.407072587531147e-06,4.407072587531147e-06,4.407072587531147e-06
3,0,1,2.1471471471471473,-1.7731332295767288e-06,-1.7731332295767288e-06,-1.7731332295767288e-06
3,0,1,2.1456456456456454,-9.939550481119497e-06,-9.939550481119497e-06,-9.939550481119497e-06
3,0,1,2.1441441441441444,-1.934571296469123e-05,-1.934571296469123e-05,-1.934571296469123e-05
3,0,1,2.1426426426426426,-2.9238340968129606e-05,-2.9238340968129606e-05,-2.9238340968129606e-05
3,0,1,2.141141141141141,-3.886415923481934e-05,-3.886415923481934e-05,-3.886415923481934e-05
3,0,1,2.1396396396396398,-4.751682846104721e-05,-4.751682846104721e-05,-4.751682846104721e-05
3,0,1,2.138138138138138,-5.465273320148789e-05,-5.465273320148789e-05,-5.465273320148789e-05
3,0,1,2.136636636636637,-5.976351153091919e-05,-5.976351153091919e-05,-5.976351153091919e-05
3,0,1,2.135135135135135,-6.24988213273614e-05,-6.24988213273614e-05,-6.24988213273614e-05
3,0,1,2.1336336336336337,-6.305997859556989e-05,-6.305997859556989e-05,-6.305997859556989e-05
3,0,1,2.1321321321321323,-6.17686104273929e-05,-6.17686104273929e-05,-6.17686104273929e-05
3,0,1,2.1306306306306304,-5.894634391534481e-05,-5.894634391534481e-05,-5.894634391534481e-05
3,0,1,2.1291291291291294,-5.4952736293190085e-05,-5.4952736293190085e-05,-5.4952736293190085e-05
3,0,1,2.1276276276276276,-5.040679955214955e-05,-5.040679955214955e-05,-5.040679955214955e-05
3,0,1,2.126126126126126,-4.6036013456429714e-05,-4.6036013456429714e-05,-4.6036013456429714e-05
3,0,1,2.1246246246246248,-4.238769515985119e-05,-4.238769515985119e-05,-4.238769515985119e-05
3,0,1,2.123123123123123,-3.946898746232108e-05,-3.946898746232108e-05,-3.946898746232108e-05
3,0,1,2.121621621621622,-3.718643495220775e-05,-3.718643495220775e-05,-3.718643495220775e-05
3,0,1,2.12012012012012,-3.5446582218101597e-05,-3.5446582218101597e-05,-3.5446582218101597e-05
3,0,1,2.1186186186186187,-3.4151490416300945e-05,-3.4151490416300945e-05,-3.4151490416300945e-05
3,0,1,2.1171171171171173,-3.305306595402513e-05,-3.305306595402513e-05,-3.305306595402513e-05
3,0,1,2.1156156156156154,-3.172107670246227e-05,-3.172107670246227e-05,-3.172107670246227e-05
3,0,1,2.1141141141141144,-2.9731986690650913e-05,-2.9731986690650913e-05,-2.9731986690650913e-05
3,0,1,2.1126126126126126,-2.7035192089686078e-05,-2.7035192089686078e-05,-2.7035192089686078e-05
3,0,1,2.111111111111111,-2.3935536987540473e-05,-2.3935536987540473e-05,-2.3935536987540473e-05
3,0,1,2.1096096096096097,-2.075201731255305e-05,-2.075201731255305e-05,-2.075201731255305e-05
3,0,1,2.108108108108108,-1.7803628991952536e-05,-1.7803628991952536e-05,-1.7803628991952536e-05
3,0,1,2.106606606606607,-1.5394377864241804e-05,-1.5394377864241804e-05,-1.5394377864241804e-05
3,0,1,2.105105105105105,-1.371304121144945e-05,-1.371304121144945e-05,-1.371304121144945e-05
3,0,1,2.1036036036036037,-1.2894959493747749e-05,-1.2894959493747749e-05,-1.2894959493747749e-05
3,0,1,2.1021021021021022,-1.3071821252319538e-05,-1.3071821252319538e-05,-1.3071821252319538e-05
3,0,1,2.1006006006006004,-1.405528647802079e-05,-1.405528647802079e-05,-1.405528647802079e-05
3,0,1,2.0990990990990994,-1.5077249134520798e-05,-1.5077249134520798e-05,-1.5077249134520798e-05
3,0,1,2.0975975975975976,-1.5308474228037383e-05,-1.5308474228037383e-05,-1.5308474228037383e-05
3,0,1,2.096096096096096,-1.3919726765232454e-05,-1.3919726765232454e-05,-1.3919726765232454e-05
3,0,1,2.0945945945945947,-1.0204509447442334e-05,-1.0204509447442334e-05,-1.0204509447442334e-05
3,0,1,2.093093093093093,-3.991873440467586e-06,-3.991873440467586e-06,-3.991873440467586e-06
3,0,1,2.091591591591592,4.743099035753318e-06,4.743099035753318e-06,4.743099035753318e-06
3,0,1,2.09009009009009,1.6020848963904655e-05,1.6020848963904655e-05,1.6020848963904655e-05
3,0,1,2.0885885885885886,2.9290529369285778e-05,2.9290529369285778e-05,2.9290529369285778e-05
3,0,1,2.0870870870870872,4.2875259609331806e-05,4.2875259609331806e-05,4.2875259609331806e-05
3,0,1,2.0855855855855854,5.496645097036179e-05,5.496645097036179e-05,5.496645097036179e-05
3,0,1,2.0840840840840844,6.375551473913887e-05,6.375551473913887e-05,6.375551473913887e-05
3,0,1,2.0825825825825826,6.760697456131837e-05,6.760697456131837e-05,6.760697456131837e-05
3,0,1,2.081081081081081,6.579773126480504e-05,6.579773126480504e-05,6.579773126480504e-05
3,0,1,2.0795795795795797,5.7951211355877774e-05,5.7951211355877774e-05,5.7951211355877774e-05
3,0,1,2.078078078078078,4.486113176049855e-05,4.486113176049855e-05,4.486113176049855e-05
3,0,1,2.076576576576577,2.8542698211397877e-05,2.8542698211397877e-05,2.8542698211397877e-05
3,0,1,2.075075075075075,1.1068424923710296e-05,1.1068424923710296e-05,1.1068424923710296e-05
3,0,1,2.0735735735735736,-5.4896490975231416e-06,-5.4896490975231416e-06,-5.4896490975231416e-06
3,0,1,2.0720720720720722,-1.9402840155668954e-05,-1.9402840155668954e-05,-1.9402840155668954e-05
3,0,1,2.0705705705705704,-2.989063564373673e-05,-2.989063564373673e-05,-2.989063564373673e-05
3,0,1,2.0690690690690694,-3.63348112164541e-05,-3.63348112164541e-05,-3.63348112164541e-05
3,0,1,2.0675675675675675,-3.8117221077049734e-05,-3.8117221077049734e-05,-3.8117221077049734e-05
3,0,1,2.066066066066066,-3.5089318136449776e-05,-3.5089318136449776e-05,-3.5089318136449776e-05
3,0,1,2.0645645645645647,-2.868053142401905e-05,-2.868053142401905e-05,-2.868053142401905e-05
3,0,1,2.063063063063063,-2.0650669377619835e-05,-2.0650669377619835e-05,-2.0650669377619835e-05
3,0,1,2.0615615615615615,-1.2480246497137415e-05,-1.2480246497137415e-05,-1.2480246497137415e-05
3,0,1,2.06006006006006,-4.945877887019279e-06,-4.945877887019279e-06,-4.945877887019279e-06
3,0,1,2.0585585585585586,1.2849848738394343e-06,1.2849848738394343e-06,1.2849848738394343e-06
3,0,1,2.057057057057057,5.544890206765629e-06,5.544890206765629e-06,5.544890206765629e-06
3,0,1,2.0555555555555554,7.166386533086211e-06,7.166386533086211e-06,7.166386533086211e-06
3,0,1,2.054054054054054,5.505634845359708e-06,5.505634845359708e-06,5.505634845359708e-06
3,0,1,2.0525525525525525,8.166674516640882e-07,8.166674516640882e-07,8.166674516640882e-07
3,0,1,2.051051051051051,-5.49159503737684e-06,-5.49159503737684e-06,-5.49159503737684e-06
3,0,1,2.0495495495495497,-1.2072239679472574e-05,-1.2072239679472574e-05,-1.2072239679472574e-05
3,0,1,2.048048048048048,-1.8126749174340873e-05,-1.8126749174340873e-05,-1.8126749174340873e-05
3,0,1,2.0465465465465464,-2.299276362860425e-05,-2.299276362860425e-05,-2.299276362860425e-05
3,0,1,2.045045045045045,-2.600792314866318e-05,-2.600792314866318e-05,-2.600792314866318e-05
3,0,1,2.0435435435435436,-2.6510011248870313e-05,-2.6510011248870313e-05,-2.6510011248870313e-05
3,0,1,2.042042042042042,-2.4182341387568584e-05,-2.4182341387568584e-05,-2.4182341387568584e-05
3,0,1,2.0405405405405403,-1.979527010198545e-05,-1.979527010198545e-05,-1.979527010198545e-05
3,0,1,2.039039039039039,-1.4331742284268145e-05,-1.4331742284268145e-05,-1.4331742284268145e-05
3,0,1,2.0375375375375375,-8.64323944438361e-06,-8.64323944438361e-06,-8.64323944438361e-06
3,0,1,2.036036036036036,-3.289601452127755e-06,-3.289601452127755e-06,-3.289601452127755e-06
3,0,1,2.0345345345345347,1.2085352374402447e-06,1.2085352374402447e-06,1.2085352374402447e-06
3,0,1,2.033033033033033,4.330534170371436e-06,4.330534170371436e-06,4.330534170371436e-06
3,0,1,2.0315315315315314,5.593040984797071e-06,5.593040984797071e-06,5.593040984797071e-06
3,0,1,2.03003003003003,5.021001957539184e-06,5.021001957539184e-06,5.021001957539184e-06
3,0,1,2.0285285285285286,3.006313390896409e-06,3.006313390896409e-06,3.006313390896409e-06
3,0,1,2.027027027027027,-8.807431117752174e-08,-8.807431117752174e-08,-8.807431117752174e-08
3,0,1,2.0255255255255253,-3.963342174673201e-06,-3.963342174673201e-06,-3.963342174673201e-06
3,0,1,2.024024024024024,-8.32703923236977e-06,-8.32703923236977e-06,-8.32703923236977e-06
3,0,1,2.0225225225225225,-1.2886714517046371e-05,-1.2886714517046371e-05,-1.2886714517046371e-05
3,0,1,2.021021021021021,-1.736227870208218e-05,-1.736227870208218e-05,-1.736227870208218e-05
3,0,1,2.0195195195195197,-2.166593558428076e-05,-2.166593558428076e-05,-2.166593558428076e-05
3,0,1,2.018018018018018,-2.5861755463374436e-05,-2.5861755463374436e-05,-2.5861755463374436e-05
3,0,1,2.0165165165165164,-3.0015477095579612e-05,-3.0015477095579612e-05,-3.0015477095579612e-05
3,0,1,2.015015015015015,-3.416740852824063e-05,-3.416740852824063e-05,-3.416740852824063e-05
3,0,1,2.0135135135135136,-3.8342869402629987e-05,-3.8342869402629987e-05,-3.8342869402629987e-05
3,0,1,2.012012012012012,-4.256698619165e-05,-4.256698619165e-05,-4.256698619165e-05
3,0,1,2.0105105105105103,-4.6864885368425035e-05,-4.6864885368425035e-05,-4.6864885368425035e-05
3,0,1,2.009009009009009,-5.1261693406523534e-05,-5.1261693406523534e-05,-5.1261693406523534e-05
3,0,1,2.0075075075075075,-5.57825367792919e-05,-5.57825367792919e-05,-5.57825367792919e-05
3,0,1,2.006006006006006,-6.04525419598545e-05,-6.04525419598545e-05,-6.04525419598545e-05
3,0,1,2.0045045045045047,-6.529683542155773e-05,-6.529683542155773e-05,-6.529683542155773e-05
3,0,1,2.003003003003003,-7.034054363752595e-05,-7.034054363752595e-05,-7.034054363752595e-05
3,0,1,2.0015015015015014,-7.560879308132762e-05,-7.560879308132762e-05,-7.560879308132762e-05
3,0,1,2.0,-8.112671022586504e-05,-8.112671022586504e-05,-8.112671022586504e-05
3,1,43,3.5,-2.6495378637326892e-05,5.041017103018581e-06,3.533097993700234e-05
3,1,43,3.4984984984984986,-2.7862506357146668e-05,4.670486472712829e-06,3.608925282689993e-05
3,1,43,3.496996996996997,-2.8231308914929276e-05,4.9500376390337745e-06,3.747493982678957e-05
3,1,43,3.4954954954954953,-2.7818790229549992e-05,5.84816200052251e-06,4.044846401313102e-05
3,1,43,3.493993993993994,-2.748704725255471e-05,4.562638200346711e-06,4.121031605785043e-05
3,1,43,3.4924924924924925,-2.7484052189724e-05,7.184774116127677e-06,3.93134855343735e-05
3,1,43,3.490990990990991,-2.914932884280203e-05,7.245903058747562e-06,3.9747242797837334e-05
3,1,43,3.4894894894894897,-3.0504973607287718e-05,8.57013314467967e-06,4.0887677244174156e-05
3,1,43,3.487987987987988,-3.1896389228895365e-05,1.0292438967077655e-05,4.1072914133298885e-05
3,1,43,3.4864864864864864,-3.325896479746132e-05,1.1179272183935244e-05,4.16340196675198e-05
3,1,43,3.484984984984985,-3.452808940282306e-05,1.0689368534700917e-05,4.220468346403693e-05
3,1,43,3.4834834834834836,-3.563915213481757e-05,1.0569649277611425e-05,4.295968398720732e-05
3,1,43,3.481981981981982,-3.652754208328196e-05,1.1041957861488631e-05,4.37130738032834e-05
3,1,43,3.4804804804804803,-3.7128648338053363e-05,1.0763721599579357e-05,4.43690869530438e-05
3,1,43,3.478978978978979,-3.737886517772506e-05,1.0445356691386048e-05,4.483195747726668e-05
3,1,43,3.4774774774774775,-3.725001518275421e-05,1.0062345892180159e-05,4.5005919416730744e-05
3,1,43,3.475975975975976,-3.684593234846172e-05,9.59017195723336e-06,4.4573285485080476e-05
3,1,43,3.4744744744744747,-3.633621167940369e-05,9.004317641817157e-06,4.3305233502431535e-05
3,1,43,3.472972972972973,-3.583550567968664e-05,7.793556959619834e-06,4.294508020026596e-05
3,1,43,3.4714714714714714,-3.5403671518069733e-05,5.862997852944458e-06,4.2743760867567146e-05
3,1,43,3.46996996996997,-3.509989571703152e-05,5.22209700227794e-06,4.2211517982240006e-05
3,1,43,3.4684684684684686,-3.498174180279842e-05,5.013245580344581e-06,4.1122388267452495e-05
3,1,43,3.466966966966967,-3.505231256498807e-05,3.985344838357816e-06,4.007335952337386e-05
3,1,43,3.4654654654654653,-3.5179484755345195e-05,4.0677143081783215e-06,3.922925003084325e-05
3,1,43,3.463963963963964,-3.516612574660819e-05,5.110265357617617e-06,3.87014399020817e-05
3,1,43,3.4624624624624625,-3.4875369051151856e-05,4.6214882177854355e-06,3.852130512423449e-05
3,1,43,3.460960960960961,-3.425998245325533e-05,5.163810794467675e-06,3.8633109632337545e-05
3,1,43,3.4594594594594597,-3.330813629557017e-05,4.943115340374821e-06,3.892080460193961e-05
3,1,43,3.457957957957958,-3.274486914142842e-05,5.668217266050434e-06,3.9267056605021237e-05
3,1,43,3.4564564564564564,-3.296654400633482e-05,7.0033807603932675e-06,3.955453221356274e-05
3,1,43,3.454954954954955,-3.287598808813334e-05,8.293830994654853e-06,3.966858669777638e-05
3,1,43,3.4534534534534536,-3.246001735731827e-05,9.393995777699999e-06,3.952820205646953e-05
3,1,43,3.451951951951952,-3.183590985149159e-05,1.0169008421756758e-05,3.9118459137059576e-05
3,1,43,3.4504504504504503,-3.1155104611221374e-05,1.0612350287194554e-05,3.853474881421637e-05
3,1,43,3.448948948948949,-3.056904067707622e-05,1.0804393611762e-05,3.792063235294696e-05
3,1,43,3.4474474474474475,-3.0229117045163002e-05,1.0827400644074486e-05,3.768003058832501e-05
3,1,43,3.445945945945946,-3.0270664306494518e-05,1.0763633632747188e-05,3.7749574855917975e-05
3,1,43,3.4444444444444446,-3.072719453845065e-05,1.1691424110210147e-05,3.832261168342237e-05
3,1,43,3.442942942942943,-3.154168829108418e-05,1.327518600260447e-05,3.9915921504008476e-05
3,1,43,3.4414414414414414,-3.255785837581721e-05,1.4524877170666098e-05,4.199587610020461e-05
3,1,43,3.43993993993994,-3.3608902460809174e-05,1.4273288748786143e-05,4.4321471020151754e-05
3,1,43,3.4384384384384385,-3.412735150316968e-05,1.3666208105155356e-05,4.6018370988035314e-05
3,1,43,3.436936936936937,-3.4167488847386006e-05,1.3266713057628627e-05,4.698047858556513e-05
3,1,43,3.4354354354354353,-3.397985539490113e-05,1.3066428866741761e-05,4.790537332904714e-05
3,1,43,3.433933933933934,-3.34951725625732e-05,1.217585789868472e-05,4.866245370536168e-05
3,1,43,3.4324324324324325,-3.318876179940792e-05,1.1628131977478497e-05,4.9096343826038596e-05
3,1,43,3.430930930930931,-3.284503958176949e-05,1.144533854573822e-05,4.922926958782247e-05
3,1,43,3.4294294294294296,-3.2413245970939705e-05,1.1214471752498236e-05,4.887601643596446e-05
3,1,43,3.4279279279279278,-3.192855828424682e-05,1.0973000494295853e-05,4.801373892434951e-05
3,1,43,3.4264264264264264,-3.147242062599112e-05,1.075616511581317e-05,4.70161249214473e-05
3,1,43,3.424924924924925,-3.110141220344831e-05,1.0599205961731636e-05,4.599387575266367e-05
3,1,43,3.4234234234234235,-3.086301306085579e-05,1.0537363376732483e-05,4.510886189208123e-05
3,1,43,3.421921921921922,-3.076994059477876e-05,1.0605335942863274e-05,4.445729850706577e-05
3,1,43,3.4204204204204203,-3.082118800721754e-05,1.0803419512784088e-05,4.400758721082845e-05
3,1,43,3.418918918918919,-3.102528708650979e-05,1.1083047184249403e-05,4.372388636841515e-05
3,1,43,3.4174174174174174,-3.138373138301259e-05,1.142052041071262e-05,4.378409768157859e-05
3,1,43,3.415915915915916,-3.183551995509853e-05,1.1792484733725433e-05,4.447347638940184e-05
3,1,43,3.4144144144144146,-3.229897731762748e-05,1.2607355763753943e-05,4.498385091271091e-05
3,1,43,3.4129129129129128,-3.2701541241389595e-05,1.3588727568826075e-05,4.5133656868952396e-05
3,1,43,3.4114114114114114,-3.299709223206454e-05,1.4383071604031055e-05,4.484545098884865e-05
3,1,43,3.40990990990991,-3.314186740389761e-05,1.4941479472460086e-05,4.441212726826599e-05
3,1,43,3.4084084084084085,-3.308558886725094e-05,1.525945589577046e-05,4.533618591294757e-05
3,1,43,3.406906906906907,-3.2800280551689015e-05,1.5168974140427477e-05,4.6208301557845374e-05
3,1,43,3.4054054054054053,-3.232840110610133e-05,1.4795440280675372e-05,4.694247858535983e-05
3,1,43,3.403903903903904,-3.172350781757965e-05,1.4297594107271546e-05,4.745272137789071e-05
3,1,43,3.4024024024024024,-3.103025988714049e-05,1.452324414717536e-05,4.766859755088752e-05
3,1,43,3.400900900900901,-3.0280918215808876e-05,1.4721791654672897e-05,4.7595753543440205e-05
3,1,43,3.3993993993993996,-2.9304648937150506e-05,1.4888136932037985e-05,4.7325529574584677e-05
3,1,43,3.3978978978978978,-2.816791672532711e-05,1.503488580691277e-05,4.875438511089763e-05
3,1,43,3.3963963963963963,-2.7202408280206994e-05,1.5181173041596639e-05,4.988824830029362e-05
3,1,43,3.394894894894895,-2.640884771465163e-05,1.53461334271264e-05,5.054562454437101e-05
3,1,43,3.3933933933933935,-2.5750286051665376e-05,1.5460504154711594e-05,5.055181549988466e-05
3,1,43,3.391891891891892,-2.5218659263502108e-05,1.50103807494157e-05,4.983838498862016e-05
3,1,43,3.3903903903903903,-2.480733599845666e-05,1.456707457275731e-05,4.850020651686517e-05
3,1,43,3.388888888888889,-2.450968490482386e-05,1.4172095164183187e-05,4.674690318573634e-05
3,1,43,3.3873873873873874,-2.4006618854078687e-05,1.4030573612849439e-05,4.523665916366434e-05
3,1,43,3.385885885885886,-2.3511853613592286e-05,1.4526060356929472e-05,4.544976511956008e-05
3,1,43,3.3843843843843846,-2.3110902601377117e-05,1.4840580747427484e-05,4.575426041851646e-05
3,1,43,3.3828828828828827,-2.2799019807602603e-05,1.4956728140741275e-05,4.599772565547981e-05
3,1,43,3.3813813813813813,-2.2585694048630513e-05,1.4857095893270819e-05,4.613697529633242e-05
3,1,43,3.37987987987988,-2.2487276854078145e-05,1.4628818081913013e-05,4.615435494359629e-05
3,1,43,3.3783783783783785,-2.2496519292183794e-05,1.5085295294160403e-05,4.6066819507713415e-05
3,1,43,3.376876876876877,-2.2592911110059892e-05,1.555943589271868e-05,4.5888956249118956e-05
3,1,43,3.3753753753753752,-2.2887351377175917e-05,1.600780001699033e-05,4.630048007010345e-05
3,1,43,3.373873873873874,-2.3580516149617013e-05,1.5254051938281069e-05,4.6816267682822394e-05
3,1,43,3.3723723723723724,-2.440455201804478e-05,1.4676243382184123e-05,4.6982398325772206e-05
3,1,43,3.370870870870871,-2.5310127443558053e-05,1.5246437892293616e-05,4.679460230734697e-05
3,1,43,3.3693693693693696,-2.621675058221305e-05,1.677594706843942e-05,4.629075283557127e-05
3,1,43,3.3678678678678677,-2.6230586091001602e-05,1.8154972371577614e-05,4.5508258105785536e-05
3,1,43,3.3663663663663663,-2.5454843344723758e-05,1.9239969071460118e-05,4.6759906640279295e-05
3,1,43,3.364864864864865,-2.475485167312925e-05,1.9953645762373767e-05,4.7958849253472956e-05
3,1,43,3.3633633633633635,-2.4249088066942686e-05,2.0350166842763272e-05,4.885982783050776e-05
3,1,43,3.361861861861862,-2.3653204462758138e-05,2.0702258122308297e-05,4.933956261967028e-05
3,1,43,3.3603603603603602,-2.3037234921392293e-05,2.1421110944685497e-05,4.929488233173596e-05
3,1,43,3.358858858858859,-2.2391848416896277e-05,2.3668638673421567e-05,4.879313887135592e-05
3,1,43,3.3573573573573574,-2.1688855373967145e-05,2.520045641256352e-05,4.7948246137163517e-05
3,1,43,3.355855855855856,-2.098452578046077e-05,2.393020074379932e-05,4.762693914766268e-05
3,1,43,3.3543543543543546,-2.0319174582294347e-05,2.1883656408362012e-05,4.883577950015204e-05
3,1,43,3.3528528528528527,-1.9610172065769385e-05,2.0527406753865184e-05,4.94870003622111e-05
3,1,43,3.3513513513513513,-1.8761370697538155e-05,2.0549064557237942e-05,4.9411508056095964e-05
3,1,43,3.34984984984985,-1.8004192439509924e-05,2.1113327484200903e-05,4.8917273092911884e-05
3,1,43,3.3483483483483485,-1.853237787462084e-05,2.0834108316002825e-05,4.9271410972890305e-05
3,1,43,3.346846846846847,-1.978947379365978e-05,1.9146900565310092e-05,4.941630878145184e-05
3,1,43,3.3453453453453452,-1.9724828267710104e-05,1.8659181645041753e-05,4.943611523470712e-05
3,1,43,3.343843843843844,-1.9473090560317378e-05,1.828670434594979e-05,4.983297400903237e-05
3,1,43,3.3423423423423424,-1.926786462722388e-05,1.787496906665003e-05,5.057455632929671e-05
3,1,43,3.340840840840841,-1.9400206298154053e-05,1.8337848642468145e-05,5.093428738212969e-05
3,1,43,3.3393393393393396,-2.029463995117031e-05,2.0633413325448456e-05,5.194341204816776e-05
3,1,43,3.3378378378378377,-2.1188097411068037e-05,2.2352688971821223e-05,5.4529884130591e-05
3,1,43,3.3363363363363363,-2.1206923696348752e-05,2.3103701853859765e-05,5.746935211550872e-05
3,1,43,3.334834834834835,-2.085689013923541e-05,2.2745217599587017e-05,5.993285559199608e-05
3,1,43,3.3333333333333335,-2.035393373861407e-05,2.141608970398015e-05,6.161386946436278e-05
3,1,43,3.3318318318318316,-1.972618865253052e-05,2.6266134188645054e-05,6.0904932052498195e-05
3,1,43,3.33033033033033,-1.9011945530233304e-05,2.7744691117997586e-05,5.949877243084569e-05
3,1,43,3.328828828828829,-1.8249495020969224e-05,2.6158130086849363e-05,5.7919642407852634e-05
3,1,43,3.3273273273273274,-1.7477068708180755e-05,2.5079298677840173e-05,5.646493227808719e-05
3,1,43,3.325825825825826,-1.6502827207685e-05,2.4829211862755288e-05,5.540730380254686e-05
3,1,43,3.324324324324324,-1.526616379945566e-05,2.5484105172546984e-05,5.5103834165057264e-05
3,1,43,3.3228228228228227,-1.4187921335076514e-05,2.6829130835565387e-05,5.561387426841237e-05
3,1,43,3.3213213213213213,-1.3282753030081744e-05,2.8629864573234687e-05,5.7492983877839576e-05
3,1,43,3.31981981981982,-1.2488520638219772e-05,3.0651882106977335e-05,5.914708149479166e-05
3,1,43,3.3183183183183185,-1.1732937516136313e-05,2.7414920754089203e-05,5.993694334455613e-05
3,1,43,3.3168168168168166,-1.0942482109733975e-05,2.7984202122691842e-05,5.96754042199105e-05
3,1,43,3.315315315315315,-1.0089729691967891e-05,2.9948877773586582e-05,5.840235232441003e-05
3,1,43,3.313813813813814,-9.214101434775954e-06,3.1147132097755076e-05,5.879631428889077e-05
3,1,43,3.3123123123123124,-9.822647074136069e-06,3.163425745293311e-05,5.922413545150513e-05
3,1,43,3.310810810810811,-1.0416277627297958e-05,3.155726952318652e-05,6.050238902836121e-05
3,1,43,3.309309309309309,-1.0404441954021439e-05,3.1063610490929955e-05,6.151003728813425e-05
3,1,43,3.3078078078078077,-9.69130661591499e-06,3.030072253857978e-05,6.188583252315569e-05
3,1,43,3.3063063063063063,-8.279638931394696e-06,2.9684551385807112e-05,6.185242961727865e-05
3,1,43,3.304804804804805,-7.175691902876896e-06,3.1180572370212434e-05,6.164311061054167e-05
3,1,43,3.3033033033033035,-7.75595176692647e-06,3.297971006751069e-05,6.15871297603432e-05
3,1,43,3.3018018018018016,-8.383347098958778e-06,3.459907235434448e-05,6.262743498572625e-05
3,1,43,3.3003003003003,-8.923412669397876e-06,3.4780864895165783e-05,6.508680792001627e-05
3,1,43,3.298798798798799,-9.238382127438154e-06,3.5666061328534435e-05,6.766687654863757e-05
3,1,43,3.2972972972972974,-9.16695211043532e-06,3.602692687420736e-05,7.009361376547965e-05
3,1,43,3.295795795795796,-8.584661116799175e-06,3.731001770189944e-05,7.210852224731005e-05
3,1,43,3.294294294294294,-7.555928608906151e-06,3.896385653652523e-05,7.263079861863104e-05
3,1,43,3.2927927927927927,-6.219952187616097e-06,4.0789347664046266e-05,7.30410350738642e-05
3,1,43,3.2912912912912913,-4.722238436717825e-06,4.055195003026431e-05,7.335857867906814e-05
3,1,43,3.28978978978979,-3.2200826257178586e-06,3.9013684078114536e-05,7.383514194682448e-05
3,1,43,3.2882882882882885,-4.6468647076341324e-07,3.80044208932763e-05,7.45481415510155e-05
3,1,43,3.2867867867867866,3.870036503220153e-06,3.85359624336043e-05,7.452900679790798e-05
3,1,43,3.285285285285285,7.065085231143867e-06,4.150678734007526e-05,7.411160335266728e-05
3,1,43,3.2837837837837838,9.921777248507284e-06,4.5058149343024656e-05,7.383146116330969e-05
3,1,43,3.2822822822822824,1.0550075663243695e-05,4.8830742814705286e-05,7.610777322279456e-05
3,1,43,3.280780780780781,1.0648713310310379e-05,4.9395525467978846e-05,7.770258967591901e-05
3,1,43,3.279279279279279,1.0858005562224167e-05,4.833270930640343e-05,7.82237439888641e-05
3,1,43,3.2777777777777777,9.413081647339713e-06,4.958323357518585e-05,7.764932708560508e-05
3,1,43,3.2762762762762763,6.4707540243878064e-06,5.263495885483513e-05,7.630039801391052e-05
3,1,43,3.274774774774775,3.7545348285615565e-06,5.465056776145574e-05,7.632704831616287e-05
3,1,43,3.2732732732732734,4.39898783836587e-06,4.647382002296793e-05,7.650444878011184e-05
3,1,43,3.2717717717717716,2.7378362457246286e-06,4.742792775065327e-05,7.65218282673067e-05
3,1,43,3.27027027027027,5.573277218253597e-07,4.8695888645734764e-05,7.653394494124867e-05
3,1,43,3.2687687687687688,-2.006255043165983e-06,5.000400047799891e-05,7.666798629136877e-05
3,1,43,3.2672672672672673,-3.7188868350808424e-06,5.107856101723915e-05,7.715701764948908e-05
3,1,43,3.265765765765766,-4.062194805285607e-06,5.166237888854994e-05,7.795533319872143e-05
3,1,43,3.264264264264264,-4.181910602051031e-06,5.160611353357408e-05,7.938011000243987e-05
3,1,43,3.2627627627627627,-3.9326394736857034e-06,5.095292514184502e-05,8.227431156335174e-05
3,1,43,3.2612612612612613,-3.254319618615706e-06,5.257641386237355e-05,8.581107532916812e-05
3,1,43,3.25975975975976,-2.1354826754468176e-06,5.412683754735595e-05,8.917781466960366e-05
3,1,43,3.2582582582582584,-6.147635601711637e-07,5.68383914356374e-05,9.220726903676375e-05
3,1,43,3.2567567567567566,3.49777898439943e-06,5.900762913191304e-05,9.484455575466642e-05
3,1,43,3.255255255255255,9.35024616403185e-06,6.020528545592693e-05,9.832800739820007e-05
3,1,43,3.2537537537537538,1.587072950177612e-05,6.05611821746857e-05,0.00010320629605877624
3,1,43,3.2522522522522523,2.0755848188898363e-05,6.0928991003100785e-05,0.00010674152975201703
3,1,43,3.250750750750751,2.295422695332977e-05,6.22797272784234e-05,0.00010763343151727264
3,1,43,3.249249249249249,2.4884045200707083e-05,6.324808477802674e-05,0.00010758617063206209
3,1,43,3.2477477477477477,2.6512480870974353e-05,6.52549535879246e-05,0.00010840494853580664
3,1,43,3.2462462462462462,2.7964954148751442e-05,7.002201131300553e-05,0.0001088610915893299
3,1,43,3.244744744744745,2.9409931717079563e-05,7.608209355198028e-05,0.00011137255254679672
3,1,43,3.2432432432432434,3.237893925168121e-05,7.746287540984567e-05,0.00011408069149083412
3,1,43,3.2417417417417416,3.3407588940544825e-05,7.551381588183359e-05,0.00011694870568774995
3,1,43,3.24024024024024,3.397252163906718e-05,7.901928756065893e-05,0.00011879859450415926
3,1,43,3.2387387387387387,3.543345666029603e-05,8.244177384060525e-05,0.00012115827224833293
3,1,43,3.2372372372372373,3.5808753167143256e-05,8.225608970004877e-05,0.00012461099378466636
3,1,43,3.235735735735736,3.5324258913227435e-05,8.166161427768451e-05,0.00013066785356111513
3,1,43,3.234234234234234,3.413839364311763e-05,8.639121802698352e-05,0.0001349219460417793
3,1,43,3.2327327327327327,3.2752591299683304e-05,9.068847845274466e-05,0.00014079197958843763
3,1,43,3.2312312312312312,3.1618087402294354e-05,8.738641266042499e-05,0.00014860990689887638
3,1,43,3.22972972972973,3.242321828393624e-05,9.673968822033335e-05,0.0001561091391531419
3,1,43,3.2282282282282284,4.006982431555006e-05,0.00010688256613889183,0.00016428656362267764
3,1,43,3.2267267267267266,5.0232416083938886e-05,0.00011104261770772741,0.0001691432625560152
3,1,43,3.225225225225225,5.713812581049568e-05,0.00011427085734447978,0.00017411154279965355
3,1,43,3.2237237237237237,6.551044248449128e-05,0.00011637228272529804,0.0001794266612521328
3,1,43,3.2222222222222223,7.502236921552372e-05,0.00011812795792549846,0.0001881217674202327
3,1,43,3.220720720720721,8.254664757981547e-05,0.00013007746767961653,0.00020117342763288637
3,1,43,3.219219219219219,8.540145419756728e-05,0.00013414482914182735,0.00021172757089042704
3,1,43,3.2177177177177176,8.6504444907088e-05,0.00013820703205195614,0.0002224375607488352
3,1,43,3.2162162162162162,8.793009327725393e-05,0.0001492712754198322,0.000243006357731064
3,1,43,3.214714714714715,9.340523874405704e-05,0.00015989267203760094,0.0002553967097270564
3,1,43,3.2132132132132134,0.00010410184648644571,0.000175416050068343,0.000271095388524413
3,1,43,3.2117117117117115,0.00011574517835333253,0.00018420191665625973,0.0002917496727975963
3,1,43,3.21021021021021,0.0001303029830723411,0.00020245299554640106,0.00031664099772202997
3,1,43,3.2087087087087087,0.00014482998034417993,0.00021789333649830517,0.0003217515974193244
3,1,43,3.2072072072072073,0.00015382080287157027,0.00022924279626774374,0.0003526846150554708
3,1,43,3.205705705705706,0.0001595210676407291,0.0002420887299165661,0.0003808184916864743
3,1,43,3.204204204204204,0.00016583673187915704,0.0002685435187987917,0.00039438989794806506
3,1,43,3.2027027027027026,0.00019197475793198554,0.00029369432162841547,0.00041902453255836247
3,1,43,3.201201201201201,0.0002165021692081305,0.0003190422655908326,0.00045061054719762114
3,1,43,3.1996996996997,0.00024022585377852027,0.000344885218170346,0.0004782425198013099
3,1,43,3.198198198198198,0.00025614125316587855,0.00037082164574852444,0.0005251995680143201
3,1,43,3.1966966966966965,0.00027712798729210425,0.00040005275312182675,0.0005558400151953538
3,1,43,3.195195195195195,0.00031512658202291835,0.00043183640155557146,0.0005632877488787012
3,1,43,3.1936936936936937,0.00035496642922472343,0.00046126962611026806,0.0006038303186743366
3,1,43,3.1921921921921923,0.00038320137178196254,0.0004901312647593373,0.0006421141813273828
3,1,43,3.1906906906906904,0.0004231695274577764,0.0005670847842177695,0.0007115445862965648
3,1,43,3.189189189189189,0.00045262397516116284,0.000644552327976014,0.0008072440734798458
3,1,43,3.1876876876876876,0.0005030115840395331,0.000694356375881347,0.0009178187432059316
3,1,43,3.186186186186186,0.0005505936062060526,0.0007385188260971426,0.0010018241317887727
3,1,43,3.184684684684685,0.0006105725687391428,0.0008383805054774096,0.0011030159029882455
3,1,43,3.183183183183183,0.0006966446657771345,0.0009412149575136058,0.0012459243233735665
3,1,43,3.1816816816816815,0.0007460567680447443,0.0010540848325380353,0.0013873229070838003
3,1,43,3.18018018018018,0.0008304711293515461,0.0011325103621910027,0.001476870124636688
3,1,43,3.1786786786786787,0.0008950877322744417,0.0012447209409200966,0.0015927989103147605
3,1,43,3.1771771771771773,0.0009621558470673947,0.0013714231271768074,0.0017755772432310885
3,1,43,3.1756756756756754,0.001033817665605015,0.0014767236272618806,0.0018584874988345212
3,1,43,3.174174174174174,0.0011616528049962563,0.0016219813316618314,0.0018967850132653244
3,1,43,3.1726726726726726,0.0012941678585686733,0.0016134688339134173,0.0020085044699022434
3,1,43,3.171171171171171,0.001300599425194733,0.0016710667240349697,0.0022149422691245743
3,1,43,3.16966966966967,0.001382574420799601,0.0017382840042364511,0.0023359461814007054
3,1,43,3.168168168168168,0.0013719941915807804,0.0018441577799274411,0.0023791044544752282
3,1,43,3.1666666666666665,0.0014271264634822187,0.0018768562842868541,0.002398194917584237
3,1,43,3.165165165165165,0.0014735779565678286,0.0018800653263978395,0.002400872733441181
3,1,43,3.1636636636636637,0.0015043059819138255,0.0018733473650641708,0.002462188563895157
3,1,43,3.1621621621621623,0.0015946110693667026,0.0019255851316141714,0.002491944548779393
3,1,43,3.1606606606606604,0.001642208480675908,0.002020096054553666,0.0026595694499455536
3,1,43,3.159159159159159,0.0016433044767716481,0.002060533699302841,0.0026425748563781437
3,1,43,3.1576576576576576,0.0016347315851586441,0.0019944177586257716,0.0026704446984217173
3,1,43,3.156156156156156,0.0014431992199013949,0.001935368177345742,0.0025921587059076906
3,1,43,3.1546546546546548,0.0014397002231296696,0.0018756868867399468,0.0025847580060821135
3,1,43,3.153153153153153,0.0014304202697521806,0.0018004923682516105,0.0025159234497302008
3,1,43,3.1516516516516515,0.001419370293339467,0.0017748163393616345,0.002484458540926285
3,1,43,3.15015015015015,0.0014591560385000119,0.0018266591349313244,0.0024660310956245712
3,1,43,3.1486486486486487,0.0014813316747226135,0.001925561239351281,0.0024264338796158025
3,1,43,3.1471471471471473,0.001395178226586441,0.001891909503564826,0.0024892985913314014
3,1,43,3.1456456456456454,0.0011898863944634352,0.0017065006043465725,0.002514061685057939
3,1,43,3.144144144144144,0.0011942926192684555,0.0017356593506787088,0.0023896473742902047
3,1,43,3.1426426426426426,0.0011691446899277091,0.0017662954238295558,0.0021877108765202824
3,1,43,3.141141141141141,0.0011260205870954332,0.0016306098581863604,0.0021466722326388687
3,1,43,3.1396396396396398,0.0012115709018847287,0.0015604904379296625,0.0021841086283285738
3,1,43,3.138138138138138,0.001202982226118282,0.0015822954956467572,0.0021393540580989523
3,1,43,3.1366366366366365,0.0012182633025877576,0.0015415181064203365,0.002108754448252065
3,1,43,3.135135135135135,0.0011720019032516182,0.001537993274972671,0.002103671688744535
3,1,43,3.1336336336336337,0.0010780073533523116,0.0015070207608316455,0.002074602355098182
3,1,43,3.1321321321321323,0.001191121078268187,0.0014953695905685072,0.0020071168861736377
3,1,43,3.1306306306306304,0.0012629607659831177,0.0014280331341829378,0.0019841102336579375
3,1,43,3.129129129129129,0.0012084343992477264,0.0014429998666593558,0.001965070887013004
3,1,43,3.1276276276276276,0.0010873830444933508,0.0014257994900662707,0.0019858947445028363
3,1,43,3.126126126126126,0.0011093682570792185,0.0013384904469780912,0.0019577016903094824
3,1,43,3.1246246246246248,0.0010546156441254284,0.0013482592804039406,0.0019500835845021602
3,1,43,3.123123123123123,0.001062246116957738,0.0013685047074862289,0.0019471747957302554
3,1,43,3.1216216216216215,0.0010450370965824352,0.0014293895489888575,0.001904776396780522
3,1,43,3.12012012012012,0.0010217605686982378,0.0013776040257783007,0.001840436833874054
3,1,43,3.1186186186186187,0.0011020916570978756,0.0013399404360959766,0.0017696671086347426
3,1,43,3.1171171171171173,0.0010780491813988657,0.0014390707629256538,0.0017567502317911987
3,1,43,3.1156156156156154,0.0009988809560224354,0.0013823037746791278,0.0017494811838396906
3,1,43,3.114114114114114,0.0009238324707726009,0.0012016743326381252,0.0017021101027962504
3,1,43,3.1126126126126126,0.0008994826032333314,0.0011853661721884512,0.0016221893712626
3,1,43,3.111111111111111,0.0009345636045627603,0.0012541833483080689,0.0015886037918904639
3,1,43,3.1096096096096097,0.00098889256215276,0.001223020193950819,0.0015634687494074373
3,1,43,3.108108108108108,0.0009020456348297068,0.001175258012843572,0.0015386255078619904
3,1,43,3.1066066066066065,0.0008826383154607043,0.0012429843895166437,0.0015000371639036225
3,1,43,3.105105105105105,0.0008448289312484314,0.0012673645217085028,0.0015006630008077004
3,1,43,3.1036036036036037,0.000840322693964779,0.001266167367795501,0.001508458789351519
3,1,43,3.1021021021021022,0.0008769646081913107,0.001213684146659566,0.0015040576227556834
3,1,43,3.1006006006006004,0.0008391944229114712,0.0011523028893463128,0.0014503497479051441
3,1,43,3.099099099099099,0.0007665631763976721,0.0011969367482427273,0.0014338022200245937
3,1,43,3.0975975975975976,0.0007415173474990544,0.0011510333547136709,0.0014790009478137245
3,1,43,3.096096096096096,0.0007582106904340247,0.0011157106313728349,0.00142432190881292
3,1,43,3.0945945945945947,0.0008237659649752427,0.0010902841894718796,0.0014455144588059188
3,1,43,3.093093093093093,0.0007320535104274328,0.0010735413196316657,0.001391255144755632
3,1,43,3.0915915915915915,0.0007183131961004396,0.0010982413104536626,0.0013830685924653974
3,1,43,3.09009009009009,0.0007255975898490807,0.0010174687667707794,0.0013471858035055684
3,1,43,3.0885885885885886,0.000717578623719406,0.0010308500835759515,0.001368226472564238
3,1,43,3.0870870870870872,0.0006633150709705604,0.0010121628320751697,0.0013210725957960023
3,1,43,3.0855855855855854,0.0006629904502077899,0.0009704147251226036,0.0012840893677240617
3,1,43,3.084084084084084,0.0006467817665263276,0.0009472442753633015,0.00129861942061682
3,1,43,3.0825825825825826,0.000590879044799375,0.0009822733373227033,0.001225697004370252
3,1,43,3.081081081081081,0.0005219590633152582,0.0009732873066113923,0.0012016759319380954
3,1,43,3.0795795795795797,0.0005681187208571581,0.0009833589715664282,0.0012036642833654354
3,1,43,3.078078078078078,0.0006241457226198177,0.000977504692814768,0.0012423311707698281
3,1,43,3.0765765765765765,0.0005765113113598286,0.0009393856613535423,0.0012612261392735968
3,1,43,3.075075075075075,0.0005486812243610251,0.0008877335506396467,0.001279361168954607
3,1,43,3.0735735735735736,0.0005251083891441577,0.000856559589550776,0.0012179083881444508
3,1,43,3.0720720720720722,0.0005350241842483339,0.0008596722740462637,0.0011527614723761404
3,1,43,3.0705705705705704,0.0005240422250657462,0.000839829756351107,0.0011161267402414188
3,1,43,3.069069069069069,0.00048809947442279844,0.0008377993188821709,0.0010859686950821512
3,1,43,3.0675675675675675,0.0005110123325269278,0.0008303094796656696,0.0010525075786760318
3,1,43,3.066066066066066,0.0005232870467225537,0.0007833016239514601,0.001031966938413842
3,1,43,3.0645645645645647,0.0005514071583495039,0.000758744416472168,0.0010280665955614832
3,1,43,3.063063063063063,0.0005306736349662278,0.0007624956734995081,0.0010057118765082196
3,1,43,3.0615615615615615,0.0005793871662723715,0.0007682282270223828,0.0010024583133108056
3,1,43,3.06006006006006,0.0005592893963551893,0.0007643300238298067,0.001020826603017666
3,1,43,3.0585585585585586,0.0005155570145224386,0.0007232886890751189,0.001010411220681351
3,1,43,3.057057057057057,0.0005029368140178625,0.0007110558476545181,0.0010722567664825933
3,1,43,3.0555555555555554,0.00048654756156740753,0.0007387069211695074,0.0010945675634257968
3,1,43,3.054054054054054,0.000510762403374776,0.0007614649080566194,0.0010643625942943769
3,1,43,3.0525525525525525,0.0004714724861432096,0.0008002653820515793,0.0010574425716979863
3,1,43,3.051051051051051,0.0004522396929111383,0.0007639524722689028,0.0010346170097387253
3,1,43,3.0495495495495497,0.00042679846557230894,0.000745155601406311,0.0009575511107400847
3,1,43,3.048048048048048,0.0004239599189329035,0.0007360399421624253,0.0009451500411518654
3,1,43,3.0465465465465464,0.00045220539806217763,0.0006794901521240959,0.0009586849270719067
3,1,43,3.045045045045045,0.0004964233982966415,0.0006844851087295378,0.0009117217417782264
3,1,43,3.0435435435435436,0.0004447928503799048,0.0006223011798693889,0.000894472710387062
3,1,43,3.042042042042042,0.00041712187492620734,0.0006297284153810034,0.0008827591270196278
3,1,43,3.0405405405405403,0.0004146851018639319,0.0006578592451640386,0.000872016235366091
3,1,43,3.039039039039039,0.0004109642588836504,0.0006690365588568614,0.0008952592538468696
3,1,43,3.0375375375375375,0.0003765114891698951,0.0006556898045010362,0.0009015257865198079
3,1,43,3.036036036036036,0.0003455520851698979,0.0006457767484989718,0.0008826541498308527
3,1,43,3.0345345345345347,0.00033699930519670573,0.0006457855396370116,0.000907703360399803
3,1,43,3.033033033033033,0.0003665548044639033,0.0006470605103576776,0.0009214976412813547
3,1,43,3.0315315315315314,0.00039861721718115195,0.000648235513926676,0.0009220474354372787
3,1,43,3.03003003003003,0.0003874836946209381,0.0006400231603248541,0.0009205575771913943
3,1,43,3.0285285285285286,0.00041718904440185556,0.0006447713684463174,0.0008729513575604364
3,1,43,3.027027027027027,0.0004023921059026492,0.0006435472637590367,0.0008551390490553201
3,1,43,3.0255255255255253,0.0004048390614697084,0.0006170917514535246,0.0008273250846893565
3,1,43,3.024024024024024,0.00040211730405220747,0.0006251501887128974,0.0008546732000547785
3,1,43,3.0225225225225225,0.00034213651658071553,0.0006063442656917273,0.000884686787395117
3,1,43,3.021021021021021,0.0003830321023110539,0.0006467930193538862,0.0009070289413813382
3,1,43,3.0195195195195197,0.00041260516634733513,0.0006858535147289402,0.0009483272899393769
3,1,43,3.018018018018018,0.00043434780331524925,0.0007009296489901562,0.0009742239505323158
3,1,43,3.0165165165165164,0.0004508662847899081,0.0006878996190023967,0.0009732788476599086
3,1,43,3.015015015015015,0.0004809305000133546,0.0006858000281976251,0.0009382431418892279
3,1,43,3.0135135135135136,0.0004688288676011898,0.0006814471568376002,0.0008950669339148898
3,1,43,3.012012012012012,0.0004742993466612111,0.000659014389748025,0.0008728759173036726
3,1,43,3.0105105105105103,0.0004806541430859568,0.0006586468775165999,0.000887620523587318
3,1,43,3.009009009009009,0.0004424489531142939,0.0006466293905958986,0.0009150961751708819
3,1,43,3.0075075075075075,0.0004346881521692936,0.0007070408111730098,0.000947137950821908
3,1,43,3.006006006006006,0.00041054396603484866,0.0006478199204693613,0.0009525353456640295
3,1,43,3.0045045045045047,0.0004084639446443328,0.0006249254955572603,0.0009314590176239812
3,1,43,3.003003003003003,0.0004141159834230024,0.0005876912985433025,0.0009003278605839715
3,1,43,3.0015015015015014,0.0004327844553896898,0.0006505395694162974,0.0008910694221143656
3,1,43,3.0,0.00045438478145992667,0.0006356820590930345,0.0009069209581893389
3,1,43,2.9984984984984986,0.0004696753568850798,0.0007006632194600515,0.0009249844991430778
3,1,43,2.996996996996997,0.0004807247139712034,0.0007338748533678441,0.0009145684253737962
3,1,43,2.9954954954954953,0.0004828965527005069,0.0007107668705053083,0.000914008563302926
3,1,43,2.993993993993994,0.0004887014934468192,0.0007002380752738624,0.0009144468835403652
3,1,43,2.9924924924924925,0.0004880104632299376,0.0007261549062483885,0.0009333469508139847
3,1,43,2.990990990990991,0.0005131848058753663,0.000733694991986833,0.0009514837050432212
3,1,43,2.9894894894894897,0.0005311861075493751,0.0007698403694385014,0.000997004944107871
3,1,43,2.987987987987988,0.0005359210456563068,0.0007782357555090602,0.0009986039855918172
3,1,43,2.9864864864864864,0.0005427139635920675,0.0007991423797364394,0.0010271084527259111
3,1,43,2.984984984984985,0.0005520809679802618,0.0007970430590945599,0.0010316623735501795
3,1,43,2.9834834834834836,0.0005420894381598651,0.0007928106493849674,0.0010190984921223945
3,1,43,2.981981981981982,0.0005329626651992547,0.0008128930451226646,0.0010091440527643103
3,1,43,2.9804804804804803,0.0005218684219417402,0.0008163486600399894,0.000999263120674776
3,1,43,2.978978978978979,0.0005184065236043534,0.0007871509368699847,0.000972237039381374
3,1,43,2.9774774774774775,0.0005260055376397066,0.0007422728974487702,0.000955524550020237
3,1,43,2.975975975975976,0.0005378626188969338,0.0007448935628988629,0.0009648173562795681
3,1,43,2.9744744744744747,0.0005520111487501977,0.0007527786130407943,0.000944705913903332
3,1,43,2.972972972972973,0.0005613760087648245,0.0007543482785422606,0.0009369434402464738
3,1,43,2.9714714714714714,0.0005646606952121047,0.0007635189222467975,0.0009474701947846387
3,1,43,2.96996996996997,0.0005787398694280799,0.0007873930605771795,0.000953084216450184
3,1,43,2.9684684684684686,0.0005780739513888689,0.0007980641960265711,0.0009610968589967572
3,1,43,2.966966966966967,0.000557351237744752,0.000789059492414701,0.0009889286232157568
3,1,43,2.9654654654654653,0.0005582013116857132,0.0007939834993965222,0.0009821255465288226
3,1,43,2.963963963963964,0.0005694602533390936,0.0007771586877370895,0.0009620437402518833
3,1,43,2.9624624624624625,0.0005749510706053451,0.0007675443641664836,0.0009518476525364195
3,1,43,2.960960960960961,0.0005711756769432585,0.0007699374253321567,0.0009546552890951632
3,1,43,2.9594594594594597,0.0005621264258413028,0.0007882569222540381,0.0009450558205374437
3,1,43,2.957957957957958,0.0005580716265888297,0.0007893201198986288,0.0009409698624549545
3,1,43,2.9564564564564564,0.0005719725323233282,0.0007699462991548334,0.0009352230076594692
3,1,43,2.954954954954955,0.0005863932830126872,0.0007647600852557224,0.0009230988727575995
3,1,43,2.9534534534534536,0.0005803389230124023,0.0007599307890385765,0.0009135461869528849
3,1,43,2.951951951951952,0.0005853073549722532,0.0007657094265062225,0.0009053141128140263
3,1,43,2.9504504504504503,0.0005699012527934921,0.000737647866784652,0.0008918182563321109
3,1,43,2.948948948948949,0.0005697821935482517,0.0007233306724285793,0.0008832037822401051
3,1,43,2.9474474474474475,0.0005627702083745301,0.000706603685131979,0.0008742574507283885
3,1,43,2.945945945945946,0.0005629142071555404,0.0006924747378896923,0.0008765487926809534
3,1,43,2.9444444444444446,0.0005646800777515115,0.0006713781999083679,0.0008795327581264112
3,1,43,2.942942942942943,0.0005627646059426228,0.0006778874391054623,0.0008835718821623706
3,1,43,2.9414414414414414,0.0005575578548051019,0.0006864494369717145,0.0008971626866404181
3,1,43,2.93993993993994,0.0005328415058466485,0.0006941348466233954,0.000891527362031852
3,1,43,2.9384384384384385,0.0005235455669216349,0.0006916854422829299,0.0008879663794436055
3,1,43,2.936936936936937,0.0005296787553200066,0.0006929619006645904,0.000876970533769339
3,1,43,2.9354354354354353,0.0005200915225184732,0.0006981504466960775,0.0008711395699424473
3,1,43,2.933933933933934,0.0005145381859792408,0.0007110513976364974,0.0008674676872385545
3,1,43,2.9324324324324325,0.0005118947669829343,0.0007084341837249042,0.0008657621813348837
3,1,43,2.930930930930931,0.0005090391229146674,0.0006997214042765432,0.0008648009189659578
3,1,43,2.9294294294294296,0.0004990447940604881,0.0007034579568455657,0.0008626196335961844
3,1,43,2.9279279279279278,0.00048748699142969754,0.0006853638787415184,0.0008577485136822549
3,1,43,2.9264264264264264,0.00047669431735847256,0.0006648106697512146,0.0008484876258573748
3,1,43,2.924924924924925,0.00045700235502804665,0.0006501743715340291,0.000847442106163443
3,1,43,2.9234234234234235,0.0004429008290207648,0.0006381871426630603,0.0008397546759899011
3,1,43,2.921921921921922,0.00045995652871866355,0.000667355069084552,0.000824951784234973
3,1,43,2.9204204204204203,0.00045542738644199776,0.0006293025808156161,0.0008028290744310773
3,1,43,2.918918918918919,0.0004505829025426289,0.0006253184449830362,0.0007804104090327613
3,1,43,2.9174174174174174,0.0004446949164585434,0.0006276440383674586,0.0007636648458202444
3,1,43,2.915915915915916,0.0004293862004011162,0.0006288110687446835,0.0007467954604922222
3,1,43,2.9144144144144146,0.00043171346402459676,0.0006288621727077448,0.000730489034660442
3,1,43,2.9129129129129128,0.00043257230862631113,0.000615686424467965,0.0007221065494795176
3,1,43,2.9114114114114114,0.0004238044115191797,0.0006035999913123202,0.0007264614610515974
3,1,43,2.90990990990991,0.000414972735976904,0.0005856571851933223,0.0007288769998751721
3,1,43,2.9084084084084085,0.0004238442303760026,0.0005790090032237183,0.0007278355863555297
3,1,43,2.906906906906907,0.00043103502911662206,0.0005828471351405629,0.0007218131423782359
3,1,43,2.9054054054054053,0.00042268786940019565,0.0005948753056232992,0.0007159744834374648
3,1,43,2.903903903903904,0.0004115712725352161,0.0005791064267444135,0.0007127174208414466
3,1,43,2.9024024024024024,0.0003982155716959479,0.0005662468629458184,0.0007127946489924319
3,1,43,2.900900900900901,0.00038291563899162107,0.0005702895343010494,0.0007170978896123281
3,1,43,2.8993993993993996,0.00037003996041595766,0.0005543217786987409,0.0007245291028264988
3,1,43,2.8978978978978978,0.0003630036525499869,0.0005358636558000507,0.0007265574170251532
3,1,43,2.8963963963963963,0.0003572758269878573,0.0005343833918731722,0.0007227728574760173
3,1,43,2.894894894894895,0.00035284881258867973,0.0005355353427329845,0.000716340443798813
3,1,43,2.8933933933933935,0.00035162740426358807,0.0005289013040226109,0.000707007980391805
3,1,43,2.891891891891892,0.0003604907076730224,0.0005344296662720405,0.0006948683586521232
3,1,43,2.8903903903903903,0.0003624810933540168,0.0005271967867094274,0.0006800299798065956
3,1,43,2.888888888888889,0.00036588587789532223,0.0005184627752421456,0.0006627295553630619
3,1,43,2.8873873873873874,0.00036125885056953466,0.0005109723068793537,0.0006441294863420155
3,1,43,2.885885885885886,0.0003644023010920816,0.000504927040387182,0.0006272271220247871
3,1,43,2.8843843843843846,0.00036848560974522826,0.0005141761941258594,0.0006150896066403622
3,1,43,2.8828828828828827,0.00036417416801115543,0.0005109823944361436,0.0006014212322912327
3,1,43,2.8813813813813813,0.00035659287969858067,0.0005081783758693614,0.0005981339340775937
3,1,43,2.87987987987988,0.0003507374095447213,0.0005062060852251138,0.0005939852057102457
3,1,43,2.8783783783783785,0.0003433191196523522,0.0004968619303984401,0.0005957581349997354
3,1,43,2.876876876876877,0.0003350328917084977,0.0004907434335826855,0.0005955187112268723
3,1,43,2.8753753753753752,0.0003280439737145535,0.00048168660825720355,0.0005882984154898518
3,1,43,2.873873873873874,0.0003198678723533299,0.00047329819533126205,0.000588332347400522
3,1,43,2.8723723723723724,0.0003109599570308985,0.0004658741634309127,0.0005919503035154983
3,1,43,2.870870870870871,0.0003035757205160916,0.0004541769152880404,0.000598594323059809
3,1,43,2.8693693693693696,0.000297079344076856,0.0004475768225806753,0.0006042653375494256
3,1,43,2.8678678678678677,0.00029184038673607526,0.00044487707269247334,0.000607223047191352
3,1,43,2.8663663663663663,0.0002874638711828359,0.00045156017099345913,0.0006045228693211668
3,1,43,2.864864864864865,0.00028627066491426767,0.00043702296216308056,0.0006019295885174025
3,1,43,2.8633633633633635,0.0002907410384703213,0.0004212510819595616,0.0006138080110006383
3,1,43,2.861861861861862,0.00029506292717956795,0.000433941859582454,0.0006134774828859824
3,1,43,2.8603603603603602,0.0002969074575545627,0.0004480412761173058,0.0006073126882156221
3,1,43,2.858858858858859,0.00029990730325651915,0.0004444040972181318,0.0006001868857202775
3,1,43,2.8573573573573574,0.00029992995463351546,0.0004387097875386825,0.0005886893601435572
3,1,43,2.855855855855856,0.00029773545960626313,0.0004325538490890235,0.000585916564221689
3,1,43,2.8543543543543546,0.00029362948068795136,0.00042964843056292334,0.0005785722830775053
3,1,43,2.8528528528528527,0.00028801035691794485,0.00043587746931728066,0.0005672088516939233
3,1,43,2.8513513513513513,0.00027796911511807076,0.0004390080356223569,0.0005566739448016889
3,1,43,2.84984984984985,0.00026710814500924274,0.00043421180736213927,0.0005457607189077729
3,1,43,2.8483483483483485,0.0002521116325929218,0.00043169439465895465,0.0005410442147933403
3,1,43,2.846846846846847,0.00025325642347806543,0.00043092425680180124,0.0005450870123741014
3,1,43,2.8453453453453452,0.0002543720216333645,0.0004308967086833482,0.0005570732466250727
3,1,43,2.843843843843844,0.00025500342658502095,0.0004266767567021601,0.0005577265916657526
3,1,43,2.8423423423423424,0.0002558651976174442,0.00041158927289630665,0.0005635486283888103
3,1,43,2.840840840840841,0.0002664521251714569,0.0004033278652143535,0.0005670368340922605
3,1,43,2.8393393393393396,0.00026940115668389053,0.0003955098714043537,0.0005671168234360202
3,1,43,2.8378378378378377,0.00026991855605096315,0.0003890643525975568,0.0005629455337999856
3,1,43,2.8363363363363363,0.0002548536558974468,0.00041284633852956,0.0005559079918632248
3,1,43,2.834834834834835,0.0002580753176427142,0.00042082516665586933,0.0005402328287799629
3,1,43,2.8333333333333335,0.0002706503122010262,0.0004161591493635486,0.0005357492190229407
3,1,43,2.831831831831832,0.0002761222359108362,0.00042163784441162644,0.0005252164670891957
3,1,43,2.83033033033033,0.00027080213858793334,0.00040949960454428336,0.0005144294209617484
3,1,43,2.828828828828829,0.00026984493256093645,0.0004088933397385919,0.000504260390478295
3,1,43,2.8273273273273274,0.000268884687641191,0.0004093182383790861,0.000494848221596289
3,1,43,2.825825825825826,0.0002581487301913099,0.0004063935318884271,0.0004908932476752614
3,1,43,2.8243243243243246,0.0002329794559355336,0.00039370964663654195,0.0004970202981154359
3,1,43,2.8228228228228227,0.00022316389981280604,0.00039601613806328206,0.000504110399493829
3,1,43,2.8213213213213213,0.00022089710983974609,0.00039770541617856203,0.0005065432702690553
3,1,43,2.81981981981982,0.00022447712505874184,0.0003957685671457378,0.0005256179393388072
3,1,43,2.8183183183183185,0.0002325875864420679,0.00038496553487710194,0.0005318552712948454
3,1,43,2.816816816816817,0.00024374338963961684,0.0003812336624609003,0.0005314546775486151
3,1,43,2.815315315315315,0.00024918476969276737,0.0003665561459461619,0.0005265218710432951
3,1,43,2.813813813813814,0.00024278341608530152,0.00035255943890499797,0.0005133147345949274
3,1,43,2.8123123123123124,0.00024289207685823655,0.000341670515730752,0.0004949114691236156
3,1,43,2.810810810810811,0.0002446289899802334,0.0003593454573658228,0.0004890406713408679
3,1,43,2.8093093093093096,0.0002473379106193718,0.00036845085352676943,0.00048725831422469223
3,1,43,2.8078078078078077,0.00025036740680678404,0.0003760523184026532,0.0004838391336287051
3,1,43,2.8063063063063063,0.000253294112608049,0.00038095561805129297,0.0004813576972239053
3,1,43,2.804804804804805,0.0002558559665583604,0.0003718272945965051,0.0004825185483449679
3,1,43,2.8033033033033035,0.0002580722010009362,0.00038247471642316455,0.00048730690776432883
3,1,43,2.801801801801802,0.00025017970129798117,0.00038465927359854213,0.0004950887099824941
3,1,43,2.8003003003003,0.0002459277847944308,0.0003904135681909171,0.0005050085003805993
3,1,43,2.798798798798799,0.0002517659913675585,0.0003940490167748667,0.000506087086765139
3,1,43,2.7972972972972974,0.000258636859278627,0.0003789509834910554,0.0005027890106619193
3,1,43,2.795795795795796,0.0002613480395142753,0.00037289554587982554,0.0005055970743872429
3,1,43,2.7942942942942945,0.00025414128144540804,0.00035769639562333033,0.000506822416091568
3,1,43,2.7927927927927927,0.0002484147402428971,0.00035839282563987496,0.0005061609536367584
3,1,43,2.7912912912912913,0.00024483125893687285,0.00035986915225150184,0.0005024790137013735
3,1,43,2.78978978978979,0.0002452818819475566,0.00036235694459807455,0.0004947752841216735
3,1,43,2.7882882882882885,0.000243577522265781,0.0003660877718203448,0.0004914920928423827
3,1,43,2.786786786786787,0.00023909760328427732,0.0003711398571413227,0.0004932714951747519
3,1,43,2.785285285285285,0.0002322679869250499,0.0003768736798612782,0.0004908944761280454
3,1,43,2.7837837837837838,0.00022426655539042883,0.0003826049054740377,0.00048695787583274974
3,1,43,2.7822822822822824,0.00022149895649226092,0.00037409770137131204,0.0004827960399165221
3,1,43,2.7807807807807805,0.000220222578966478,0.0003665329953284058,0.0004795297983646307
3,1,43,2.7792792792792795,0.0002258373607820774,0.0003565535114447016,0.00047450737583809577
3,1,43,2.7777777777777777,0.00023482181688083692,0.0003508038216268883,0.0004732959995583652
3,1,43,2.7762762762762763,0.00024261011499593366,0.0003552480329056529,0.00047903084427936005
3,1,43,2.774774774774775,0.0002498663528327505,0.0003617166171028252,0.0004837943209129447
3,1,43,2.773273273273273,0.0002528360651185002,0.00036988277739480324,0.0004882775895788116
3,1,43,2.771771771771772,0.00025128342919777946,0.0003688093082306887,0.0004939575184557121
3,1,43,2.77027027027027,0.0002469278696418664,0.0003688957653823488,0.0004969243206919272
3,1,43,2.7687687687687688,0.00024334080860888285,0.00037030715729879926,0.0004960974803348561
3,1,43,2.7672672672672673,0.00023927397476686263,0.00037305922317276696,0.0004909470522036496
3,1,43,2.7657657657657655,0.0002345477821564801,0.00037075584863677236,0.00048185824402380284
3,1,43,2.7642642642642645,0.00023026728583508405,0.0003411832759387945,0.0004702434162053848
3,1,43,2.7627627627627627,0.00022671897685655473,0.0003304594839224073,0.0004579056033808815
3,1,43,2.7612612612612613,0.00022411837279501245,0.0003388044504590848,0.0004525236215324746
3,1,43,2.75975975975976,0.0002263467603655922,0.00032882709668702326,0.00045046801139569936
3,1,43,2.758258258258258,0.000222791263372768,0.00031759139913489776,0.0004588284171213042
3,1,43,2.756756756756757,0.0002172813955865771,0.00031096936767349703,0.00047539197274992784
3,1,43,2.755255255255255,0.00022420372155473878,0.00031092308024960325,0.0004920158130993224
3,1,43,2.7537537537537538,0.00022803741324517457,0.0003155763741438111,0.0004938630461164273
3,1,43,2.7522522522522523,0.00022334832008108485,0.0003131126064321865,0.0004916512531345507
3,1,43,2.7507507507507505,0.00023036525861075408,0.00031508666058988055,0.0004887144193160831
3,1,43,2.7492492492492495,0.0002337662520409678,0.00032134542802753074,0.0004871194921253208
3,1,43,2.7477477477477477,0.00023773970746931994,0.0003336840435779198,0.0004832956694597046
3,1,43,2.7462462462462462,0.00023901845210971828,0.0003324400306730091,0.0004817212881774724
3,1,43,2.744744744744745,0.00023039519689788124,0.0003429001938861642,0.00048303450218434296
3,1,43,2.743243243243243,0.00022972570022494754,0.0003625640670696928,0.0004889563952644727
3,1,43,2.741741741741742,0.00023048991473290092,0.0003636575092409444,0.0004874352724314468
3,1,43,2.74024024024024,0.00023244226058116713,0.00035532321584375026,0.00048645877842501406
3,1,43,2.7387387387387387,0.00023522457288704945,0.00034382012647715676,0.000489170038367126
3,1,43,2.7372372372372373,0.0002384786867691835,0.00033292062168177594,0.0004911506847813385
3,1,43,2.7357357357357355,0.0002393359150758001,0.0003238344135709781,0.0004919379125511991
3,1,43,2.7342342342342345,0.00023980180049354427,0.0003200017849893655,0.0004905021886169036
3,1,43,2.7327327327327327,0.00024095809126145618,0.00032076226001431785,0.00048782424275539693
3,1,43,2.7312312312312312,0.0002480424237703005,0.00031753434343140263,0.0004821099469254353
3,1,43,2.72972972972973,0.00025291883220235345,0.00031625466003259994,0.0004794506555501066
3,1,43,2.728228228228228,0.00025266240029153675,0.00031767842878860364,0.00047606600567307034
3,1,43,2.726726726726727,0.0002457102920205845,0.00033747014889473625,0.0004716373182005462
3,1,43,2.725225225225225,0.0002410280145996868,0.0003369939105648534,0.00047089320249227296
3,1,43,2.7237237237237237,0.0002326373216946509,0.00033500921622731106,0.00046560909341619716
3,1,43,2.7222222222222223,0.0002227441415574294,0.0003310627263681809,0.0004823796552577697
3,1,43,2.7207207207207205,0.00022021373841107916,0.00032552621916681623,0.0004983543463750184
3,1,43,2.7192192192192195,0.00022069365044541378,0.000319447908372239,0.0004849955449727217
3,1,43,2.7177177177177176,0.0002182315558414416,0.00031349841420880153,0.00046852008569642223
3,1,43,2.7162162162162162,0.00021922695943632498,0.0003086240465561829,0.00046461741228664977
3,1,43,2.714714714714715,0.00022409879228835194,0.00030611951519399216,0.00046952940208988547
3,1,43,2.713213213213213,0.00022451445913285184,0.00030428996740239356,0.0004759009733352748
3,1,43,2.7117117117117115,0.00022612577265646028,0.00030203362325575966,0.000479140202533368
3,1,43,2.71021021021021,0.0002259480837655259,0.0003007173985152267,0.0004826224351393016
3,1,43,2.7087087087087087,0.0002207447740111279,0.0003002475185565068,0.00048587302701674773
3,1,43,2.7072072072072073,0.0002110040541672964,0.00030652555023813477,0.0004883777234164777
3,1,43,2.7057057057057055,0.00019825674604012633,0.00031458353338642553,0.0004887545484349998
3,1,43,2.704204204204204,0.0001878312026512008,0.00030675454175277395,0.0004850170800164699
3,1,43,2.7027027027027026,0.00017955213766029932,0.0003125655622127077,0.0004826877060698509
3,1,43,2.701201201201201,0.00017812170268316496,0.00030799856636787304,0.0004823121338574099
3,1,43,2.6996996996997,0.0001806351899931169,0.00031220664737707793,0.0004803736766728628
3,1,43,2.698198198198198,0.00018496651910593354,0.00031597607708300224,0.0004740334699028237
3,1,43,2.6966966966966965,0.00018992932459227507,0.00031414150321262824,0.000477953644562934
3,1,43,2.695195195195195,0.00019458340527778173,0.0003085300418013137,0.00047862921177210804
3,1,43,2.6936936936936937,0.00019804382335819604,0.0003150864558005839,0.0004746618323097085
3,1,43,2.6921921921921923,0.00020531687085600936,0.0003265759891954989,0.00047431082355386955
3,1,43,2.6906906906906904,0.00022546560569014495,0.000327342713581924,0.00047140885354957085
3,1,43,2.689189189189189,0.00023739805066025355,0.0003320995496001178,0.00047036251210486046
3,1,43,2.6876876876876876,0.0002352756363521724,0.0003443488420284968,0.0004717233702042911
3,1,43,2.686186186186186,0.0002447877151990907,0.0003474446396678488,0.0004721635006845748
3,1,43,2.684684684684685,0.0002504438625808847,0.0003459470324089775,0.0004725196375491292
3,1,43,2.683183183183183,0.00025093186963309755,0.0003469166940430757,0.0004735816139836979
3,1,43,2.6816816816816815,0.00025289492238966815,0.000341105097501071,0.00047502821845335497
3,1,43,2.68018018018018,0.00024140077802825566,0.00033412156463952236,0.00047653823942350737
3,1,43,2.6786786786786787,0.0002250847083330454,0.00033862109941940055,0.00047517368221527967
3,1,43,2.6771771771771773,0.00022129107920898505,0.0003478285435172257,0.00048203454428863424
3,1,43,2.6756756756756754,0.00021530090008980984,0.00035015506134028485,0.0004844081121527788
3,1,43,2.674174174174174,0.00021394188784773505,0.00035148618290126166,0.0004805256516180467
3,1,43,2.6726726726726726,0.0002144581949682367,0.00034708398191263257,0.0004725912275652666
3,1,43,2.671171171171171,0.00022001020447581787,0.0003431346143705216,0.00046267592749227315
3,1,43,2.66966966966967,0.0002292085226414109,0.0003396815056300184,0.000461553043538232
3,1,43,2.668168168168168,0.00023552759009426438,0.00034117525134713667,0.0004660460135146316
3,1,43,2.6666666666666665,0.00024313287050992116,0.00034380631659769456,0.0004627817314950544
3,1,43,2.665165165165165,0.00024272404648972845,0.000345954326722131,0.00046749680940993965
3,1,43,2.6636636636636637,0.00024189523078721464,0.00034756311602635037,0.00047104542258069593
3,1,43,2.6621621621621623,0.0002418454769709255,0.00034857651881670115,0.00047031603655223186
3,1,43,2.6606606606606604,0.0002430631550833784,0.00034897206802675385,0.00046800526895984795
3,1,43,2.659159159159159,0.0002460364593519504,0.00034894778375971214,0.00046867307462472585
3,1,43,2.6576576576576576,0.00025108544771590413,0.000348292676870976,0.0004691714145261816
3,1,43,2.656156156156156,0.0002506424964507925,0.0003465872445780338,0.00046537396798718156
3,1,43,2.6546546546546548,0.0002497926273204998,0.00035250888361870736,0.00046283655831158566
3,1,43,2.653153153153153,0.0002503620681642005,0.00033834633061768926,0.000462492840054618
3,1,43,2.6516516516516515,0.0002460252750209335,0.0003309713127694902,0.00046482528344349294
3,1,43,2.65015015015015,0.0002403172752346583,0.00032179156336420434,0.00046323064947551007
3,1,43,2.6486486486486487,0.00023281184609813543,0.00032419308728726115,0.0004624377829831605
3,1,43,2.6471471471471473,0.00023668482705652139,0.0003229161932767344,0.00046249222904226617
3,1,43,2.6456456456456454,0.00024272190290408613,0.00031886337174880097,0.0004635476355474566
3,1,43,2.644144144144144,0.00024351667457500614,0.0003148906884125058,0.00046242882806801777
3,1,43,2.6426426426426426,0.00023849096612105214,0.0003193024450030002,0.00045791697782815444
3,1,43,2.641141141141141,0.00023262624365427698,0.00032010904848345234,0.000453945397542066
3,1,43,2.6396396396396398,0.0002348738059727573,0.00031713195416283035,0.00045191734669458583
3,1,43,2.638138138138138,0.00023498233897367715,0.0003144407889059675,0.0004485763662080977
3,1,43,2.6366366366366365,0.00023167725090678104,0.00030991980794903284,0.00045049420500209436
3,1,43,2.635135135135135,0.00023894157374593217,0.0003151096030473699,0.0004539198410528078
3,1,43,2.6336336336336337,0.00024157444227790315,0.0003147763757083144,0.00045810573455951076
3,1,43,2.6321321321321323,0.0002446530491586607,0.0003104144385484009,0.00046081680909149103
3,1,43,2.6306306306306304,0.0002463780789727643,0.0003145019706984886,0.00045821309765170515
3,1,43,2.629129129129129,0.00025195059904592476,0.00032496273137416765,0.00045485104379416885
3,1,43,2.6276276276276276,0.00025254790178574904,0.00034559124057365054,0.0004697220049354467
3,1,43,2.626126126126126,0.00025482253553521517,0.0003628726683646555,0.0004778628359703996
3,1,43,2.6246246246246248,0.00026325276561411926,0.00035620379946577074,0.00047258546607653606
3,1,43,2.623123123123123,0.00027107865036135603,0.0003456478512897654,0.00046738253977307576
3,1,43,2.6216216216216215,0.0002703411344284756,0.00034910795608511513,0.0004639826710497452
3,1,43,2.62012012012012,0.00026786471804196577,0.000355973709003532,0.0004662991646680048
3,1,43,2.6186186186186187,0.0002582143237507273,0.0003518339772168311,0.0004569866352772678
3,1,43,2.6171171171171173,0.00025603857315859013,0.0003562138645500923,0.0004544063884222016
3,1,43,2.6156156156156154,0.00025809054563041833,0.0003569440866650897,0.0004438850998979005
3,1,43,2.614114114114114,0.0002561835042034222,0.000351526306069605,0.00045291367435418284
3,1,43,2.6126126126126126,0.00025071534957010755,0.0003417322504839504,0.00045710572786628045
3,1,43,2.611111111111111,0.00024474739839075443,0.0003320508637005837,0.0004536369811227736
3,1,43,2.6096096096096097,0.00024853530325541495,0.00033170809048366223,0.0004494212760676186
3,1,43,2.608108108108108,0.00025081351296241117,0.0003291048214564274,0.00044758929006205594
3,1,43,2.6066066066066065,0.00024427326944564953,0.0003250432197325903,0.0004444136307180102
3,1,43,2.605105105105105,0.00023961266913907764,0.0003204836826253832,0.0004402405444956514
3,1,43,2.6036036036036037,0.00023752263211829217,0.00032133348847063203,0.0004377781300586303
3,1,43,2.6021021021021022,0.00024581729328021495,0.00032807366770537527,0.00044241590837401645
3,1,43,2.6006006006006004,0.0002573711072235696,0.00033320022529959026,0.0004488739849215495
3,1,43,2.599099099099099,0.00026758495583512065,0.0003313851535600154,0.0004555165397279737
3,1,43,2.5975975975975976,0.0002673379591631164,0.000335742114866866,0.00046147223139536564
3,1,43,2.596096096096096,0.00027186310888660525,0.0003349655549333974,0.0004621389815974153
3,1,43,2.5945945945945947,0.00027787478841867497,0.00033956905745791133,0.0004628565958382236
3,1,43,2.593093093093093,0.0002848834685272861,0.00033531212519410936,0.0004613095687933111
3,1,43,2.5915915915915915,0.0002898642076317737,0.0003295129244180739,0.00045645852906550655
3,1,43,2.59009009009009,0.00028428831136340094,0.0003283630816282024,0.0004507145490064701
3,1,43,2.5885885885885886,0.00027757200352818145,0.00032690813722302536,0.0004446088267704429
3,1,43,2.5870870870870872,0.00026399746911232036,0.00034438106451606387,0.0004388886851367513
3,1,43,2.5855855855855854,0.00026097811252601133,0.00035204420859802354,0.00044022591878600803
3,1,43,2.584084084084084,0.0002589635810253954,0.0003519523925996637,0.00044435330847558685
3,1,43,2.5825825825825826,0.0002489815766872905,0.0003430090720966117,0.0004463654759851998
3,1,43,2.581081081081081,0.00023910323371989506,0.0003356075471463438,0.0004463960672459466
3,1,43,2.5795795795795797,0.00024501067348692285,0.00033302027180615035,0.00044490931606699924
3,1,43,2.578078078078078,0.00024373553749357235,0.00033195288816711965,0.0004474197958194148
3,1,43,2.5765765765765765,0.00024335597073887882,0.00033946537318985115,0.00045416421982924504
3,1,43,2.575075075075075,0.000246798229865286,0.0003550380619723459,0.0004583727246860736
3,1,43,2.5735735735735736,0.0002550359953039649,0.0003514349777351544,0.0004576432650558182
3,1,43,2.5720720720720722,0.0002576719864767485,0.0003589082947694777,0.00046365131344561217
3,1,43,2.5705705705705704,0.0002594029025918543,0.0003570391641531945,0.0004732469898137692
3,1,43,2.569069069069069,0.0002609547007107471,0.00035196346538191037,0.00047938658874446816
3,1,43,2.5675675675675675,0.0002533847047503368,0.0003471394119620719,0.0004833820076185491
3,1,43,2.566066066066066,0.0002547031914671427,0.0003431480951479049,0.00048458077161062096
3,1,43,2.5645645645645647,0.00025691057703103315,0.0003405706061940794,0.0004829117099037772
3,1,43,2.563063063063063,0.0002571544966167849,0.0003423542718821171,0.00047917738489100525
3,1,43,2.5615615615615615,0.00025956460935716574,0.0003431880341548954,0.0004743638809355799
3,1,43,2.56006006006006,0.0002586249296828713,0.0003452311513245654,0.000467552544543115
3,1,43,2.5585585585585586,0.0002555088148923357,0.00034576853179490996,0.00046062832412530064
3,1,43,2.557057057057057,0.0002569308625692823,0.0003480056083953187,0.000460437058291574
3,1,43,2.5555555555555554,0.00025212363011017924,0.0003496396586235573,0.0004612077747399024
3,1,43,2.554054054054054,0.00024753575750935397,0.00035022627498637604,0.00045912405264825207
3,1,43,2.5525525525525525,0.0002407025636784743,0.00034890115531704957,0.00045721398749642983
3,1,43,2.551051051051051,0.00025164672589450543,0.00034943854888314085,0.0004564388059610236
3,1,43,2.5495495495495497,0.0002572120390846866,0.00035187601119957,0.00045095633345582087
3,1,43,2.548048048048048,0.0002539764820773671,0.0003529346877064743,0.0004451711824916549
3,1,43,2.5465465465465464,0.0002466755358881967,0.0003573372201766123,0.00043922647022409667
3,1,43,2.545045045045045,0.00024378685491799335,0.0003572751375562344,0.0004337287318126881
3,1,43,2.5435435435435436,0.0002430016350095654,0.00034456647380065597,0.0004409255704107551
3,1,43,2.542042042042042,0.00024378430814797625,0.00034162047666130846,0.0004640728527779414
3,1,43,2.5405405405405403,0.0002466530974618575,0.00034291979082601287,0.00047210179334800095
3,1,43,2.539039039039039,0.0002490246334114765,0.0003362159059963066,0.00048257637403636977
3,1,43,2.5375375375375375,0.00025800001567621855,0.00033729903430135266,0.0004919640865373998
3,1,43,2.536036036036036,0.00025920074552387984,0.0003436925675492919,0.0004988914188855942
3,1,43,2.5345345345345347,0.0002647147484050594,0.0003476085606921586,0.0005026551860618511
3,1,43,2.533033033033033,0.0002712140596079493,0.00035185385012370674,0.0005035509434457852
3,1,43,2.5315315315315314,0.0002789073806838127,0.00035759183050498855,0.0005023176094617332
3,1,43,2.53003003003003,0.0002817324934808463,0.0003701746236679515,0.0004997204436629765
3,1,43,2.5285285285285286,0.0002811759197228758,0.00036102568825158166,0.0004965247056030186
3,1,43,2.527027027027027,0.0002801306326494224,0.0003733536977972296,0.00048516127067110837
3,1,43,2.5255255255255253,0.00027471388649469297,0.00037638112176474614,0.0004728878602411335
3,1,43,2.524024024024024,0.00027244140427917785,0.0003723193602842567,0.00047190818917797195
3,1,43,2.5225225225225225,0.00027128904472684123,0.0003699551008145008,0.0004751085595444682
3,1,43,2.521021021021021,0.00026894604933491717,0.00036237103301361984,0.00047114093787770095
3,1,43,2.5195195195195197,0.0002674087726085572,0.00035971948043345137,0.00046631589407497565
3,1,43,2.518018018018018,0.0002703468869982295,0.0003615619099945899,0.0004624100251191532
3,1,43,2.5165165165165164,0.0002684541981784472,0.0003599640245446345,0.00046510024765389346
3,1,43,2.515015015015015,0.0002652575177993777,0.0003532780371677813,0.00046826000359823094
3,1,43,2.5135135135135136,0.0002700763317273758,0.0003512612298415263,0.0004678107373590201
3,1,43,2.512012012012012,0.00027262155587814974,0.0003420974270778032,0.00046403852983412097
3,1,43,2.5105105105105103,0.0002702342069952346,0.00034507465288924344,0.0004640524022805348
3,1,43,2.509009009009009,0.00026693420242862587,0.00034635766896795595,0.0004681859829543944
3,1,43,2.5075075075075075,0.0002777979073186332,0.0003492719583553239,0.00047646802098821883
3,1,43,2.506006006006006,0.0002891976633482285,0.00035221413796904244,0.00047249027768769825
3,1,43,2.5045045045045047,0.000286039836872809,0.00035167209206110606,0.0004699950955109333
3,1,43,2.503003003003003,0.0002841119366823186,0.00035759809407398535,0.00046759150575892416
3,1,43,2.5015015015015014,0.0002750141912317705,0.0003667891347443053,0.0004672237641308863
3,1,43,2.5,0.0002709191917836806,0.00036554064871396896,0.00047000979174138813
3,1,43,2.4984984984984986,0.00026679650581151737,0.0003604585695948792,0.00047137298250077286
3,1,43,2.496996996996997,0.0002591330219298138,0.0003524941304313689,0.0004710118982401701
3,1,43,2.4954954954954953,0.0002544626623239843,0.00034302215848169837,0.00046871481578514285
3,1,43,2.493993993993994,0.0002541619689926389,0.000349316011571732,0.00046416845204722
3,1,43,2.4924924924924925,0.0002606321296024783,0.000355726348383989,0.0004577699021823811
3,1,43,2.490990990990991,0.00026009073877808486,0.00036071372196522233,0.0004526138494064247
3,1,43,2.4894894894894897,0.00025790117769841636,0.00036147374574713176,0.0004549924466829003
3,1,43,2.487987987987988,0.0002686704047467625,0.00036751240121657425,0.0004611565589262012
3,1,43,2.4864864864864864,0.00027878597759556367,0.0003683500032034548,0.00046110880991734327
3,1,43,2.484984984984985,0.00028279829754285224,0.0003645046527842588,0.0004617506233351998
3,1,43,2.4834834834834836,0.00028530326589015775,0.0003678158823940958,0.0004661453068163235
3,1,43,2.481981981981982,0.0002854886782455157,0.00036423632331450406,0.00046579832852655656
3,1,43,2.4804804804804803,0.0002874059113688876,0.0003693540898319636,0.00046124709579020706
3,1,43,2.478978978978979,0.0002876691051554303,0.0003655102346791228,0.00046586365924861095
3,1,43,2.4774774774774775,0.0002855555059778636,0.0003623333343176771,0.0004711350350523613
3,1,43,2.475975975975976,0.0002843898589330873,0.0003609832877549124,0.00047618784218572685
3,1,43,2.4744744744744747,0.0002794790793527735,0.0003600429637555802,0.0004807387903522642
3,1,43,2.472972972972973,0.0002743285628210579,0.0003542953207629207,0.00048450614681938564
3,1,43,2.4714714714714714,0.00027207946577834097,0.00035935040621271064,0.0004887258538573969
3,1,43,2.46996996996997,0.0002743610643710648,0.0003588178443361123,0.0004919974083411605
3,1,43,2.4684684684684686,0.0002768329499654998,0.00036395746102524384,0.0004888790841347523
3,1,43,2.466966966966967,0.00027836508010792294,0.00036428070558591763,0.0004890328278681633
3,1,43,2.4654654654654653,0.00027833904654372965,0.00037319804766533515,0.000489646561898871
3,1,43,2.463963963963964,0.0002772474368639699,0.00037334493496476995,0.0004898779157093136
3,1,43,2.4624624624624625,0.0002748257732567705,0.0003625407823466542,0.0004887644938280644
3,1,43,2.460960960960961,0.00027196017918917903,0.00035972317910726304,0.0004893470163463975
3,1,43,2.4594594594594597,0.0002694579054594026,0.0003589482334851457,0.0004872361251666568
3,1,43,2.457957957957958,0.0002681262028653153,0.00035514188359764276,0.000487733006253932
3,1,43,2.4564564564564564,0.0002687294948634511,0.0003520744392258024,0.0004902619364406391
3,1,43,2.454954954954955,0.0002662068614655011,0.0003620516686102526,0.0004872029676435963
3,1,43,2.4534534534534536,0.00026511851867949687,0.0003675325561804943,0.00047930040612009783
3,1,43,2.451951951951952,0.0002716208625325178,0.00037293354115908173,0.00047507304254290617
3,1,43,2.4504504504504503,0.00027838010520142564,0.0003727106960422777,0.0004712167528574396
3,1,43,2.448948948948949,0.00028480068163594385,0.00037293612918221086,0.00046751256214294656
3,1,43,2.4474474474474475,0.0002937511759800726,0.0003732572128847256,0.00046414034404629323
3,1,43,2.445945945945946,0.0002925706100772585,0.0003662952286080934,0.00046794108178549454
3,1,43,2.4444444444444446,0.0002869004811655307,0.0003663353505352074,0.00047193125264122227
3,1,43,2.442942942942943,0.00028643368670266955,0.0003745666476628884,0.00047149902526599785
3,1,43,2.4414414414414414,0.0002794965760047896,0.0003811249898320046,0.0004717873940504047
3,1,43,2.43993993993994,0.00027520711433992595,0.0003840210850101222,0.0004736438752341865
3,1,43,2.4384384384384385,0.00027595826208903773,0.00038455215514376917,0.0004770236915118131
3,1,43,2.436936936936937,0.00027912968787580095,0.0003755039715895858,0.00048113563135276927
3,1,43,2.4354354354354353,0.0002834187488984785,0.0003650339358385324,0.0004850167505227043
3,1,43,2.433933933933934,0.0002843270652170826,0.0003653522764670569,0.00048251180723013487
3,1,43,2.4324324324324325,0.0002886381227537038,0.0003681686916581217,0.00047828101336722106
3,1,43,2.4309309309309306,0.00027976772167648267,0.00035767211595660875,0.00048410078975058557
3,1,43,2.4294294294294296,0.00027649713836030987,0.00035975453388381595,0.0004888938529474807
3,1,43,2.4279279279279278,0.00027653426814489013,0.00036619291036910084,0.0004921528164588684
3,1,43,2.4264264264264264,0.00028324659652856354,0.0003699786905226876,0.0004933702937851558
3,1,43,2.424924924924925,0.0002899061429025851,0.000374061340797871,0.0004921415986401945
3,1,43,2.423423423423423,0.00029201542165913086,0.00037479837028397966,0.0004889490998796209
3,1,43,2.421921921921922,0.0002973599515551095,0.0003776230675383019,0.0004846691044568807
3,1,43,2.4204204204204203,0.00030449908382068624,0.0003822347764674827,0.0004798982390995521
3,1,43,2.418918918918919,0.00030276043738164393,0.000378755757342919,0.00047514229273981634
3,1,43,2.4174174174174174,0.0002887427541710119,0.00037987281410445384,0.00046797982512580827
3,1,43,2.4159159159159156,0.00027410775307090685,0.0003752239495629084,0.0004650254033478074
3,1,43,2.4144144144144146,0.00026147012039945405,0.0003735304612690893,0.00046396577883778267
3,1,43,2.4129129129129128,0.00025578528894465435,0.00037051644231245184,0.00046490364273255036
3,1,43,2.4114114114114114,0.0002565001060652605,0.00037394200808527067,0.00046695793445095113
3,1,43,2.40990990990991,0.0002606886731425506,0.00038417000258639256,0.0004672205240567884
3,1,43,2.408408408408408,0.00026378991043751743,0.0003909115302827004,0.00046962001140571363
3,1,43,2.406906906906907,0.00027297065354325856,0.0003860734760281481,0.00047723309357461385
3,1,43,2.4054054054054053,0.00028744179596829067,0.00038265154806715884,0.0004804411773571271
3,1,43,2.403903903903904,0.0003010091310936547,0.00037884991523817746,0.0004823559067700378
3,1,43,2.4024024024024024,0.0003054132253194064,0.00037566628810492553,0.0004828413849967683
3,1,43,2.4009009009009006,0.00031082975127461054,0.00037218405859196224,0.0004824135321946921
3,1,43,2.3993993993993996,0.0003163886269599292,0.00038042657856940387,0.0004846613546209966
3,1,43,2.3978978978978978,0.00031744148888057655,0.0003868838317986345,0.0004841082353920223
3,1,43,2.3963963963963963,0.0003157169990514186,0.00039483611024415666,0.0005031008482192512
3,1,43,2.394894894894895,0.00031742362822728687,0.0003999012184014994,0.0004964182292502839
3,1,43,2.393393393393393,0.00031852952614741525,0.00039036778376866366,0.0004902052518062083
3,1,43,2.391891891891892,0.00031882718376707864,0.0003811162286608827,0.00048718425195237725
3,1,43,2.3903903903903903,0.00031637732872435986,0.00037273796841730267,0.0004835807511139878
3,1,43,2.388888888888889,0.00031470474650907576,0.00036006268800448105,0.0004840798992061801
3,1,43,2.3873873873873874,0.0003134249853515847,0.0003522632112407109,0.000486531834901327
3,1,43,2.3858858858858856,0.0003129490847688654,0.00035500290900247755,0.00048725595179310854
3,1,43,2.3843843843843846,0.0003075914731339724,0.0003612364432679094,0.00048601793022440276
3,1,43,2.3828828828828827,0.00029825428233321016,0.0003644224040617594,0.0004874862453050355
3,1,43,2.3813813813813813,0.00030927744362219123,0.00036415617364093933,0.0004906794518655389
3,1,43,2.37987987987988,0.00031368232198647483,0.0003609514256566193,0.00048601006684578785
3,1,43,2.378378378378378,0.00031199148639371455,0.000368837022397539,0.00048148030997219315
3,1,43,2.376876876876877,0.000309368319783454,0.0003773927181884851,0.0004779545396316198
3,1,43,2.3753753753753752,0.000305986474090747,0.00037584201326024136,0.0004752720918658193
3,1,43,2.373873873873874,0.00030537157806087567,0.00036966365418367175,0.0004735066833264634
3,1,43,2.3723723723723724,0.0003004454795457745,0.00036773180663618454,0.0004727507253188268
3,1,43,2.3708708708708706,0.00029474544189866947,0.0003709375756408839,0.00046253793144579447
3,1,43,2.3693693693693696,0.00029169584168819984,0.0003739481948290546,0.0004624026749595611
3,1,43,2.3678678678678677,0.00029547011113595367,0.0003670399193855811,0.00046455503437292656
3,1,43,2.3663663663663663,0.00029489218929890093,0.0003686130726139325,0.00047243732077040246
3,1,43,2.364864864864865,0.00029810487247472484,0.0003741163719697127,0.00048306719827628797
3,1,43,2.363363363363363,0.00029399639399319,0.0003761294585884478,0.0004961512213329522
3,1,43,2.361861861861862,0.0002938157939135211,0.00037459244038884343,0.0005058897663643425
3,1,43,2.3603603603603602,0.0002947900670057235,0.00037385558618407977,0.000506328308424564
3,1,43,2.358858858858859,0.0002962099472659796,0.0003729484750421008,0.0004984221411139522
3,1,43,2.3573573573573574,0.0002910657468070399,0.0003768531221168825,0.0004953448549568362
3,1,43,2.3558558558558556,0.0002971521359299567,0.0003812176020310254,0.0004928027180852723
3,1,43,2.3543543543543546,0.00030447073595785135,0.0003871177241072665,0.000490191501244519
3,1,43,2.3528528528528527,0.0002991703018723202,0.00039983031685619785,0.0004876361960940434
3,1,43,2.3513513513513513,0.0002949165600674153,0.00039897150928336345,0.0004889509516519119
3,1,43,2.34984984984985,0.00029426089842676806,0.0003893201426374837,0.0004974842017724246
3,1,43,2.348348348348348,0.0002905894289922939,0.00038532535131596823,0.0004980187283645243
3,1,43,2.346846846846847,0.0002873971486934135,0.0003858543976598128,0.0004995391447522035
3,1,43,2.3453453453453452,0.0002942123784466233,0.0003775365439753209,0.0005015163514998644
3,1,43,2.343843843843844,0.0002909006031108774,0.00037714415147793723,0.0005035108252346987
3,1,43,2.3423423423423424,0.0002805813277182434,0.00036486696808446517,0.000504505593368898
3,1,43,2.3408408408408405,0.0002737233927789795,0.00036081874607951647,0.0004998681751341438
3,1,43,2.3393393393393396,0.00026462999980148005,0.00035517956316177823,0.0004957262452737199
3,1,43,2.3378378378378377,0.0002554133736910602,0.0003569872604927138,0.0004931643369936456
3,1,43,2.3363363363363363,0.00025486227992410626,0.00036641285267968726,0.0004929085152368673
3,1,43,2.334834834834835,0.000252806567349384,0.00036695250155860393,0.0004952620607682201
3,1,43,2.333333333333333,0.0002511489675315337,0.00036202230349036135,0.0004994743064081764
3,1,43,2.331831831831832,0.00025637339288853145,0.00037909692407733786,0.0005046200713964
3,1,43,2.33033033033033,0.00026265392382784913,0.0003825706044711108,0.000504490773742039
3,1,43,2.328828828828829,0.000264970843307788,0.00038819257778710536,0.0005037672632324242
3,1,43,2.3273273273273274,0.0002761814366021298,0.000398819202694467,0.0005054059967889435
3,1,43,2.3258258258258255,0.00029042887480601465,0.00039180733929433664,0.0005054555873734712
3,1,43,2.3243243243243246,0.0002973471346006118,0.0003947547317371125,0.0004997151056475024
3,1,43,2.3228228228228227,0.00030055695501141066,0.000398384304942212,0.0004951787217648551
3,1,43,2.3213213213213213,0.0003061485974754641,0.000402781085459214,0.0004918549999607391
3,1,43,2.31981981981982,0.00031073643526335903,0.00040496476567120077,0.0004897486142905194
3,1,43,2.318318318318318,0.0003132475717332328,0.00040189755647612735,0.0004888654012075166
3,1,43,2.316816816816817,0.000305225752869398,0.0003934031543513239,0.0004891539075229101
3,1,43,2.315315315315315,0.0002988438131819038,0.000386934496436675,0.0004922931728349456
3,1,43,2.313813813813814,0.00029479042285074364,0.00038362735758457056,0.0004994619970986047
3,1,43,2.3123123123123124,0.0002926770307858373,0.00038211159986811793,0.0005055156329324406
3,1,43,2.3108108108108105,0.0002889090710027631,0.00037788114720194166,0.0005065645030971622
3,1,43,2.3093093093093096,0.0002841762697473049,0.00036476415667618944,0.0005008761605174161
3,1,43,2.3078078078078077,0.0002803685476793216,0.0003621299222349439,0.0004969893937475378
3,1,43,2.3063063063063063,0.0002776811181576244,0.00036885928156471515,0.0004917509418709276
3,1,43,2.304804804804805,0.00027961363816575435,0.0003705073181707874,0.0004934353453942553
3,1,43,2.303303303303303,0.0002878210962893313,0.0003656850877029605,0.0004919681097134143
3,1,43,2.301801801801802,0.00028807993813206867,0.0003620367339272068,0.0004902731581415409
3,1,43,2.3003003003003,0.0002884655266012226,0.00036090088347418003,0.0004887967618127931
3,1,43,2.298798798798799,0.000288631412909246,0.0003636161629745338,0.000486113718428105
3,1,43,2.2972972972972974,0.0002826647640158386,0.0003715193628333058,0.00048380241627532516
3,1,43,2.2957957957957955,0.00029073473230212254,0.0003795150315255569,0.00048114039378621687
3,1,43,2.2942942942942945,0.0002935749280437161,0.0003876881171744895,0.0004789840581607141
3,1,43,2.2927927927927927,0.000294074333751726,0.0003983519930386148,0.0004779980516893545
3,1,43,2.2912912912912913,0.0002927172405382539,0.0003901342638492622,0.00047925558631034537
3,1,43,2.28978978978979,0.00029315982032562804,0.00039179029663416465,0.00048140961197573606
3,1,43,2.288288288288288,0.0002970389671991258,0.00039833490328811116,0.000486958342783228
3,1,43,2.286786786786787,0.0002933595852726567,0.0004065353876427924,0.0004940344820494325
3,1,43,2.285285285285285,0.00029498894775648044,0.0004097718952567053,0.0004976572647324984
3,1,43,2.2837837837837838,0.0002994115044895329,0.000398579459160997,0.0005022210496028467
3,1,43,2.2822822822822824,0.000297351527796752,0.000398745456820615,0.0005037213577719912
3,1,43,2.2807807807807805,0.0002941771749610522,0.00039801711729681166,0.0005017450741326979
3,1,43,2.2792792792792795,0.00029005372359547366,0.0003962858625699006,0.000496479847172715
3,1,43,2.2777777777777777,0.00028519691141615233,0.000388395001668318,0.0004888320972176174
3,1,43,2.2762762762762763,0.0002804098795625709,0.0003727057148295021,0.00047979792349606143
3,1,43,2.274774774774775,0.00027631330584743097,0.00037316490660188606,0.00047047432334212935
3,1,43,2.273273273273273,0.00027308576420059794,0.0003748469144586597,0.00046319107734282827
3,1,43,2.271771771771772,0.00027087272163239806,0.000376933539910862,0.00046722446064351164
3,1,43,2.27027027027027,0.0002720422258758459,0.00037869610231866524,0.00047520496633646214
3,1,43,2.2687687687687688,0.0002767545821348305,0.0003797639007199205,0.00048278982226412914
3,1,43,2.2672672672672673,0.00027884415390200257,0.0003754202640924298,0.0004888629546109247
3,1,43,2.2657657657657655,0.0002744674470063213,0.00036797493759088695,0.0004929493143878139
3,1,43,2.2642642642642645,0.0002782469552126132,0.0003684125747733802,0.0004951853012958862
3,1,43,2.2627627627627627,0.0002843982815508017,0.00037197416168943676,0.0005033427026591708
3,1,43,2.2612612612612613,0.00028729144806105555,0.0003709489798962018,0.0005090188922046712
3,1,43,2.25975975975976,0.0002889699489673214,0.0003657306172644148,0.0005115168022467032
3,1,43,2.258258258258258,0.00029659408168436485,0.0003739224462857571,0.0005149207340968687
3,1,43,2.256756756756757,0.0002994095343687997,0.0003782878309510629,0.0005135578548213227
3,1,43,2.255255255255255,0.00030580632181054224,0.00038501816448910375,0.0005052952411531697
3,1,43,2.2537537537537538,0.0003028398407597388,0.00038540427749089723,0.0004984137914881837
3,1,43,2.2522522522522523,0.000298991109104807,0.0003872702991152277,0.0004947858443840047
3,1,43,2.2507507507507505,0.00029537107715860156,0.0003918691037150257,0.0004917312528615048
3,1,43,2.2492492492492495,0.0002927801911614125,0.00038598028126335393,0.0004893315941836285
3,1,43,2.2477477477477477,0.0002940229824308638,0.00038101167365667266,0.000492720834765592
3,1,43,2.2462462462462462,0.0002898307434634484,0.00037729804864672367,0.0004980549533653011
3,1,43,2.244744744744745,0.00029277883672462757,0.00037639095062691474,0.0005042211605791325
3,1,43,2.243243243243243,0.00029669909964358254,0.0003749511206831979,0.0005091556401271013
3,1,43,2.241741741741742,0.00029868852810832625,0.0003763880253611074,0.0005099122311184034
3,1,43,2.24024024024024,0.0002957518766187883,0.0003756361713973533,0.00050885724736216
3,1,43,2.2387387387387387,0.00029072435567811805,0.00037422175845325256,0.0005057376918319312
3,1,43,2.2372372372372373,0.0002808356830058534,0.00037412922386614866,0.0005003480929169912
3,1,43,2.2357357357357355,0.0002721593003022216,0.00038323151725183635,0.0004958486228875403
3,1,43,2.2342342342342345,0.0002664395286849919,0.00038372742895220746,0.0004958958929528468
3,1,43,2.2327327327327327,0.0002602517502963142,0.00038141483687947897,0.0004953090293379203
3,1,43,2.2312312312312312,0.0002544886835467164,0.00039094803018513424,0.0004942304789532503
3,1,43,2.22972972972973,0.00025010914636547366,0.00040129085737317105,0.0004928026887097703
3,1,43,2.228228228228228,0.0002480136625677698,0.00040218025247584777,0.0004911660801952822
3,1,43,2.226726726726727,0.0002491026603722579,0.00040128899636093784,0.0004894472791574511
3,1,43,2.225225225225225,0.0002542471768521848,0.00040020727649547894,0.000487724582249105
3,1,43,2.2237237237237237,0.00025871550113609754,0.00039938935070860104,0.0004860642892505762
3,1,43,2.2222222222222223,0.000256834667177519,0.00039242562951313786,0.0004845362689660515
3,1,43,2.2207207207207205,0.0002573644960841559,0.00038540610961113053,0.00048424380094569397
3,1,43,2.2192192192192195,0.000263562673179063,0.0003811230766117557,0.0004943456884987096
3,1,43,2.2177177177177176,0.00026673896165896327,0.0003995605276068126,0.0004962954589460278
3,1,43,2.2162162162162162,0.0002705729044040206,0.00039985986408797025,0.0004912697844726699
3,1,43,2.214714714714715,0.00027468985876588636,0.00039066839270729403,0.0004953773207045931
3,1,43,2.213213213213213,0.00027865799876225505,0.0003829609312708815,0.0005002873337797142
3,1,43,2.211711711711712,0.0002785580290640688,0.0003776984082100032,0.0005052903520315066
3,1,43,2.21021021021021,0.00028073880703971543,0.00037503427996155025,0.0005097131892226603
3,1,43,2.2087087087087087,0.00028130087312983054,0.00037825468561325515,0.0005128826591163094
3,1,43,2.2072072072072073,0.0002900645316242789,0.00038150069143561005,0.0005133356489827046
3,1,43,2.2057057057057055,0.0002934309127941015,0.00038365808797879986,0.0005108336773105293
3,1,43,2.2042042042042045,0.000295533733378206,0.0003840425373977663,0.0004998997677329031
3,1,43,2.2027027027027026,0.0002930725504405318,0.00038167665291122255,0.000490853050020057
3,1,43,2.201201201201201,0.00029362598168714005,0.00037744018235108534,0.0004847750248148097
3,1,43,2.1996996996997,0.00029655900493574805,0.0003763385328328095,0.0004872547370661229
3,1,43,2.198198198198198,0.00029740554763546534,0.00038190512825408973,0.0004938829536713651
3,1,43,2.196696696696697,0.0002999672797220354,0.00038235374312312054,0.0004950919694490796
3,1,43,2.195195195195195,0.000296761303262838,0.0003935463936108885,0.0004978266610683457
3,1,43,2.1936936936936937,0.0002912176765182961,0.0003942813910116083,0.0005020418486169076
3,1,43,2.1921921921921923,0.0002869357658177307,0.00038068193813445284,0.0005072466514616236
3,1,43,2.1906906906906904,0.00028417539285929827,0.0003814189058894968,0.0005056158595120319
3,1,43,2.1891891891891895,0.0002854748510184857,0.000389989938326174,0.0005025468918411491
3,1,43,2.1876876876876876,0.0002932433944365931,0.00039301070679043093,0.0005020524240322288
3,1,43,2.186186186186186,0.00030306736677343515,0.0003788545916914021,0.0005143227227957237
3,1,43,2.184684684684685,0.00031270595932020306,0.0003692376084811766,0.0005269716238696098
3,1,43,2.183183183183183,0.00031758050003793947,0.00037512643470472007,0.0005330512252282871
3,1,43,2.181681681681682,0.0003076661497388722,0.00037772575852135226,0.0005334273199111284
3,1,43,2.18018018018018,0.00029802966084924165,0.00037333707181774756,0.0005303079198036853
3,1,43,2.1786786786786787,0.0002903099865741998,0.0003724505201172512,0.0005253778972115208
3,1,43,2.1771771771771773,0.0002844992903355825,0.0003722622063833114,0.0005207698357909685
3,1,43,2.1756756756756754,0.00027440198644945735,0.000375916228545492,0.0005170929757976062
3,1,43,2.1741741741741745,0.0002739613374125316,0.00037972109326744885,0.0005148100596409355
3,1,43,2.1726726726726726,0.0002744796948792594,0.0003834417969690307,0.0005142191671316798
3,1,43,2.171171171171171,0.00027542022122395426,0.00038678662145219533,0.0005075321321151849
3,1,43,2.16966966966967,0.0002696218927453753,0.00038942704663025296,0.0005035731100079266
3,1,43,2.168168168168168,0.00026437030969661546,0.0003910141777532239,0.0004983081927755206
3,1,43,2.166666666666667,0.00026682502044961254,0.0003911988998661631,0.0004975412986448768
3,1,43,2.165165165165165,0.0002725362068157766,0.00038963209801301524,0.0004992084671554542
3,1,43,2.1636636636636637,0.00028082475171731236,0.00038993334750458963,0.0005037302960089196
3,1,43,2.1621621621621623,0.0002844210485100085,0.00039911800768721584,0.0005081956810548682
3,1,43,2.1606606606606604,0.00028734802796537284,0.0004026997518966624,0.0005220426520641253
3,1,43,2.1591591591591595,0.00029229182784162866,0.0004047077983238001,0.0005315118300490695
3,1,43,2.1576576576576576,0.0002906248760882191,0.0004047338538117895,0.0005361892015681713
3,1,43,2.156156156156156,0.00029219033879257506,0.0004023696252044573,0.0005378309539665338
3,1,43,2.1546546546546548,0.00029860049782204356,0.00039722102905415113,0.000535204355790242
3,1,43,2.153153153153153,0.0003046005565444654,0.0003977382599156254,0.0005325596988835501
3,1,43,2.151651651651652,0.0003078099784210586,0.0004040714545596735,0.0005315491851868304
3,1,43,2.15015015015015,0.0003123497573982448,0.00039708603668220377,0.0005246355772483557
3,1,43,2.1486486486486487,0.0003139814265966656,0.00040282723945983534,0.0005051323233936644
3,1,43,2.1471471471471473,0.00030467296045111336,0.0003993831028554773,0.000495125262338636
3,1,43,2.1456456456456454,0.0002962775078508839,0.0004030514890942527,0.0004935824726711724
3,1,43,2.1441441441441444,0.00028971931026544606,0.00039315249299076704,0.0004925916074227654
3,1,43,2.1426426426426426,0.0002853076945922295,0.000398247129263396,0.000493944625539755
3,1,43,2.141141141141141,0.00028271156426007416,0.0004024680066865294,0.0004949909961615706
3,1,43,2.1396396396396398,0.000281508621186477,0.0003947583431371804,0.0004915030917056473
3,1,43,2.138138138138138,0.00028104529668027123,0.0003960165024641249,0.0004868983701156182
3,1,43,2.136636636636637,0.00027444395606057714,0.0003956899286410298,0.0004821178377980573
3,1,43,2.135135135135135,0.0002702048110438948,0.0003850827834677162,0.0004780480993579195
3,1,43,2.1336336336336337,0.0002652320266403052,0.000375032467509806,0.0004828150594221592
3,1,43,2.1321321321321323,0.0002612600896193529,0.00037443888716537366,0.0004904180435850725
3,1,43,2.1306306306306304,0.00026528973918626964,0.00037901689267050287,0.0005001197980155636
3,1,43,2.1291291291291294,0.00027232584750425115,0.0003826654585219469,0.0005112952408153904
3,1,43,2.1276276276276276,0.0002811000275804165,0.0003852870401432895,0.0005198872875070704
3,1,43,2.126126126126126,0.00029042258335210125,0.0003866966620689194,0.0005232939597108466
3,1,43,2.1246246246246248,0.0002944540151733621,0.0003923534594092448,0.0005246495444639621
3,1,43,2.123123123123123,0.00029993826570962057,0.0003899508876468172,0.0005204749587494062
3,1,43,2.121621621621622,0.0003013892287923037,0.00038923164446535985,0.0005127753206684016
3,1,43,2.12012012012012,0.00030166265793318825,0.00038909488935190417,0.0005085784813183558
3,1,43,2.1186186186186187,0.00030242758138476766,0.00039254001504196445,0.0005129689663976311
3,1,43,2.1171171171171173,0.00030510432318886505,0.00039892604180447044,0.0005010293315561576
3,1,43,2.1156156156156154,0.0003091734282820724,0.00039371079323879954,0.0004897924841503754
3,1,43,2.1141141141141144,0.0003150794950097513,0.0003742122742675935,0.0004810179044939522
3,1,43,2.1126126126126126,0.0003181890298484813,0.0003682114037213413,0.00047426991558296994
3,1,43,2.111111111111111,0.00031362281892044486,0.0003671585793139087,0.0004703045228395819
3,1,43,2.1096096096096097,0.0002979828288093289,0.00037876616824150666,0.00046986410522764643
3,1,43,2.108108108108108,0.0002912120993591172,0.00038321242653638343,0.00047350036307380883
3,1,43,2.106606606606607,0.0002787468123670589,0.00037131414460778167,0.00047266931973444226
3,1,43,2.105105105105105,0.0002704392665540123,0.0003697632753028035,0.00047247779188719363
3,1,43,2.1036036036036037,0.00026917915892954447,0.0003867616537001073,0.0004748347714095269
3,1,43,2.1021021021021022,0.00027093748403683726,0.00038975224333537284,0.0004942018835528694
3,1,43,2.1006006006006004,0.00027505694834184524,0.00039132218510595784,0.0005040696012048596
3,1,43,2.0990990990990994,0.00028086101451352263,0.00039098839840123745,0.0005098530102629617
3,1,43,2.0975975975975976,0.00028603431926976786,0.0003906643155102696,0.0005089847896846411
3,1,43,2.096096096096096,0.0002865253503793186,0.0003996111003314873,0.000516006236056854
3,1,43,2.0945945945945947,0.00028772590849790447,0.00039819762434545325,0.0005185816217820882
3,1,43,2.093093093093093,0.0002886497460861115,0.000394195084066018,0.0005188421483894867
3,1,43,2.091591591591592,0.0002967393175323796,0.00038854165883939196,0.0005168904877456137
3,1,43,2.09009009009009,0.00031065520230677546,0.00038544595397449477,0.0005133810846834619
3,1,43,2.0885885885885886,0.00031372234982940395,0.000383799225557091,0.0005090048881363218
3,1,43,2.0870870870870872,0.0002980123944265056,0.0003802133259329654,0.0005076764811500212
3,1,43,2.0855855855855854,0.0002966860868320875,0.00037983651069639635,0.0005104838439783377
3,1,43,2.0840840840840844,0.00029339589770915886,0.0003824754563137578,0.0005067138682847139
3,1,43,2.0825825825825826,0.0002838001805799406,0.0003834974656726775,0.000501198157221161
3,1,43,2.081081081081081,0.0002737168937916312,0.0003853766641157552,0.0004977026180058575
3,1,43,2.0795795795795797,0.0002727914406643883,0.00038818838536269773,0.0005000959172291042
3,1,43,2.078078078078078,0.00027373851320700027,0.000391941156224318,0.0005037327240310363
3,1,43,2.076576576576577,0.0002784770990801322,0.0003963017246482181,0.0005088000271401549
3,1,43,2.075075075075075,0.0002843598435767758,0.0004008279421949812,0.0005117360711951457
3,1,43,2.0735735735735736,0.00029087197352362093,0.0003986814256824456,0.0005113394266070825
3,1,43,2.0720720720720722,0.00029760711619120084,0.00039675753337697905,0.0005152822250671374
3,1,43,2.0705705705705704,0.0003041851144511831,0.0004001663600101679,0.0005190389968859899
3,1,43,2.0690690690690694,0.00031024152227765445,0.00040315372339883027,0.0005217350200656945
3,1,43,2.0675675675675675,0.0003126618699714756,0.0004078179386539649,0.0005202460151486621
3,1,43,2.066066066066066,0.0003124510245722245,0.0004084480779344979,0.0005162894904723325
3,1,43,2.0645645645645647,0.0003135878847413398,0.00040540579840087076,0.0005108678498462194
3,1,43,2.063063063063063,0.0003169583352030658,0.00040201622526092606,0.0005085384320308028
3,1,43,2.0615615615615615,0.00031644382776685465,0.00039869378625057017,0.000508072234031598
3,1,43,2.06006006006006,0.00031455098595489783,0.00040136759319553406,0.0005073211507216069
3,1,43,2.0585585585585586,0.000313647268002315,0.0003999550278184216,0.0005058562813554657
3,1,43,2.057057057057057,0.0003090972602148856,0.00039493060750572795,0.0005031798739495441
3,1,43,2.0555555555555554,0.00030495331947211213,0.00039291708659128233,0.0004987639733561311
3,1,43,2.054054054054054,0.000299317597589277,0.0003930412877808376,0.0004921182567342308
3,1,43,2.0525525525525525,0.0002887700846581076,0.0003930879952762645,0.00048980422486955
3,1,43,2.051051051051051,0.00028666263490317867,0.00039296545872824495,0.0004878589924880439
3,1,43,2.0495495495495497,0.0002859577860923057,0.0003926111133121246,0.0004864478707191644
3,1,43,2.048048048048048,0.00028362448571073173,0.00038674503868074694,0.0004855149009889148
3,1,43,2.0465465465465464,0.0002806624477155184,0.00038071429415231783,0.00048309974831428626
3,1,43,2.045045045045045,0.0002810227057579162,0.0003847677258819182,0.00048597905457659074
3,1,43,2.0435435435435436,0.0002779729259955177,0.00039006775260475024,0.0004907924431714061
3,1,43,2.042042042042042,0.00027220499533719966,0.0003915969757330995,0.0004950602910762658
3,1,43,2.0405405405405403,0.000271469934661539,0.000394446655495706,0.0004978964783909356
3,1,43,2.039039039039039,0.0002694060448259483,0.0003982050593120956,0.000501835156225372
3,1,43,2.0375375375375375,0.0002726213958192947,0.00040246045460246016,0.0005088162905618754
3,1,43,2.036036036036036,0.0002799170965264164,0.0004016507493460608,0.0005181465792400974
3,1,43,2.0345345345345347,0.0002817102027008467,0.00039575142880088343,0.0005267851391954625
3,1,43,2.033033033033033,0.0002842648914881396,0.00038950917545332864,0.0005278333266074409
3,1,43,2.0315315315315314,0.0002884551530047963,0.00039218090137027595,0.0005299302635475289
3,1,43,2.03003003003003,0.0002938104358451987,0.00040404772553159773,0.0005296147620782454
3,1,43,2.0285285285285286,0.0002998828105114093,0.0004009099217046064,0.000527663435502812
3,1,43,2.027027027027027,0.00029986630349287946,0.0003976739252009587,0.0005251398048149447
3,1,43,2.0255255255255253,0.00029854728246736517,0.0003946030710693105,0.0005252783743592282
3,1,43,2.024024024024024,0.0002971614498309405,0.00039191807188787564,0.0005242672933550852
3,1,43,2.0225225225225225,0.00029992950962853815,0.00038966489950520433,0.0005159599977189178
3,1,43,2.021021021021021,0.00029878148359818724,0.00039006721136414235,0.0005083131566996357
3,1,43,2.0195195195195197,0.00029888605884154096,0.00039053993042337254,0.0005088168977821494
3,1,43,2.018018018018018,0.00030008177094820176,0.0003899305575039147,0.0005128479652942719
3,1,43,2.0165165165165164,0.00030223173647392354,0.0003883103384572095,0.0005168309293637208
3,1,43,2.015015015015015,0.0002970673301100346,0.00038578457324045523,0.0005159228676036021
3,1,43,2.0135135135135136,0.000298436699840976,0.0003868139454792363,0.0005164316414789649
3,1,43,2.012012012012012,0.00029999319616436093,0.0003838480114481957,0.0005221715452730091
3,1,43,2.0105105105105103,0.00030164394225151714,0.00038349365146683745,0.000523468660938331
3,1,43,2.009009009009009,0.0003032960612743274,0.00038620640137487783,0.000524397513706143
3,1,43,2.0075075075075075,0.00030472155380756316,0.0003848037218343592,0.0005247175506818413
3,1,43,2.006006006006006,0.00030708152893355045,0.0003922662692132928,0.0005241882189711555
3,1,43,2.0045045045045047,0.0003102083072420436,0.0004027470454881499,0.0005278139221114309
3,1,43,2.003003003003003,0.00031130090691533496,0.00041243399959567384,0.0005270655200944052
3,1,43,2.0015015015015014,0.00031194277090773603,0.0004165239802427223,0.0005206192514485286
3,1,43,2.0,0.00031190358911681315,0.00041599730025154713,0.0005139767152689823
