batch,observed_class,n_cells,voltage,dq_q25,dq_median,dq_q75
2,0,30,3.5,-8.190870724712816e-05,-1.1593731115215036e-06,3.520785575834358e-05
2,0,30,3.4984984984984986,-7.718111067919482e-05,-3.2456650448550153e-06,3.852695926019135e-05
2,0,30,3.496996996996997,-7.56694352074269e-05,-4.527242801515485e-06,4.434792203183468e-05
2,0,30,3.4954954954954953,-7.528976808853982e-05,-5.101336758508101e-06,5.0695645916681925e-05
2,0,30,3.493993993993994,-7.524605492139659e-05,-5.561254817705656e-06,5.668970574402175e-05
2,0,30,3.4924924924924925,-7.551993802721682e-05,-8.392308286524181e-06,5.563949978315204e-05
2,0,30,3.490990990990991,-7.609305972722048e-05,-1.092051698739732e-05,5.453983824708782e-05
2,0,30,3.4894894894894897,-7.694706234262727e-05,-1.2876745427155864e-05,5.610469007397059e-05
2,0,30,3.487987987987988,-7.806358819465749e-05,-1.4241524692613604e-05,6.036142974978926e-05
2,0,30,3.4864864864864864,-7.942427960453026e-05,-1.57710724566626e-05,6.415312991164265e-05
2,0,30,3.484984984984985,-8.101077889346569e-05,-1.555151528679262e-05,6.734115141684962e-05
2,0,30,3.4834834834834836,-8.275059762293792e-05,-1.5104095418469082e-05,6.716503010964053e-05
2,0,30,3.481981981981982,-8.31964156349266e-05,-1.5019336560048155e-05,6.798118954318637e-05
2,0,30,3.4804804804804803,-8.636147466158773e-05,-1.3926424817542907e-05,6.909123079815955e-05
2,0,30,3.478978978978979,-8.928646423984883e-05,-1.1649189460976458e-05,6.948886358177625e-05
2,0,30,3.4774774774774775,-9.127517047972922e-05,-8.220399217867097e-06,6.882831518684642e-05
2,0,30,3.475975975975976,-9.328421861274033e-05,-4.240052892848941e-06,6.821552778729702e-05
2,0,30,3.4744744744744747,-9.507399686993597e-05,-8.710848781619048e-07,6.887392542419855e-05
2,0,30,3.472972972972973,-9.660470303365005e-05,-1.2150654402576179e-06,7.098179917901694e-05
2,0,30,3.4714714714714714,-9.784009223737006e-05,-2.0719642604766155e-06,7.13162369015838e-05
2,0,30,3.46996996996997,-9.874677770278128e-05,-3.3529040019634196e-06,7.190828529302377e-05
2,0,30,3.4684684684684686,-9.932046072442255e-05,-4.938949199068506e-06,7.283799577704167e-05
2,0,30,3.466966966966967,-9.957579605908511e-05,-6.6862653029685826e-06,7.502556719660985e-05
2,0,30,3.4654654654654653,-9.953030668992457e-05,-8.385093453698442e-06,7.696117552549928e-05
2,0,30,3.463963963963964,-9.924816292978511e-05,-8.347066550309608e-06,7.869239934369011e-05
2,0,30,3.4624624624624625,-9.88365885253517e-05,-8.442989870152342e-06,8.027276749560425e-05
2,0,30,3.460960960960961,-9.840443116602667e-05,-8.593578742539722e-06,8.180951390813506e-05
2,0,30,3.4594594594594597,-9.80588886721949e-05,-8.71829443345668e-06,8.202401335040475e-05
2,0,30,3.457957957957958,-9.785275465132542e-05,-9.025574096613851e-06,8.25073885813257e-05
2,0,30,3.4564564564564564,-9.777318234067712e-05,-9.27324731939957e-06,8.326611917969484e-05
2,0,30,3.454954954954955,-9.780331005389728e-05,-9.264508982463637e-06,8.426602359794564e-05
2,0,30,3.4534534534534536,-9.790012147258548e-05,-9.071220882699211e-06,8.510259047481123e-05
2,0,30,3.451951951951952,-9.795031608325914e-05,-8.765244816999506e-06,8.561034293058772e-05
2,0,30,3.4504504504504503,-9.782867127809312e-05,-8.742033921863696e-06,8.611143620014847e-05
2,0,30,3.448948948948949,-9.741158324220127e-05,-9.054711082043059e-06,8.629480553999557e-05
2,0,30,3.4474474474474475,-9.663562612372169e-05,-9.582944873281671e-06,8.592580119252057e-05
2,0,30,3.445945945945946,-9.556861541619156e-05,-1.0312307592342119e-05,8.510216742414539e-05
2,0,30,3.4444444444444446,-9.429924718549782e-05,-1.1161418324081738e-05,8.3958729701506e-05
2,0,30,3.442942942942943,-9.431858090715791e-05,-1.2044844018460003e-05,8.264324616663311e-05
2,0,30,3.4414414414414414,-9.49183425749481e-05,-1.2877151625435791e-05,8.132752261299554e-05
2,0,30,3.43993993993994,-9.525557453260002e-05,-1.357290809496901e-05,8.018380784157695e-05
2,0,30,3.4384384384384385,-9.53536312548295e-05,-1.4047063554195648e-05,7.938436618677773e-05
2,0,30,3.436936936936937,-9.532898265695173e-05,-1.4224929242737734e-05,7.899066069247764e-05
2,0,30,3.4354354354354353,-9.596849225642154e-05,-1.4085948077745486e-05,7.893915397628586e-05
2,0,30,3.433933933933934,-9.729694546281717e-05,-1.3698551089285239e-05,7.914768798200487e-05
2,0,30,3.4324324324324325,-9.928024388580249e-05,-1.314200313896766e-05,7.95097384224887e-05
2,0,30,3.430930930930931,-0.00010194687895932557,-1.2495569088403634e-05,7.991137309374107e-05
2,0,30,3.4294294294294296,-0.00010397528450841348,-1.1838513799204047e-05,8.024056081427878e-05
2,0,30,3.4279279279279278,-0.00010462318174170082,-1.1250524020115144e-05,8.040242002253886e-05
2,0,30,3.4264264264264264,-0.00010489701786658891,-1.1116180905775203e-05,8.041059208663449e-05
2,0,30,3.424924924924925,-0.0001047575625894932,-1.1615737282563536e-05,8.127528073553184e-05
2,0,30,3.4234234234234235,-0.0001045778059726164,-1.2109210949589667e-05,8.23264270220376e-05
2,0,30,3.421921921921922,-0.00010426163102038408,-1.2547060748214849e-05,8.440988783326711e-05
2,0,30,3.4204204204204203,-0.00010382101449137363,-1.2879745519800553e-05,8.758745628455465e-05
2,0,30,3.418918918918919,-0.00010332240589548745,-1.3057724105707815e-05,9.070586271468274e-05
2,0,30,3.4174174174174174,-0.00010285577006130666,-1.3031604559056399e-05,9.365691500949917e-05
2,0,30,3.415915915915916,-0.0001025188860273227,-1.3701214765763086e-05,9.475218537044385e-05
2,0,30,3.4144144144144146,-0.00010240244374381678,-1.4660986522666616e-05,9.457229831214063e-05
2,0,30,3.4129129129129128,-0.0001025205324966357,-1.55637660580936e-05,9.418790948130052e-05
2,0,30,3.4114114114114114,-0.00010283923611056575,-1.6330608764396695e-05,9.41971709599726e-05
2,0,30,3.40990990990991,-0.00010332324410249234,-1.688257003392953e-05,9.453665942805078e-05
2,0,30,3.4084084084084085,-0.00010390462560470664,-1.7140705259044214e-05,9.504452976887522e-05
2,0,30,3.406906906906907,-0.000104457282342381,-1.7033666159904648e-05,9.555853958358087e-05
2,0,30,3.4054054054054053,-0.00010484892841813376,-1.6582157493795144e-05,9.59227721884445e-05
2,0,30,3.403903903903904,-0.0001049641549075676,-1.5895350716073732e-05,9.572444916467219e-05
2,0,30,3.4024024024024024,-0.0001047699948536888,-1.5097913248414549e-05,9.491704499301824e-05
2,0,30,3.400900900900901,-0.00010426118721847783,-1.4314663378529706e-05,9.40915056071135e-05
2,0,30,3.3993993993993996,-0.00010343354967631965,-1.3670419394130667e-05,9.272641846291786e-05
2,0,30,3.3978978978978978,-0.00010247167244866796,-1.3289999582929111e-05,9.068019382209552e-05
2,0,30,3.3963963963963963,-0.00010236957323789351,-1.3292673219268344e-05,8.902954368437282e-05
2,0,30,3.394894894894895,-0.00010232439356157308,-1.3696045076122846e-05,8.896883799554007e-05
2,0,30,3.3933933933933935,-0.00010239941259771465,-1.437595015742481e-05,8.928542458052453e-05
2,0,30,3.391891891891892,-0.00010259852851357706,-1.5175042394482106e-05,8.948121169903252e-05
2,0,30,3.3903903903903903,-0.000102889596259688,-1.5935741840931474e-05,8.977756982196108e-05
2,0,30,3.388888888888889,-0.00010323864389364334,-1.6500468550408563e-05,8.972084990172273e-05
2,0,30,3.3873873873873874,-0.0001035856836190095,-1.671164257655033e-05,8.973403074749478e-05
2,0,30,3.385885885885886,-0.00010386566016134927,-1.6423629058117013e-05,8.990516814714187e-05
2,0,30,3.3843843843843846,-0.00010396502035729118,-1.5626442627423133e-05,9.018302740907173e-05
2,0,30,3.3828828828828827,-0.00010373842327757957,-1.4480901321007288e-05,9.045663989645022e-05
2,0,30,3.3813813813813813,-0.00010327547485333602,-1.3174699627452671e-05,9.060183992613477e-05
2,0,30,3.37987987987988,-0.00010269232057206752,-1.189553475480277e-05,9.05234546747678e-05
2,0,30,3.3783783783783785,-0.00010251208483104705,-1.0831103911102154e-05,9.016988591194555e-05
2,0,30,3.376876876876877,-0.00010223453902842203,-1.016909902507284e-05,8.956537115583133e-05
2,0,30,3.3753753753753752,-0.00010203538629924552,-1.0086843939758217e-05,8.876524002934729e-05
2,0,30,3.373873873873874,-0.00010209035684734377,-1.0606374397207491e-05,8.784556832356185e-05
2,0,30,3.3723723723723724,-0.00010254806195684574,-1.1566958281133879e-05,8.692770592409944e-05
2,0,30,3.370870870870871,-0.00010348910752690688,-1.279327709105809e-05,8.613866013199804e-05
2,0,30,3.3693693693693696,-0.00010510562926009442,-1.4110012326500401e-05,8.559936893218819e-05
2,0,30,3.3678678678678677,-0.00010707009035995359,-1.534184548698022e-05,8.556828309790499e-05
2,0,30,3.3663663663663663,-0.00010923252207254244,-1.6313067133657145e-05,8.613596250401766e-05
2,0,30,3.364864864864865,-0.00011142578811047126,-1.6842186820771946e-05,8.681859945326416e-05
2,0,30,3.3633633633633635,-0.00011384604834005691,-1.6889821003045462e-05,8.750338339920329e-05
2,0,30,3.361861861861862,-0.00011629678946453812,-1.6555561374515144e-05,8.806628318211614e-05
2,0,30,3.3603603603603602,-0.00011856883508759033,-1.5943962049003862e-05,8.840065753487245e-05
2,0,30,3.358858858858859,-0.00012062360767891743,-1.515957714033839e-05,8.840937225634686e-05
2,0,30,3.3573573573573574,-0.0001225808664890558,-1.4306960762342034e-05,8.804399352640773e-05
2,0,30,3.355855855855856,-0.0001245318459257407,-1.3492294655331749e-05,8.786254183842956e-05
2,0,30,3.3543543543543546,-0.00012622755351349136,-1.2836781392717468e-05,8.756977789439453e-05
2,0,30,3.3528528528528527,-0.00012772853107997505,-1.2368708264873848e-05,8.711725090881136e-05
2,0,30,3.3513513513513513,-0.00012903659745396078,-1.2058999696679291e-05,8.655809276125075e-05
2,0,30,3.34984984984985,-0.0001296668220807152,-1.1878114671784977e-05,8.595574291838499e-05
2,0,30,3.3483483483483485,-0.00013060179535810527,-1.1796512173842082e-05,8.540625429590866e-05
2,0,30,3.346846846846847,-0.00013179631253088507,-1.1784651186500916e-05,8.495704341661262e-05
2,0,30,3.3453453453453452,-0.00013313744562667854,-1.1809264291772707e-05,8.460754730304446e-05
2,0,30,3.343843843843844,-0.0001345098747718306,-1.1832878183349205e-05,8.434939187682857e-05
2,0,30,3.3423423423423424,-0.00013582929638773387,-1.187641787157856e-05,8.482792236074116e-05
2,0,30,3.340840840840841,-0.0001370569293889254,-1.1973720133517246e-05,8.537302655117827e-05
2,0,30,3.3393393393393396,-0.00013815762478643664,-1.2158621746285493e-05,8.58053656745269e-05
2,0,30,3.3378378378378377,-0.00013909696217873817,-1.2464959487002662e-05,8.596583521473214e-05
2,0,30,3.3363363363363363,-0.00013983594633226628,-1.2926570132788546e-05,8.57625685491642e-05
2,0,30,3.334834834834835,-0.00014096324677057622,-1.3581946966568451e-05,8.514269247264332e-05
2,0,30,3.3333333333333335,-0.0001433030109251408,-1.4418849016854633e-05,8.409528329949645e-05
2,0,30,3.3318318318318316,-0.00014545923617611742,-1.5326702156316565e-05,8.289931114105953e-05
2,0,30,3.33033033033033,-0.00014728141310471794,-1.6187661967462588e-05,8.221197435876034e-05
2,0,30,3.328828828828829,-0.00014861875536623364,-1.6883884032806683e-05,8.150251737295893e-05
2,0,30,3.3273273273273274,-0.00014938106128633806,-1.729752393485849e-05,8.15861884163856e-05
2,0,30,3.325825825825826,-0.00014972387308204074,-1.731070913516767e-05,8.191181242105843e-05
2,0,30,3.324324324324324,-0.0001498602714732275,-1.6822056270953713e-05,8.287872108609859e-05
2,0,30,3.3228228228228227,-0.00015000094833802916,-1.5920454014364295e-05,8.384703568473746e-05
2,0,30,3.3213213213213213,-0.00015082287948057528,-1.4809633649286863e-05,8.478213775267932e-05
2,0,30,3.31981981981982,-0.00015201001478092621,-1.36954789350021e-05,8.57315191414498e-05
2,0,30,3.3183183183183185,-0.00015369520363825526,-1.2783873630790692e-05,8.717354346253568e-05
2,0,30,3.3168168168168166,-0.00015593585350919589,-1.2280701495935922e-05,8.857569048860425e-05
2,0,30,3.315315315315315,-0.00015593531394792826,-1.2391274470693187e-05,8.98403859886242e-05
2,0,30,3.313813813813814,-0.00015610573771050653,-1.321760451310737e-05,9.088857411512644e-05
2,0,30,3.3123123123123124,-0.000156432961211895,-1.4558346793563937e-05,9.166987782427676e-05
2,0,30,3.310810810810811,-0.00015679324311505772,-1.5015965461651765e-05,9.224377047714486e-05
2,0,30,3.309309309309309,-0.00015706641966829358,-1.5043269388282689e-05,9.268183730603598e-05
2,0,30,3.3078078078078077,-0.00015711434387631618,-1.5003951228016905e-05,9.304999215454125e-05
2,0,30,3.3063063063063063,-0.0001567886052378847,-1.4728778384672132e-05,9.341285343446304e-05
2,0,30,3.304804804804805,-0.00015594078040563706,-1.4118926146170635e-05,9.382465902474683e-05
2,0,30,3.3033033033033035,-0.00015444060552488419,-1.3166180158625217e-05,9.43313752187632e-05
2,0,30,3.3018018018018016,-0.00015238753506144082,-1.1886364059588046e-05,9.495862179233422e-05
2,0,30,3.3003003003003,-0.00015001635255821677,-1.0298116448839885e-05,9.570088472140355e-05
2,0,30,3.298798798798799,-0.00014754786249459402,-8.529130268317142e-06,9.680317025225664e-05
2,0,30,3.2972972972972974,-0.00014518640518344566,-6.768442408245333e-06,9.860768461399669e-05
2,0,30,3.295795795795796,-0.00014315658801921293,-5.17080262699577e-06,0.0001007202601370355
2,0,30,3.294294294294294,-0.0001416917069441432,-3.7994922970031528e-06,0.00010304370021787515
2,0,30,3.2927927927927927,-0.00014098443225986444,-2.656401661145502e-06,0.00010545830902441598
2,0,30,3.2912912912912913,-0.0001415041321415028,-1.730340127699577e-06,0.00010781090081866907
2,0,30,3.28978978978979,-0.0001422552294810843,-9.92394061006055e-07,0.00010991969523285999
2,0,30,3.2882882882882885,-0.0001432189087634708,-3.4451502296632686e-07,0.00011163063493741486
2,0,30,3.2867867867867866,-0.0001443378145228806,3.2702993591534474e-07,0.00011339779942827737
2,0,30,3.285285285285285,-0.00014545072521714034,1.1087000422330476e-06,0.00011452460122380508
2,0,30,3.2837837837837838,-0.0001466960321016824,2.0458257606369504e-06,0.00011516528375427743
2,0,30,3.2822822822822824,-0.0001475792938208124,3.1594603269570823e-06,0.00011549434508824862
2,0,30,3.280780780780781,-0.00014801673366694398,4.463017412950979e-06,0.0001157021061332416
2,0,30,3.279279279279279,-0.00014794793307303577,5.969184351427986e-06,0.00011598550114006291
2,0,30,3.2777777777777777,-0.000147363185617077,7.526767643749668e-06,0.00011654148657066175
2,0,30,3.2762762762762763,-0.00014637278597967943,7.615413732933209e-06,0.00011756054627442766
2,0,30,3.274774774774775,-0.00014517588575833906,7.847753458887358e-06,0.00011915103013173962
2,0,30,3.2732732732732734,-0.00014397945953039618,8.339775427379861e-06,0.00012135866484996264
2,0,30,3.2717717717717716,-0.00014303546402095156,9.177988423932082e-06,0.0001242051124893213
2,0,30,3.27027027027027,-0.0001426270548075554,1.0392108731771543e-05,0.000127656873674554
2,0,30,3.2687687687687688,-0.00014300242136154086,1.1728182057203426e-05,0.0001316719811623509
2,0,30,3.2672672672672673,-0.00014419412579631287,1.2271521712514666e-05,0.0001362084677628394
2,0,30,3.265765765765766,-0.00014601872718489426,1.279504586576552e-05,0.00014120534078131217
2,0,30,3.264264264264264,-0.00014821667277920697,1.3142326439206237e-05,0.00014644028545471657
2,0,30,3.2627627627627627,-0.00015071582391103493,1.3238013309081753e-05,0.00015161341547671563
2,0,30,3.2612612612612613,-0.0001558016646345424,1.3034907178965938e-05,0.00015647863027536645
2,0,30,3.25975975975976,-0.00016050269015849446,1.2457710378372885e-05,0.00016085328233826548
2,0,30,3.2582582582582584,-0.00016424035140155842,1.1431586771023378e-05,0.00016455832100095453
2,0,30,3.2567567567567566,-0.0001666288180343636,9.160743111630634e-06,0.00016741653433216888
2,0,30,3.255255255255255,-0.00016780556812066427,7.1800824398716295e-06,0.00016941075685824886
2,0,30,3.2537537537537538,-0.00016804574026912933,7.97914477508252e-06,0.00017088357695547313
2,0,30,3.2522522522522523,-0.000167651856669262,8.849610867700183e-06,0.00017222152178955098
2,0,30,3.250750750750751,-0.00016701953555074787,9.865671525513542e-06,0.00017367754867693604
2,0,30,3.249249249249249,-0.00016656012225254712,1.110902972189555e-05,0.00017543247876235322
2,0,30,3.2477477477477477,-0.00016661755705851128,1.266027151708947e-05,0.00017766642904153834
2,0,30,3.2462462462462462,-0.00016737792081155962,1.464193977820244e-05,0.00018057499708379592
2,0,30,3.244744744744745,-0.0001688969786062507,1.532863215955929e-05,0.00018437171690416192
2,0,30,3.2432432432432434,-0.00017121681387151193,1.559651280429175e-05,0.0001890836030585463
2,0,30,3.2417417417417416,-0.0001743401019613025,1.5536242885652585e-05,0.00019472770419685231
2,0,30,3.24024024024024,-0.000177991537089482,1.5180902993284368e-05,0.0002013798923500617
2,0,30,3.2387387387387387,-0.00018166047728016173,1.4560370748799983e-05,0.00020912821339865058
2,0,30,3.2372372372372373,-0.00018482810334582208,1.3661325215739636e-05,0.00021806071322310553
2,0,30,3.235735735735736,-0.00018739584601563854,1.2456666098170643e-05,0.0002282316602644852
2,0,30,3.234234234234234,-0.00018961801614638708,1.091565928187932e-05,0.00023952879605831923
2,0,30,3.2327327327327327,-0.00019176638858003827,8.979551825012005e-06,0.00025179057706891175
2,0,30,3.2312312312312312,-0.00019416928727602513,6.837082970584385e-06,0.00025905780959788616
2,0,30,3.22972972972973,-0.00019695175588324652,1.2034581621522822e-05,0.0002649534378500367
2,0,30,3.2282282282282284,-0.00020010567645818537,1.7304772635954452e-05,0.00027118022200527895
2,0,30,3.2267267267267266,-0.0002035510607284038,2.3555062372842758e-05,0.000277603005895302
2,0,30,3.225225225225225,-0.00020725638747319617,3.047877956758628e-05,0.0002840509184471292
2,0,30,3.2237237237237237,-0.00021121404376571971,3.725613664391954e-05,0.0002907128473061708
2,0,30,3.2222222222222223,-0.00021658970271485212,3.8388014583435465e-05,0.00029804425003436986
2,0,30,3.220720720720721,-0.00022532775940148873,3.7706700349244074e-05,0.00030641927459555685
2,0,30,3.219219219219219,-0.00023342302403248083,3.572909098143763e-05,0.0003161552951368258
2,0,30,3.2177177177177176,-0.00023990889263351446,3.2388688313070985e-05,0.00032746236661616336
2,0,30,3.2162162162162162,-0.0002448034770719792,2.7852360780820234e-05,0.00033979722763238275
2,0,30,3.214714714714715,-0.0002503538460445799,2.971493912002493e-05,0.000354998650191507
2,0,30,3.2132132132132134,-0.00025909467584967795,3.351510106588615e-05,0.0003710989917413889
2,0,30,3.2117117117117115,-0.00027350624091658504,3.577114560463293e-05,0.00038808746757151846
2,0,30,3.21021021021021,-0.00029370438717641646,3.809553629832013e-05,0.00040501285413880456
2,0,30,3.2087087087087087,-0.0003170499729693733,4.26367980469744e-05,0.00042227470323602176
2,0,30,3.2072072072072073,-0.00034140627781359054,5.1528471297211664e-05,0.0004407941390294542
2,0,30,3.205705705705706,-0.000365346089578545,6.601019136663958e-05,0.00046094638151664667
2,0,30,3.204204204204204,-0.0003873328178597077,8.306701337653169e-05,0.00048273585240592685
2,0,30,3.2027027027027026,-0.00040419375614735714,9.706410592150161e-05,0.0005073872632914509
2,0,30,3.201201201201201,-0.00041739756675943096,0.00011564770232853558,0.0005467917586614371
2,0,30,3.1996996996997,-0.0004339878444195311,0.00013557741984659977,0.0005934923922154139
2,0,30,3.198198198198198,-0.0004538517820545443,0.00015829029980519646,0.0006442903156315682
2,0,30,3.1966966966966965,-0.00047659676799193494,0.0001856156135600119,0.0006973872290550777
2,0,30,3.195195195195195,-0.000504750099676805,0.00020889041041694326,0.0007511833112470497
2,0,30,3.1936936936936937,-0.0005404107544074426,0.00020897069112327596,0.0008061307657943051
2,0,30,3.1921921921921923,-0.0005844811332580101,0.00020891443722395944,0.0008669964637184561
2,0,30,3.1906906906906904,-0.000642877907987215,0.00021870225928137185,0.000938399826305919
2,0,30,3.189189189189189,-0.0007234519295281419,0.00022545840532226316,0.0010250528731890664
2,0,30,3.1876876876876876,-0.0008243733520322816,0.00024114019116727378,0.0011371782123576757
2,0,30,3.186186186186186,-0.0009341872415605506,0.0002915627304529156,0.0012760853100993574
2,0,30,3.184684684684685,-0.0010488319513405064,0.0003680477945556329,0.0014338816692115418
2,0,30,3.183183183183183,-0.0010914390703183237,0.0004621839312139511,0.0016178404506038933
2,0,30,3.1816816816816815,-0.00115030452787266,0.0005700090950985087,0.001808614579598404
2,0,30,3.18018018018018,-0.0012305789800279403,0.0006452752957199839,0.002004958104171263
2,0,30,3.1786786786786787,-0.0012743178957311599,0.0006861569470249934,0.0022308787009892757
2,0,30,3.1771771771771773,-0.0013136358144855836,0.000748345600767017,0.002461820696239122
2,0,30,3.1756756756756754,-0.0013453220712173544,0.0008046997065530789,0.002691426602538717
2,0,30,3.174174174174174,-0.0014230559697787984,0.0008548780780446644,0.0029183780440477265
2,0,30,3.1726726726726726,-0.001580715091710587,0.0009044156960324248,0.0031702079170622503
2,0,30,3.171171171171171,-0.0017181754781168193,0.0010068894058614941,0.003417794882042146
2,0,30,3.16966966966967,-0.001908644318844497,0.0011279271422693499,0.0036148733248311943
2,0,30,3.168168168168168,-0.0021125012111852456,0.0010458422053219105,0.0037797603907971968
2,0,30,3.1666666666666665,-0.0022300967391356424,0.0009496256614170834,0.004030521414681874
2,0,30,3.165165165165165,-0.0023511373364751773,0.0008908796703512439,0.004341110546723169
2,0,30,3.1636636636636637,-0.0024593712727143738,0.0008359009152649338,0.004655024978637574
2,0,30,3.1621621621621623,-0.002490449304122365,0.0008071467717156305,0.004901705762322024
2,0,30,3.1606606606606604,-0.002554003451693876,0.0008294967953692695,0.0051242169325553255
2,0,30,3.159159159159159,-0.0025158604887350264,0.0008169913650851179,0.005266646976840372
2,0,30,3.1576576576576576,-0.0024913038423074532,0.0006927377281672892,0.005320888987370674
2,0,30,3.156156156156156,-0.0024437825542481667,0.0006130465436031546,0.0054673575647984154
2,0,30,3.1546546546546548,-0.0021231750506170433,0.000634398722379026,0.005596854959334589
2,0,30,3.153153153153153,-0.0018912719193796487,0.000717885548242439,0.005639835743059582
2,0,30,3.1516516516516515,-0.0019091578452170993,0.000833870122318392,0.005589807843274501
2,0,30,3.15015015015015,-0.0018161478410985699,0.0008848551843701064,0.005541905009743914
2,0,30,3.1486486486486487,-0.0018519119650883542,0.0008542213483185152,0.005493922430078221
2,0,30,3.1471471471471473,-0.0019164819216765383,0.0008391594456809148,0.005486037833508539
2,0,30,3.1456456456456454,-0.0019466294585454985,0.0008716570295680959,0.005446053735456466
2,0,30,3.144144144144144,-0.0019002885856014146,0.0009070015803183673,0.005439583645247326
2,0,30,3.1426426426426426,-0.0019126647541351238,0.0009225020879941037,0.005352736522084275
2,0,30,3.141141141141141,-0.002037629644053768,0.0009759645262534256,0.0053074245389327784
2,0,30,3.1396396396396398,-0.0021614320644342544,0.0010423625785610235,0.005357261162149088
2,0,30,3.138138138138138,-0.001643801832150224,0.0010105420598624515,0.005341294855147158
2,0,30,3.1366366366366365,-0.0017030249585921892,0.0009747577262220197,0.0052978017296498175
2,0,30,3.135135135135135,-0.001736608404968129,0.0012301364737020148,0.005309112504815777
2,0,30,3.1336336336336337,-0.0016942639309144025,0.0014363892739377992,0.005254555002918354
2,0,30,3.1321321321321323,-0.0016746474708603382,0.0014117942801176175,0.005145102247346239
2,0,30,3.1306306306306304,-0.0016964202505676956,0.0014281653612314704,0.005048119331600473
2,0,30,3.129129129129129,-0.001744431561090401,0.001431518202480303,0.0049981883319944465
2,0,30,3.1276276276276276,-0.0017239124513690196,0.0013426594573903716,0.004978374286501344
2,0,30,3.126126126126126,-0.00172149354270415,0.0010889225900697075,0.004985921846444211
2,0,30,3.1246246246246248,-0.0017511574950480474,0.0008761410637645461,0.00501305830637544
2,0,30,3.123123123123123,-0.0018194293103520193,0.0008387522845391682,0.005012557110166058
2,0,30,3.1216216216216215,-0.0018851373895355933,0.0008937902726698366,0.004970137171566469
2,0,30,3.12012012012012,-0.0019357490555429319,0.0010101126413525063,0.005068484804504322
2,0,30,3.1186186186186187,-0.0019360563132823916,0.0011130473210452796,0.005182621005719812
2,0,30,3.1171171171171173,-0.0018720972434889543,0.0011257278440569285,0.005253660990193407
2,0,30,3.1156156156156154,-0.001805726889760717,0.0010846082889830466,0.0052467603434666055
2,0,30,3.114114114114114,-0.0018093293923482912,0.0011322255386272961,0.0052289132979327635
2,0,30,3.1126126126126126,-0.0018298647669249823,0.0012339722233711548,0.005210975925268674
2,0,30,3.111111111111111,-0.0018480378389799101,0.0013293124469314632,0.005176527108807671
2,0,30,3.1096096096096097,-0.001912891201788211,0.0014015066296107215,0.005161298581207133
2,0,30,3.108108108108108,-0.0019942462019738316,0.0014543324591587414,0.005139458338265249
2,0,30,3.1066066066066065,-0.0020003321860379703,0.0013334179481708508,0.0051161364161382145
2,0,30,3.105105105105105,-0.0019756657792982663,0.001292049536349149,0.005095204965169908
2,0,30,3.1036036036036037,-0.001762089610549522,0.001242738393686632,0.005073825444044139
2,0,30,3.1021021021021022,-0.0016186550453720638,0.0011689171470623538,0.005103149398556578
2,0,30,3.1006006006006004,-0.0013376649145176167,0.0011056051696072544,0.005180437639914159
2,0,30,3.099099099099099,-0.0011784037231762912,0.0010760551812994956,0.005252161548258832
2,0,30,3.0975975975975976,-0.0011324793579586823,0.0012674073537087827,0.005329607447799534
2,0,30,3.096096096096096,-0.0011124403522354276,0.0015767386836688102,0.005350217596892665
2,0,30,3.0945945945945947,-0.0010790001873323685,0.0018258954817715889,0.00535491323942669
2,0,30,3.093093093093093,-0.0010503914213255972,0.0017705251587920579,0.005409844792484769
2,0,30,3.0915915915915915,-0.001067351682057266,0.0017495342533990765,0.00546556020137115
2,0,30,3.09009009009009,-0.0010827393152323395,0.001765386035271932,0.005477268989039191
2,0,30,3.0885885885885886,-0.0010763107616549028,0.0017801647467005077,0.005493729405579129
2,0,30,3.0870870870870872,-0.0010772413264022729,0.0018358343861880622,0.005593313804429151
2,0,30,3.0855855855855854,-0.0010934222739132637,0.0019515929085465733,0.005717384893172889
2,0,30,3.084084084084084,-0.0011295289857982393,0.0020626270724566353,0.005950184464033725
2,0,30,3.0825825825825826,-0.0011819538641153204,0.0020934743145064605,0.006018983990618426
2,0,30,3.081081081081081,-0.0012639650428829807,0.002092592287888495,0.006042743047566024
2,0,30,3.0795795795795797,-0.0014254847643220825,0.0020994625095787645,0.006022355129951695
2,0,30,3.078078078078078,-0.0015770384544123994,0.0021214962070741916,0.005992151249117311
2,0,30,3.0765765765765765,-0.0016318163597291713,0.0021352504286271112,0.005994685936931338
2,0,30,3.075075075075075,-0.0016635902931236846,0.0021511385669767402,0.006009674049909403
2,0,30,3.0735735735735736,-0.0017010612887779775,0.0021582385688161954,0.006000110256460384
2,0,30,3.0720720720720722,-0.001697834597071568,0.0022075330625704326,0.005952712412612499
2,0,30,3.0705705705705704,-0.001745919076247049,0.0022554635658856292,0.006043827144293107
2,0,30,3.069069069069069,-0.0018128676795294285,0.002301704518198111,0.006136900724540401
2,0,30,3.0675675675675675,-0.0018465516217834599,0.0023682501384544308,0.006181461515169573
2,0,30,3.066066066066066,-0.001885928928004571,0.0024329045968486396,0.0062036933771708325
2,0,30,3.0645645645645647,-0.0018666790363167374,0.002507041258189624,0.006272771135772459
2,0,30,3.063063063063063,-0.0017723201617064754,0.0024989073842988097,0.006337273206176441
2,0,30,3.0615615615615615,-0.001661692752458338,0.0024690500753638545,0.006402989890709754
2,0,30,3.06006006006006,-0.0016388937173870965,0.0024473541277149624,0.006445417019279309
2,0,30,3.0585585585585586,-0.0016644896169207835,0.002433280120983594,0.006457433623208109
2,0,30,3.057057057057057,-0.001705099570235652,0.002428914388791392,0.006482705846483999
2,0,30,3.0555555555555554,-0.0017429111060270897,0.0024438823400144694,0.006535785464041849
2,0,30,3.054054054054054,-0.0017956289115558521,0.002480684685406187,0.00660579483797577
2,0,30,3.0525525525525525,-0.001798930733971249,0.002468374787260086,0.006671067758713234
2,0,30,3.051051051051051,-0.0018107830536975567,0.002413518169084472,0.0067033239418752555
2,0,30,3.0495495495495497,-0.0017765128492897575,0.0023516997401902273,0.006714797047793292
2,0,30,3.048048048048048,-0.0017274235955354045,0.00227753746958953,0.006744075717031145
2,0,30,3.0465465465465464,-0.0016696168231776498,0.0022126775716415636,0.006731033636366818
2,0,30,3.045045045045045,-0.0016201892675055396,0.002152302907257264,0.006712895416968345
2,0,30,3.0435435435435436,-0.001598850933230811,0.00207010604943475,0.006707852407838444
2,0,30,3.042042042042042,-0.0016081792754887858,0.0019776617673978314,0.006700724699746807
2,0,30,3.0405405405405403,-0.0016149460380935898,0.0019696525259229047,0.006705411635218983
2,0,30,3.039039039039039,-0.0016063139076472055,0.001992100872880931,0.006691506199696301
2,0,30,3.0375375375375375,-0.0016003703511384137,0.0020019750000316305,0.006666492908949551
2,0,30,3.036036036036036,-0.00161584424982808,0.001980053034983442,0.006649505243447679
2,0,30,3.0345345345345347,-0.0016553714668280095,0.0019544723133441133,0.006621793397774578
2,0,30,3.033033033033033,-0.0016880482886623416,0.0019412838604362381,0.006577817064616798
2,0,30,3.0315315315315314,-0.001671418051646556,0.001947455636030826,0.006518495765865606
2,0,30,3.03003003003003,-0.001630205037516097,0.0019597635257992407,0.006460530684234439
2,0,30,3.0285285285285286,-0.0016060491895609486,0.001954803429594698,0.006418567660068014
2,0,30,3.027027027027027,-0.001609066672894427,0.001969124523886534,0.006381111188608374
2,0,30,3.0255255255255253,-0.0016122055784814904,0.0020085149151673476,0.006359599273280031
2,0,30,3.024024024024024,-0.001588430673260588,0.002033309944839967,0.0063694951648536335
2,0,30,3.0225225225225225,-0.0015683513994656229,0.002022906944305791,0.006384281660014091
2,0,30,3.021021021021021,-0.0015456203916265066,0.0019968623143954423,0.006379221277644093
2,0,30,3.0195195195195197,-0.0015388679045161557,0.001976107965732221,0.006355812586034515
2,0,30,3.018018018018018,-0.0015391790184022813,0.0019643040269683443,0.006318041335160091
2,0,30,3.0165165165165164,-0.0015303008559502396,0.001969760016046873,0.006274861658440434
2,0,30,3.015015015015015,-0.0015319048181617334,0.001983251863360791,0.0062335549219144915
2,0,30,3.0135135135135136,-0.0014987331643707968,0.001976566726341389,0.006184881083209054
2,0,30,3.012012012012012,-0.0015070696698465669,0.0019433781213926693,0.006125647570791759
2,0,30,3.0105105105105103,-0.00153330613119676,0.0019112460468168058,0.006071059697095926
2,0,30,3.009009009009009,-0.0015311826795240124,0.0018956231372173615,0.00603233321860841
2,0,30,3.0075075075075075,-0.0014872015664973703,0.0018876865499362627,0.006007368359631005
2,0,30,3.006006006006006,-0.0014564815334119907,0.001885161167273719,0.005981836717735806
2,0,30,3.0045045045045047,-0.0014213646456306683,0.0018803254275576164,0.005899009165272778
2,0,30,3.003003003003003,-0.0013934939612295638,0.0018585568092987503,0.005823911880943167
2,0,30,3.0015015015015014,-0.001380668540222757,0.0018318979308609706,0.005756108946492922
2,0,30,3.0,-0.0013631145331596817,0.0018206654973810799,0.005699358108988306
2,0,30,2.9984984984984986,-0.001334507119633177,0.0018209637069590001,0.005638678977253397
2,0,30,2.996996996996997,-0.0013009074383621422,0.0018241863240814338,0.005569520632227043
2,0,30,2.9954954954954953,-0.001291313275253253,0.001831004018820248,0.005502990228067384
2,0,30,2.993993993993994,-0.0013627372926574566,0.001822281848921803,0.0054555691568179965
2,0,30,2.9924924924924925,-0.0014342226881733366,0.0018151648065782844,0.005413464787621253
2,0,30,2.990990990990991,-0.0014956150456477968,0.0018026079550982343,0.005367043951273187
2,0,30,2.9894894894894897,-0.0015385755128461964,0.0017833134532312944,0.005318099244189356
2,0,30,2.987987987987988,-0.0015651571828897426,0.0017618828287692123,0.005261177655542376
2,0,30,2.9864864864864864,-0.0015870358565206466,0.0017447136401686492,0.005197700653551657
2,0,30,2.984984984984985,-0.0016197253878008633,0.0017332714191223841,0.005132481904844222
2,0,30,2.9834834834834836,-0.0016693446163903725,0.001725967331238698,0.005073312990301088
2,0,30,2.981981981981982,-0.0017313208340376252,0.0017156874583708626,0.0050271067881229314
2,0,30,2.9804804804804803,-0.0017870932209701207,0.0016991543651207475,0.004992574860829019
2,0,30,2.978978978978979,-0.0017700399893168517,0.001673718156781856,0.004960226914277943
2,0,30,2.9774774774774775,-0.0017466055273945291,0.0016432858538230621,0.004920334863069559
2,0,30,2.975975975975976,-0.0017243821039236717,0.0016096007019659186,0.00487106368370277
2,0,30,2.9744744744744747,-0.0016982170571928912,0.0015781614616226514,0.004819562444026065
2,0,30,2.972972972972973,-0.0016678540632526495,0.0015529301142002683,0.0047719618558828
2,0,30,2.9714714714714714,-0.0016377626559540004,0.0015411139344139735,0.004728600322735199
2,0,30,2.96996996996997,-0.0016115378015570947,0.0015421807319010994,0.004684702480981823
2,0,30,2.9684684684684686,-0.0015891168881669304,0.0015506104474970472,0.004633244043929979
2,0,30,2.966966966966967,-0.0015811130821001551,0.0015552223652025021,0.0045821945051461865
2,0,30,2.9654654654654653,-0.001570870522369372,0.0015471919731078199,0.004530448388320452
2,0,30,2.963963963963964,-0.0015560846465748623,0.0015233178380850698,0.004473547939284894
2,0,30,2.9624624624624625,-0.0015389387396503307,0.0014879835918878426,0.00440898034552098
2,0,30,2.960960960960961,-0.001523344536740967,0.0014495067166414577,0.004340275704705215
2,0,30,2.9594594594594597,-0.0015109973125131126,0.0014182589823301672,0.004271847916324872
2,0,30,2.957957957957958,-0.0015009043424829283,0.0013990672648848124,0.004210170357705267
2,0,30,2.9564564564564564,-0.0014917141600150619,0.0013912502137333194,0.004156773568998573
2,0,30,2.954954954954955,-0.0014806503113031222,0.001388515513293609,0.004109532058435866
2,0,30,2.9534534534534536,-0.0014650734113881847,0.0013836897812794513,0.004065484397277969
2,0,30,2.951951951951952,-0.0014453855783405078,0.0013744712786384339,0.00401914553937105
2,0,30,2.9504504504504503,-0.0014218144369608499,0.0013609115194280763,0.003968661336110124
2,0,30,2.948948948948949,-0.0014029599251532687,0.0013463016177606701,0.003914967051699525
2,0,30,2.9474474474474475,-0.00138789534819439,0.0013330829023387447,0.003859560801765971
2,0,30,2.945945945945946,-0.0013758103924262632,0.0013206181874740874,0.003806764184992234
2,0,30,2.9444444444444446,-0.0013636538542703136,0.0013074399720198748,0.0037595005591668784
2,0,30,2.942942942942943,-0.0013484831734071334,0.001298612187548065,0.0037170432037511025
2,0,30,2.9414414414414414,-0.0013300611817376184,0.0012893922671832758,0.0036780390400395213
2,0,30,2.93993993993994,-0.0013094057473905796,0.0012740808561290673,0.0036397266143736173
2,0,30,2.9384384384384385,-0.0012894238923428225,0.001251263751488485,0.0035991171013135814
2,0,30,2.936936936936937,-0.001273044884570751,0.0012236657350800928,0.003556261701961272
2,0,30,2.9354354354354353,-0.001260692286906201,0.0011959467491456377,0.0035123361685858723
2,0,30,2.933933933933934,-0.0012585600444429135,0.0011773796325568187,0.0034687988862691643
2,0,30,2.9324324324324325,-0.0012612073120586986,0.001162427520689846,0.003426517562417325
2,0,30,2.930930930930931,-0.0012627198859589406,0.0011456678477722582,0.0033856467801661183
2,0,30,2.9294294294294296,-0.0012631391209626253,0.001136982183333135,0.003344801751812121
2,0,30,2.9279279279279278,-0.001263668654255673,0.0011234145671156215,0.003302317220834544
2,0,30,2.9264264264264264,-0.0012655978195847406,0.0011041471069552222,0.003257083475773692
2,0,30,2.924924924924925,-0.0012702371132149448,0.00107996516273684,0.0032096307579684014
2,0,30,2.9234234234234235,-0.0012788024335087245,0.001053177705457431,0.003160974061898719
2,0,30,2.921921921921922,-0.0012910064632083995,0.0010264564532827536,0.0031125064456014595
2,0,30,2.9204204204204203,-0.0013053667263858704,0.0010020760467131518,0.0030742690745282075
2,0,30,2.918918918918919,-0.0013205063576512133,0.0009822338150339283,0.0030416028795485495
2,0,30,2.9174174174174174,-0.0013352660585067289,0.000967212100625392,0.003009317128838007
2,0,30,2.915915915915916,-0.0013485507324706991,0.0009554684615769027,0.0029761632166248886
2,0,30,2.9144144144144146,-0.0013600328505151138,0.0009453914111535733,0.002941043653285541
2,0,30,2.9129129129129128,-0.0013700519619030682,0.0009355517370457922,0.0029041610715669353
2,0,30,2.9114114114114114,-0.0013788086156703294,0.0009246279675804159,0.002866329767507253
2,0,30,2.90990990990991,-0.0013861562723513632,0.0009118078062798629,0.002828448823255142
2,0,30,2.9084084084084085,-0.0013918932842707787,0.0008975180706258246,0.0027916672706085888
2,0,30,2.906906906906907,-0.0013958097905181488,0.0008822627307912834,0.0027571662074640513
2,0,30,2.9054054054054053,-0.0013977720885653966,0.0008665435109692643,0.0027252788481068324
2,0,30,2.903903903903904,-0.0013978398949590354,0.0008507689536630947,0.0026951790274587772
2,0,30,2.9024024024024024,-0.0013963320669941603,0.0008352241849145514,0.0026659575751993847
2,0,30,2.900900900900901,-0.0013937694511300946,0.0008198899496004164,0.002636674931128652
2,0,30,2.8993993993993996,-0.001390724359792317,0.0008046271475994349,0.002606236244909965
2,0,30,2.8978978978978978,-0.0013902335169790336,0.0007892966787899636,0.0025735675894406895
2,0,30,2.8963963963963963,-0.001392194399965102,0.0007737594430506367,0.002539025085847413
2,0,30,2.894894894894895,-0.001394490616073052,0.0007578991352111819,0.0025042501667347505
2,0,30,2.8933933933933935,-0.0013975940813379106,0.0007418906305146078,0.0024708698403163865
2,0,30,2.891891891891892,-0.001406810833142591,0.0007260210880521423,0.002440507125411162
2,0,30,2.8903903903903903,-0.0014237338975745806,0.0007104065239194046,0.002414838246384887
2,0,30,2.888888888888889,-0.0014463891399554007,0.0006951609340061227,0.0023956340097018303
2,0,30,2.8873873873873874,-0.0014729044379969414,0.0006803983142023573,0.002382814121104415
2,0,30,2.885885885885886,-0.0014947239049973027,0.0006662323338732512,0.0023719478957948403
2,0,30,2.8843843843843846,-0.0015012118382879969,0.0006526751497816785,0.0023581249073152954
2,0,30,2.8828828828828827,-0.001504685270090761,0.0006393716995099497,0.0023365158381909445
2,0,30,2.8813813813813813,-0.0015032831862016593,0.000626139958822769,0.0023022885340477084
2,0,30,2.87987987987988,-0.001495422843607902,0.0006128687846579384,0.0022514085258622807
2,0,30,2.8783783783783785,-0.001481856128718373,0.0005994470339532598,0.002178594504786524
2,0,30,2.876876876876877,-0.0014641187941795697,0.0005857635636466463,0.0020850009508319722
2,0,30,2.8753753753753752,-0.0014416811743462876,0.000571712593015139,0.001979750525358509
2,0,30,2.873873873873874,-0.0014183060389832691,0.0005574443107522198,0.0018993530566050743
2,0,30,2.8723723723723724,-0.0013961740550818003,0.000543384081412468,0.0018718754211953237
2,0,30,2.870870870870871,-0.0013894177951108977,0.0005297733238879831,0.0018459879407589364
2,0,30,2.8693693693693696,-0.0013821913160101396,0.0005168374566801304,0.0018215031977971974
2,0,30,2.8678678678678677,-0.001372480468610826,0.0005048018982901081,0.0017976559255169222
2,0,30,2.8663663663663663,-0.001361237538111737,0.0004938920672191704,0.0017744293137500755
2,0,30,2.864864864864865,-0.0013489405371772956,0.0004842920041921439,0.001751869396925343
2,0,30,2.8633633633633635,-0.0013360628077593029,0.00047577880314964016,0.0017301178356537994
2,0,30,2.861861861861862,-0.0013230254594735757,0.0004680662324913487,0.0017672258939530894
2,0,30,2.8603603603603602,-0.0013101706757902842,0.00046097942246675627,0.0018241773639497694
2,0,30,2.858858858858859,-0.001297720376127548,0.00045434483667988745,0.0018689920411629202
2,0,30,2.8573573573573574,-0.0012858908377899048,0.00044798893873521095,0.001893467511571545
2,0,30,2.855855855855856,-0.0012748077779199396,0.0004417382204036646,0.00189824701183533
2,0,30,2.8543543543543546,-0.0012645756576850908,0.00043548622105626933,0.0018874492929753517
2,0,30,2.8528528528528527,-0.0012552405149637014,0.0004292681029416934,0.0018652041286701948
2,0,30,2.8513513513513513,-0.0012466607530969287,0.0004230466340854888,0.0018356916388715672
2,0,30,2.84984984984985,-0.001238703264449359,0.00041676796030648555,0.001803131961464921
2,0,30,2.8483483483483485,-0.001231286010504734,0.00041037822742323593,0.0017718238551608367
2,0,30,2.846846846846847,-0.0012242678647168548,0.00040382358125451434,0.001744923403120796
2,0,30,2.8453453453453452,-0.0012174241298759936,0.00039704844150334484,0.0017222974480577136
2,0,30,2.843843843843844,-0.0012105279176232442,0.00039001178627090516,0.0017032805518698568
2,0,30,2.8423423423423424,-0.0012034826377080865,0.00038277827303095924,0.001687182695996603
2,0,30,2.840840840840841,-0.001196360405873953,0.0003754131325300891,0.0016732127014912612
2,0,30,2.8393393393393396,-0.0011892286975382638,0.00036797924743992017,0.0016605394901527681
2,0,30,2.8378378378378377,-0.001182107222193779,0.0003605395004324108,0.0016482753882085255
2,0,30,2.8363363363363363,-0.001174980054199637,0.0003531567741794084,0.0016357946832265546
2,0,30,2.834834834834835,-0.0011678360688770761,0.0003468073576300412,0.001622873266129754
2,0,30,2.8333333333333335,-0.0011606580886645568,0.00034111700509342757,0.0016093141490279295
2,0,30,2.831831831831832,-0.0011533700314360351,0.00033450378213029097,0.0015950353755109503
2,0,30,2.83033033033033,-0.0011458663974829308,0.0003270556260065449,0.0015801347133482524
2,0,30,2.828828828828829,-0.0011380553616180678,0.00031908311950434864,0.0015647264379691772
2,0,30,2.8273273273273274,-0.0011299381750610737,0.00031346779789515056,0.001548984467361847
2,0,30,2.825825825825826,-0.0011217629901910109,0.00030858639975706037,0.0015332666245688464
2,0,30,2.8243243243243246,-0.0011138351414316516,0.0003045038451214843,0.0015179747747123273
2,0,30,2.8228228228228227,-0.0011064076327241823,0.0003011320059937428,0.0015034916571571577
2,0,30,2.8213213213213213,-0.0010995448404031438,0.00029829054081492723,0.0014899302580857199
2,0,30,2.81981981981982,-0.0010932673848809693,0.00029580110934934734,0.0014772105716245598
2,0,30,2.8183183183183185,-0.001087582664896669,0.00029348537185142076,0.0014653113546314323
2,0,30,2.816816816816817,-0.0010823579810289585,0.000291164988574677,0.0014540950672564668
2,0,30,2.815315315315315,-0.00107727943033753,0.00028866311323444416,0.0014432929395020722
2,0,30,2.813813813813814,-0.001072018473983416,0.0002859251687289399,0.0014326405652716756
2,0,30,2.8123123123123124,-0.0010663756795502022,0.0002831252871801082,0.0014219379451974046
2,0,30,2.810810810810811,-0.0010603669703175833,0.0002803321511943846,0.0014113067134478852
2,0,30,2.8093093093093096,-0.0010540563426935656,0.00027759235776830815,0.0014009413964388706
2,0,30,2.8078078078078077,-0.0010475630593120844,0.00027495250389875103,0.0013909290058636281
2,0,30,2.8063063063063063,-0.0010410539067606805,0.0002724591865821968,0.0013813725289703316
2,0,30,2.804804804804805,-0.0010346878685316696,0.00027014436187616786,0.001372255140747236
2,0,30,2.8033033033033035,-0.0010286176547336101,0.0002678230525491876,0.0013635449048413628
2,0,30,2.801801801801802,-0.0010229226850741457,0.00026531343598779067,0.0013551094503400085
2,0,30,2.8003003003003,-0.0010176092396385616,0.00026261438966168615,0.0013465830965140313
2,0,30,2.798798798798799,-0.0010125963732177112,0.0002597330212356641,0.0013376198926024485
2,0,30,2.7972972972972974,-0.0010077586195780253,0.0002566764383746811,0.001327980626425418
2,0,30,2.795795795795796,-0.00100316930840455,0.00025345174710111884,0.0013176021455226783
2,0,30,2.7942942942942945,-0.0009989770297625933,0.00025010324835350595,0.0013065821192726479
2,0,30,2.7927927927927927,-0.0009952711726765595,0.00024684093366184046,0.001295025461036603
2,0,30,2.7912912912912913,-0.00099189080301737,0.000243772952105481,0.0012831681303649423
2,0,30,2.78978978978979,-0.0009886749795077199,0.0002409397045778361,0.0012713905886612697
2,0,30,2.7882882882882885,-0.0009855607564304703,0.00023838124904529412,0.0012600161037409907
2,0,30,2.786786786786787,-0.000982377210910712,0.000236137643474299,0.0012492745833894703
2,0,30,2.785285285285285,-0.0009786448425332384,0.0002342486103379393,0.0012392666338886804
2,0,30,2.7837837837837838,-0.00097384879267437,0.00023505204061857743,0.0012300546620421793
2,0,30,2.7822822822822824,-0.0009677385399242122,0.00023687316195830643,0.0012216773500031697
2,0,30,2.7807807807807805,-0.0009604817686393319,0.00023825553985346026,0.0012139916470244594
2,0,30,2.7792792792792795,-0.0009522014235243126,0.00023908537354788706,0.001206779526507662
2,0,30,2.7777777777777777,-0.0009429835771713746,0.0002392145522763789,0.0011999202807206344
2,0,30,2.7762762762762763,-0.0009331764666964948,0.00023849173813905722,0.001192498137601139
2,0,30,2.774774774774775,-0.0009233721004092699,0.00023676540247608013,0.0011805849285323466
2,0,30,2.773273273273273,-0.0009141518240372015,0.00023388271112334547,0.0011691154177509988
2,0,30,2.771771771771772,-0.0009057686121443642,0.00022985200315162047,0.0011585795446230063
2,0,30,2.77027027027027,-0.0008982305396856849,0.0002248907092480268,0.0011494578816798606
2,0,30,2.7687687687687688,-0.0008916429720639552,0.00021932353905496083,0.0011417663072271766
2,0,30,2.7672672672672673,-0.0008860962383478999,0.00021354986939359222,0.0011353320111881504
2,0,30,2.7657657657657655,-0.000881395893177761,0.0002084407800111432,0.0011299484117350822
2,0,30,2.7642642642642645,-0.0008772378681079496,0.00020700793684891305,0.0011252757428533156
2,0,30,2.7627627627627627,-0.0008733486345736674,0.00020646324604733923,0.0011208762124712002
2,0,30,2.7612612612612613,-0.0008696434632388672,0.00020659451796656292,0.0011162733531828728
2,0,30,2.75975975975976,-0.0008660397632022643,0.00020698183222656041,0.0011111472819831936
2,0,30,2.758258258258258,-0.0008623288381347516,0.0002072028743329568,0.0011054886380664763
2,0,30,2.756756756756757,-0.0008583627673255378,0.00020683532979159924,0.001099369682103335
2,0,30,2.755255255255255,-0.0008542734348901959,0.00020545734311361308,0.001092876583898339
2,0,30,2.7537537537537538,-0.0008502388732636867,0.00020272522142794625,0.001086137388322972
2,0,30,2.7522522522522523,-0.0008463686036405127,0.00019857535752199063,0.0010792933281372763
2,0,30,2.7507507507507505,-0.0008426161292971468,0.00019346509567352843,0.0010724757820458897
2,0,30,2.7492492492492495,-0.0008390331935012041,0.00018799748310383002,0.0010656430798190453
2,0,30,2.7477477477477477,-0.0008357907579240598,0.00018612208834378752,0.001058617575905585
2,0,30,2.7462462462462462,-0.0008329482762716722,0.00018486792026461973,0.0010511904160632746
2,0,30,2.744744744744745,-0.0008303351424133742,0.0001839278234040398,0.001043242120232768
2,0,30,2.743243243243243,-0.0008277694489768339,0.0001835971982748763,0.0010348142733451193
2,0,30,2.741741741741742,-0.0008251807385042942,0.00018415449275910323,0.001025966500546649
2,0,30,2.74024024024024,-0.0008226038767227273,0.00018540192807525724,0.0010168212166853374
2,0,30,2.7387387387387387,-0.0008199579989013328,0.00018707567287545857,0.0010077022991448747
2,0,30,2.7372372372372373,-0.0008170643261971033,0.0001889124473120063,0.0009990287608587778
2,0,30,2.7357357357357355,-0.0008138593098377944,0.00019064900688259279,0.0009915339389832134
2,0,30,2.7342342342342345,-0.0008103992022718831,0.00019200625432058693,0.0009860111615068168
2,0,30,2.7327327327327327,-0.0008067389348728748,0.00019313583000590828,0.0009814688645736758
2,0,30,2.7312312312312312,-0.0008029084252657026,0.00019317430396281754,0.0009778231103331203
2,0,30,2.72972972972973,-0.0007989592269034285,0.00019183741311179503,0.0009748516974367738
2,0,30,2.728228228228228,-0.0007950154988914382,0.00018930825954599495,0.0009721186224375122
2,0,30,2.726726726726727,-0.0007912537067776282,0.0001857699453590156,0.0009691666171804392
2,0,30,2.725225225225225,-0.000787738475848232,0.00018281306842071743,0.0009655844370327071
2,0,30,2.7237237237237237,-0.0007844914511342393,0.0001799036236460605,0.0009612880903047127
2,0,30,2.7222222222222223,-0.0007814954345705671,0.00017741493923650875,0.0009563411933282695
2,0,30,2.7207207207207205,-0.0007786066667831437,0.0001755757687261772,0.0009508136065384809
2,0,30,2.7192192192192195,-0.0007756435074081081,0.0001744775078877936,0.0009453255525911919
2,0,30,2.7177177177177176,-0.0007724087616430841,0.00017399665775519324,0.0009410807238952601
2,0,30,2.7162162162162162,-0.0007687435404938325,0.00017395603544645422,0.0009367949319619151
2,0,30,2.714714714714715,-0.0007645992412964042,0.0001741776342397694,0.0009325154426018667
2,0,30,2.713213213213213,-0.0007599447655625702,0.00017442239283749217,0.0009281382893571721
2,0,30,2.7117117117117115,-0.0007548950505835705,0.00017445134618054858,0.0009235281560546205
2,0,30,2.71021021021021,-0.0007497615476338426,0.00017395611203696593,0.0009185848218752346
2,0,30,2.7087087087087087,-0.0007448593367536116,0.00017276388025078138,0.0009133258014591972
2,0,30,2.7072072072072073,-0.0007404829238724653,0.00017104829881697814,0.000907730810189411
2,0,30,2.7057057057057055,-0.0007368086708024468,0.0001685510391573608,0.0009017407933541444
2,0,30,2.704204204204204,-0.0007339150933048377,0.00016455528399828,0.0008953320026222067
2,0,30,2.7027027027027026,-0.0007318520966903552,0.00016207335688345204,0.0008885350439815642
2,0,30,2.701201201201201,-0.000730356512627317,0.00016102977429310883,0.0008814129928221837
2,0,30,2.6996996996997,-0.0007289560443241028,0.0001613830102505931,0.0008740475729258068
2,0,30,2.698198198198198,-0.0007271902694078181,0.0001612465837800281,0.0008664155169261778
2,0,30,2.6966966966966965,-0.0007246466517929484,0.0001609477283016636,0.0008585873670868271
2,0,30,2.695195195195195,-0.0007211654126136335,0.00016079686058856346,0.0008506623825954573
2,0,30,2.6936936936936937,-0.0007166950656520843,0.00016057401402114202,0.0008427539608974466
2,0,30,2.6921921921921923,-0.0007112673663320357,0.00016017035512772004,0.0008379504112576153
2,0,30,2.6906906906906904,-0.0007053140860451279,0.00015957782391573527,0.0008333493023919281
2,0,30,2.689189189189189,-0.0006993841628629149,0.00015875693318201378,0.00082878744979209
2,0,30,2.6876876876876876,-0.0006940187982408252,0.00015780481104987754,0.0008242757782700449
2,0,30,2.686186186186186,-0.0006896318649899369,0.00015689163392562655,0.0008198242786318644
2,0,30,2.684684684684685,-0.0006862789708066419,0.00015618820331819716,0.0008154469728160474
2,0,30,2.683183183183183,-0.0006839491290682176,0.0001542762867408065,0.0008112133032164848
2,0,30,2.6816816816816815,-0.0006824953596283323,0.0001522099827832024,0.0008072253812229091
2,0,30,2.68018018018018,-0.0006815021847391689,0.00015039250848447594,0.0008035657706387256
2,0,30,2.6786786786786787,-0.0006805309687780148,0.00014872166082369187,0.0008001911789956018
2,0,30,2.6771771771771773,-0.0006791592242422206,0.00014708100835225668,0.000797030412480082
2,0,30,2.6756756756756754,-0.0006771606938079655,0.0001453520761239835,0.0007940160490980119
2,0,30,2.674174174174174,-0.0006746007687232769,0.00014368046525592426,0.0007910806268667248
2,0,30,2.6726726726726726,-0.0006715739491715556,0.00014352008758145018,0.0007881211001137256
2,0,30,2.671171171171171,-0.0006682400304278135,0.0001432497565326818,0.0007850218819627774
2,0,30,2.66966966966967,-0.0006648185499715242,0.00014289005210776917,0.0007817449010060762
2,0,30,2.668168168168168,-0.0006615201846645324,0.00014245880440177938,0.0007784234479770169
2,0,30,2.6666666666666665,-0.0006585210297574418,0.00014197384350944642,0.0007751758265713282
2,0,30,2.665165165165165,-0.0006558035313602995,0.0001414389844309749,0.000772117699011754
2,0,30,2.6636636636636637,-0.0006532179900163859,0.0001407261000896387,0.0007693716511977811
2,0,30,2.6621621621621623,-0.0006506239067827768,0.00013970980674482547,0.0007670716010300671
2,0,30,2.6606606606606604,-0.000647972613800174,0.00013915921975793388,0.0007653480558068027
2,0,30,2.659159159159159,-0.0006452524061605347,0.0001416046152715733,0.0007641621216027406
2,0,30,2.6576576576576576,-0.0006424433560240916,0.00014412960104281947,0.0007633033572349568
2,0,30,2.656156156156156,-0.0006395579399874896,0.00014629976822166935,0.0007625747989338238
2,0,30,2.6546546546546548,-0.0006367140480570965,0.0001477204610976779,0.000761771112121501
2,0,30,2.653153153153153,-0.0006340604358935353,0.0001482953715112867,0.0007605935388468876
2,0,30,2.6516516516516515,-0.0006317112699477101,0.00014814747919156268,0.0007586857352521181
2,0,30,2.65015015015015,-0.000629684198044711,0.00014731782329080456,0.0007558838812111723
2,0,30,2.6486486486486487,-0.0006279931429540309,0.0001458028935911182,0.000753867397278285
2,0,30,2.6471471471471473,-0.0006266664280452083,0.0001437976973011068,0.0007504527884360512
2,0,30,2.6456456456456454,-0.0006257001594211498,0.0001415914353426473,0.0007456749476842939
2,0,30,2.644144144144144,-0.0006250253650868509,0.0001393961667165433,0.000739647146210165
2,0,30,2.6426426426426426,-0.0006245647506101792,0.00013709910571857442,0.00073276244018744
2,0,30,2.641141141141141,-0.0006241849785837417,0.00013452202293329218,0.0007254881338432106
2,0,30,2.6396396396396398,-0.0006236702771900693,0.00013176827975214245,0.0007183565288759186
2,0,30,2.638138138138138,-0.0006228029969513327,0.00012898860620080832,0.0007117538247805033
2,0,30,2.6366366366366365,-0.0006213768470820225,0.00012620211137892579,0.0007064025819851216
2,0,30,2.635135135135135,-0.0006192828783816995,0.00012339242326186994,0.0007040288669442618
2,0,30,2.6336336336336337,-0.0006165043810782977,0.00012063904001935466,0.0007026475871377835
2,0,30,2.6321321321321323,-0.0006130423764638682,0.00011829696279130886,0.0007029393652067117
2,0,30,2.6306306306306304,-0.0006091013235794973,0.00011671547751346267,0.0007048546496423724
2,0,30,2.629129129129129,-0.0006050341279289495,0.00011587902207665923,0.0007059761408427234
2,0,30,2.6276276276276276,-0.0006011684331316269,0.00011650955764075377,0.000705814846256092
2,0,30,2.626126126126126,-0.0005977861413978824,0.00011742635798328571,0.0007039958052854067
2,0,30,2.6246246246246248,-0.000595020332469498,0.00011821845934822939,0.0007001997859696352
2,0,30,2.623123123123123,-0.0005929354019714728,0.00011980677127376715,0.000694744827550442
2,0,30,2.6216216216216215,-0.0005915529685857068,0.0001222418020495608,0.0006883867127268628
2,0,30,2.62012012012012,-0.0005906316045197757,0.00012458294756267918,0.000681888705964584
2,0,30,2.6186186186186187,-0.000589845051892024,0.00012668328778009386,0.0006770964901025023
2,0,30,2.6171171171171173,-0.0005889064807160227,0.00012834941556438828,0.0006735709112380417
2,0,30,2.6156156156156154,-0.0005875692449729963,0.00012931450148934154,0.0006722517463977895
2,0,30,2.614114114114114,-0.0005856553448790325,0.00012931365819435214,0.0006715000095252055
2,0,30,2.6126126126126126,-0.0005830000802181101,0.00012821759633419028,0.0006713454803810026
2,0,30,2.611111111111111,-0.0005795446527314674,0.0001263128395097013,0.0006723715693550125
2,0,30,2.6096096096096097,-0.000575495732584197,0.00012387412231285033,0.0006731645622383153
2,0,30,2.608108108108108,-0.0005710619110834148,0.00012105896110559122,0.0006732245839851658
2,0,30,2.6066066066066065,-0.0005664215792142713,0.00011815623787791996,0.0006721709055875769
2,0,30,2.605105105105105,-0.0005618055705495784,0.0001155336432604459,0.0006700899704644714
2,0,30,2.6036036036036037,-0.0005574959648375621,0.0001135446834646947,0.0006675497383129558
2,0,30,2.6021021021021022,-0.0005537739571661593,0.00011233671917232346,0.0006638066437456014
2,0,30,2.6006006006006004,-0.0005507527693079384,0.00011175757197878777,0.000659292980136339
2,0,30,2.599099099099099,-0.0005483711790726375,0.00011170678697991487,0.0006544316908312919
2,0,30,2.5975975975975976,-0.0005466085139086418,0.00011210525181748476,0.0006495896774346144
2,0,30,2.596096096096096,-0.0005454369172619988,0.00011271647195920664,0.0006450798241384725
2,0,30,2.5945945945945947,-0.0005446956839040284,0.00011325353583291342,0.0006412060321203672
2,0,30,2.593093093093093,-0.0005441306286795289,0.00011344865672102689,0.0006381508017154758
2,0,30,2.5915915915915915,-0.0005434925374261934,0.00011315737599393305,0.0006358703939933763
2,0,30,2.59009009009009,-0.0005426249778633929,0.00011234437892393423,0.0006342969380305208
2,0,30,2.5885885885885886,-0.0005414322187841658,0.00011100345820069801,0.0006335115720780271
2,0,30,2.5870870870870872,-0.0005398349410973835,0.00010919376118345703,0.0006347127889836934
2,0,30,2.5855855855855854,-0.0005377904344305295,0.00010709390282626075,0.0006362985415881428
2,0,30,2.584084084084084,-0.0005354050521051423,0.00010489668792446061,0.0006380598920934233
2,0,30,2.5825825825825826,-0.0005328442318979776,0.00010281411971169163,0.0006396993901814918
2,0,30,2.581081081081081,-0.0005302725533190555,0.00010112177228804864,0.0006408490402275979
2,0,30,2.5795795795795797,-0.0005278468082449694,0.00010005001071367037,0.0006411400545801027
2,0,30,2.578078078078078,-0.000525655903841793,9.960688286481112e-05,0.000640226010479028
2,0,30,2.5765765765765765,-0.0005237094417490651,9.971209419878946e-05,0.0006379111954659678
2,0,30,2.575075075075075,-0.0005219803777619658,0.00010024490573168343,0.0006348868667995777
2,0,30,2.5735735735735736,-0.0005203208633972056,0.00010108221906734993,0.000631473559853879
2,0,30,2.5720720720720722,-0.0005185511506619611,0.00010202815854509772,0.0006271148331968845
2,0,30,2.5705705705705704,-0.0005165040874565707,0.00010271673703721174,0.0006223408192110869
2,0,30,2.569069069069069,-0.0005140512711283018,0.00010285423144484884,0.0006176848747187491
2,0,30,2.5675675675675675,-0.0005111720495810657,0.0001024238394921051,0.0006136984842357029
2,0,30,2.566066066066066,-0.0005079255390890713,0.0001014450267932121,0.0006106649592405589
2,0,30,2.5645645645645647,-0.0005044209855530335,9.993538078090225e-05,0.0006086705490234712
2,0,30,2.563063063063063,-0.0005008422159465398,9.79192515484506e-05,0.0006076321436243037
2,0,30,2.5615615615615615,-0.0004973811729401256,9.554570727188239e-05,0.0006070440458935678
2,0,30,2.56006006006006,-0.0004941972217085144,9.431610825005876e-05,0.0006063338913560035
2,0,30,2.5585585585585586,-0.0004913782741839956,9.471634426516662e-05,0.0006061196590296247
2,0,30,2.557057057057057,-0.000488900801068004,9.510354397812559e-05,0.0006058614511288973
2,0,30,2.5555555555555554,-0.00048669982192828254,9.555400334104736e-05,0.0006046961712223853
2,0,30,2.554054054054054,-0.00048469666470912776,9.614453298611991e-05,0.0006038623699242684
2,0,30,2.5525525525525525,-0.00048280629975777645,9.690392175298879e-05,0.0006083293913187737
2,0,30,2.551051051051051,-0.00048094319874830704,9.770541326747928e-05,0.0006116586596102702
2,0,30,2.5495495495495497,-0.000479010493203591,9.847728623879615e-05,0.0006134226198133974
2,0,30,2.548048048048048,-0.00047692085291084485,9.917377308599207e-05,0.0006132761503149231
2,0,30,2.5465465465465464,-0.0004746857011001526,9.97594264360302e-05,0.0006110213530746145
2,0,30,2.545045045045045,-0.00047232975024125157,0.00010022775066753642,0.0006068709408689754
2,0,30,2.5435435435435436,-0.00046983705418529587,0.0001014877829393912,0.0006013151096590508
2,0,30,2.542042042042042,-0.00046717447491251285,0.00010281698666048111,0.0005948082766667473
2,0,30,2.5405405405405403,-0.00046432193505446806,0.00010304097873869988,0.0005877789270053446
2,0,30,2.539039039039039,-0.000461401553472518,0.00010212404091958227,0.0005864273200737458
2,0,30,2.5375375375375375,-0.00045859005475135106,0.00010110224911386023,0.0005855024686651222
2,0,30,2.536036036036036,-0.0004560062436166912,0.00010104056479620649,0.0005839241906810955
2,0,30,2.5345345345345347,-0.0004537944613121625,0.0001008893383381837,0.0005818248142518412
2,0,30,2.533033033033033,-0.00045211927492888604,0.00010064533472531334,0.000579372083519214
2,0,30,2.5315315315315314,-0.0004511410770144386,0.00010041005575822659,0.0005767890849793234
2,0,30,2.53003003003003,-0.0004509840468830961,0.000100321481891541,0.0005743219816439771
2,0,30,2.5285285285285286,-0.0004515168712409534,0.00010046780085515294,0.0005722134112325361
2,0,30,2.527027027027027,-0.0004524870992427821,0.00010093191495330611,0.0005706664275184625
2,0,30,2.5255255255255253,-0.0004536279881482419,0.00010173047387895817,0.0005697277331085382
2,0,30,2.524024024024024,-0.00045464381965987233,0.00010281639512210727,0.0005692145760629042
2,0,30,2.5225225225225225,-0.00045525467821777577,0.00010411153849232413,0.0005689190738492611
2,0,30,2.521021021021021,-0.0004551915739057222,0.00010516172198582474,0.0005686223275813695
2,0,30,2.5195195195195197,-0.00045425479732813523,0.0001054176927373085,0.0005681025855928667
2,0,30,2.518018018018018,-0.0004524944851269086,0.00010539675636112023,0.0005671502578967202
2,0,30,2.5165165165165164,-0.00045008842761018464,0.00010516524878023681,0.0005656181740255062
2,0,30,2.515015015015015,-0.0004472577368240249,0.00010481497120762295,0.0005634642549641744
2,0,30,2.5135135135135136,-0.0004442566083159849,0.00010444177417257006,0.0005607961869100175
2,0,30,2.512012012012012,-0.0004413391343269235,0.00010417032505027901,0.0005577808963138087
2,0,30,2.5105105105105103,-0.0004387565497386836,0.00010419063271072115,0.0005546750362618313
2,0,30,2.509009009009009,-0.0004366821040190927,0.00010433619936134342,0.0005517461354572761
2,0,30,2.5075075075075075,-0.0004351662094717601,0.00010402825489486123,0.0005492514266186022
2,0,30,2.506006006006006,-0.0004341820137124808,0.0001039432967451237,0.0005474193998660226
2,0,30,2.5045045045045047,-0.0004336642096179899,0.00010394031175886553,0.0005464053246628242
2,0,30,2.503003003003003,-0.0004334585906233812,0.00010380688766598034,0.0005462919958154067
2,0,30,2.5015015015015014,-0.00043334972530356675,0.00010337419226513767,0.0005469707662920098
2,0,30,2.5,-0.0004331216010020067,0.00010258139101482211,0.0005481726253957486
2,0,30,2.4984984984984986,-0.0004326068492829238,0.00010148947367494277,0.0005496234653538656
2,0,30,2.496996996996997,-0.0004316841819695383,0.00010012138496851009,0.0005510438323720335
2,0,30,2.4954954954954953,-0.00043023591302876474,9.758315148900021e-05,0.0005521452262387538
2,0,30,2.493993993993994,-0.00042818686962065033,9.524822516193687e-05,0.0005527035710247152
2,0,30,2.4924924924924925,-0.0004256607158059089,9.344234872110668e-05,0.0005525581050856987
2,0,30,2.490990990990991,-0.00042287367351612204,9.235083358727358e-05,0.0005518005552391236
2,0,30,2.4894894894894897,-0.00042003391053779815,9.201950582105045e-05,0.0005506125047423649
2,0,30,2.487987987987988,-0.00041729262855644267,9.231852144209185e-05,0.0005491756890268484
2,0,30,2.4864864864864864,-0.0004148065970549508,9.30118311754935e-05,0.0005476845258736152
2,0,30,2.484984984984985,-0.0004127852530607101,9.384081241026188e-05,0.0005463563308807928
2,0,30,2.4834834834834836,-0.00041136169327299354,9.453071867449037e-05,0.0005453174554287954
2,0,30,2.481981981981982,-0.0004103959593282913,9.483132667387206e-05,0.0005445625843046309
2,0,30,2.4804804804804803,-0.00040968663780782677,9.464068810571824e-05,0.0005439127016358403
2,0,30,2.478978978978979,-0.0004090430607173179,9.388949992994444e-05,0.0005431583099146375
2,0,30,2.4774774774774775,-0.0004083297501270011,9.259266181416148e-05,0.0005420898145934161
2,0,30,2.475975975975976,-0.00040738630377373797,9.081278909872648e-05,0.0005404801840306894
2,0,30,2.4744744744744747,-0.00040599581862355016,8.863956932259054e-05,0.00053808495265667
2,0,30,2.472972972972973,-0.0004040702462221324,8.61809335876984e-05,0.0005348602834032712
2,0,30,2.4714714714714714,-0.00040171927629695237,8.355767349099708e-05,0.0005309402441570632
2,0,30,2.46996996996997,-0.0003990693533701961,8.094601099739585e-05,0.0005265836252912881
2,0,30,2.4684684684684686,-0.0003962437910087213,7.86048390953864e-05,0.0005220669227110064
2,0,30,2.466966966966967,-0.0003933555494925467,7.675039794019511e-05,0.0005176677278347364
2,0,30,2.4654654654654653,-0.0003905688704862187,7.555969352202041e-05,0.0005136981937722274
2,0,30,2.463963963963964,-0.0003880792239568942,7.516822035613657e-05,0.0005104610219496264
2,0,30,2.4624624624624625,-0.0003859851804928205,7.568880486852336e-05,0.0005080314898358029
2,0,30,2.460960960960961,-0.00038429433784686884,7.710847923847464e-05,0.0005063991677889956
2,0,30,2.4594594594594597,-0.0003830094588875288,7.911807579030761e-05,0.0005055311568011311
2,0,30,2.457957957957958,-0.00038212128569858894,8.13716155125821e-05,0.0005053922957749535
2,0,30,2.4564564564564564,-0.000381563602477597,8.362732897715386e-05,0.0005059473072070442
2,0,30,2.454954954954955,-0.0003812091806050799,8.569181673534487e-05,0.0005071410811476329
2,0,30,2.4534534534534536,-0.00038041363596252875,8.739620154951666e-05,0.0005088967915131137
2,0,30,2.451951951951952,-0.0003789923370762782,8.858162490088528e-05,0.00051118777392134
2,0,30,2.4504504504504503,-0.00037775063064721115,8.926810415144093e-05,0.0005138385626264341
2,0,30,2.448948948948949,-0.0003767170568835243,8.971645212096924e-05,0.000516505315246496
2,0,30,2.4474474474474475,-0.0003758903139087777,9.012796773355536e-05,0.0005188360214409826
2,0,30,2.445945945945946,-0.00037517306082363033,9.055817359038265e-05,0.0005204787648413478
2,0,30,2.4444444444444446,-0.0003744477107291977,9.103670798282781e-05,0.000521093917244253
2,0,30,2.442942942942943,-0.00037358510252966104,9.160204736979871e-05,0.0005203999590085995
2,0,30,2.4414414414414414,-0.0003724305174448994,9.228832665453268e-05,0.0005182373252887174
2,0,30,2.43993993993994,-0.000370825869527025,9.301445903042715e-05,0.0005148043509210498
2,0,30,2.4384384384384385,-0.0003682780898472404,9.358062846898108e-05,0.0005104903313251641
2,0,30,2.436936936936937,-0.0003651986981246802,9.381492106030898e-05,0.0005056865798590549
2,0,30,2.4354354354354353,-0.0003618285289395118,9.366907005947667e-05,0.000500784353687056
2,0,30,2.433933933933934,-0.00035770265829287995,9.310358174885458e-05,0.0004961655016224031
2,0,30,2.4324324324324325,-0.00035401142317997847,9.205778861942626e-05,0.0004921697807959147
2,0,30,2.4309309309309306,-0.0003508272006384483,9.047934917649769e-05,0.0004890362094631118
2,0,30,2.4294294294294296,-0.0003483280917572773,8.840085655370533e-05,0.00048675900181532894
2,0,30,2.4279279279279278,-0.00034670067253994574,8.59490412131736e-05,0.00048522531665645685
2,0,30,2.4264264264264264,-0.0003459545106653805,8.334854140512604e-05,0.00048432173189499883
2,0,30,2.424924924924925,-0.0003457711538557562,8.074014745707014e-05,0.0004839351061017849
2,0,30,2.423423423423423,-0.0003457980882398126,7.824864528471753e-05,0.00048395632024572643
2,0,30,2.421921921921922,-0.00034570941677009026,7.600654879202917e-05,0.0004842556841883061
2,0,30,2.4204204204204203,-0.00034463150827457323,7.585499548257157e-05,0.00048470416000223615
2,0,30,2.418918918918919,-0.0003427231580596657,7.631449843581439e-05,0.00048516395108710864
2,0,30,2.4174174174174174,-0.0003405355465793125,7.65062039901343e-05,0.00048549484628390704
2,0,30,2.4159159159159156,-0.0003380359819949996,7.638173620116984e-05,0.00048555663443311525
2,0,30,2.4144144144144146,-0.00033536449559812276,7.597316659557762e-05,0.00048520947145253013
2,0,30,2.4129129129129128,-0.0003327575752069545,7.540522991200671e-05,0.0004843337738045794
2,0,30,2.4114114114114114,-0.00032993210804310724,7.48120507376715e-05,0.0004828533639880117
2,0,30,2.40990990990991,-0.00032654400912157655,7.5311597879546e-05,0.0004807890122504599
2,0,30,2.408408408408408,-0.0003233676007632358,7.701338039411976e-05,0.0004783210173655017
2,0,30,2.406906906906907,-0.0003205466407691926,7.874202833002553e-05,0.00047564419287443593
2,0,30,2.4054054054054053,-0.0003182025576350944,8.038385352404642e-05,0.00047295335231939406
2,0,30,2.403903903903904,-0.0003164426794861619,8.178928225799353e-05,0.0004704425668105028
2,0,30,2.4024024024024024,-0.0003148991673154744,8.282729671049704e-05,0.0004682793819647535
2,0,30,2.4009009009009006,-0.00031357246550528517,8.338943286323452e-05,0.0004666437005533264
2,0,30,2.3993993993993996,-0.0003125296580329673,8.341284590218656e-05,0.0004656223513384572
2,0,30,2.3978978978978978,-0.000312166305331818,8.294890233828678e-05,0.00046508947016365987
2,0,30,2.3963963963963963,-0.00031151801918288813,8.207287177486311e-05,0.00046490157362871765
2,0,30,2.394894894894895,-0.0003117159426295202,8.088503649450463e-05,0.0004649151783340244
2,0,30,2.393393393393393,-0.0003122244079700187,7.953393130910591e-05,0.00046498922515936236
2,0,30,2.391891891891892,-0.00031283919874658395,7.844713088489552e-05,0.000464989534634086
2,0,30,2.3903903903903903,-0.0003134113857300447,7.947546918019022e-05,0.0004646568694154918
2,0,30,2.388888888888889,-0.0003137384296250101,8.074857701567684e-05,0.00046383248034742586
2,0,30,2.3873873873873874,-0.0003136185930290858,8.221124637541877e-05,0.000462525191343377
2,0,30,2.3858858858858856,-0.0003129329398274261,8.378681173148994e-05,0.00046075103461862277
2,0,30,2.3843843843843846,-0.0003117592450562201,8.538611203356972e-05,0.00045852604238844075
2,0,30,2.3828828828828827,-0.00031019355429562356,8.692940834176266e-05,0.0004558657845247227
2,0,30,2.3813813813813813,-0.00030832898722765734,8.837758727864298e-05,0.0004528007957320668
2,0,30,2.37987987987988,-0.0003062699488244891,8.970829726706597e-05,0.0004495508420974681
2,0,30,2.378378378378378,-0.0003041369382260073,9.093612509647464e-05,0.00044634045185026894
2,0,30,2.376876876876877,-0.0003020454600233258,9.206507474834869e-05,0.0004433090362278569
2,0,30,2.3753753753753752,-0.00030003008097595485,9.309137641866361e-05,0.0004405918023946409
2,0,30,2.373873873873874,-0.00029803087253094107,9.401013821652704e-05,0.00043832395751464137
2,0,30,2.3723723723723724,-0.0002960078186103332,9.480136287143281e-05,0.00043721070451135935
2,0,30,2.3708708708708706,-0.00029392730228783304,9.5388159167209e-05,0.00043797348060692354
2,0,30,2.3693693693693696,-0.0002917903080932871,9.568294259576504e-05,0.00043830673002104303
2,0,30,2.3678678678678677,-0.00028962089928885604,9.565295624414105e-05,0.00043816815597008674
2,0,30,2.3663663663663663,-0.00028746442130406225,9.532461154615479e-05,0.0004375364335005849
2,0,30,2.364864864864865,-0.0002854144866439867,9.470638608710669e-05,0.0004373758456923116
2,0,30,2.363363363363363,-0.00028948841258730207,9.379969484657469e-05,0.00043835552148963064
2,0,30,2.361861861861862,-0.00029832248928363114,9.261997848919457e-05,0.0004392026230969903
2,0,30,2.3603603603603602,-0.0002997849231523575,9.126036114193159e-05,0.00043976673502715835
2,0,30,2.358858858858859,-0.00030118441724324985,8.983129392392541e-05,0.00043996346830293964
2,0,30,2.3573573573573574,-0.00030212452279171353,8.836888178764823e-05,0.00043979486022976966
2,0,30,2.3558558558558556,-0.00030221276854869306,8.688452069705033e-05,0.00043929347882798453
2,0,30,2.3543543543543546,-0.0003011963390734951,8.549507039390392e-05,0.0004384921429061439
2,0,30,2.3528528528528527,-0.00029898885933327124,8.434747042340707e-05,0.00043742367127269643
2,0,30,2.3513513513513513,-0.0002956235207678404,8.357919000234748e-05,0.00043611660266223984
2,0,30,2.34984984984985,-0.0002914498662885956,8.322699467611105e-05,0.0004345317927905157
2,0,30,2.348348348348348,-0.00028691932334073966,8.326095414612489e-05,0.00043263209069771547
2,0,30,2.346846846846847,-0.0002825052887762691,8.364634681401473e-05,0.0004304819770123425
2,0,30,2.3453453453453452,-0.0002786696014646095,8.437939402383687e-05,0.0004281607334377102
2,0,30,2.343843843843844,-0.0002756950066360453,8.533440159774752e-05,0.00042574764806663223
2,0,30,2.3423423423423424,-0.00027367900213948193,8.632053000445783e-05,0.00042332200899186656
2,0,30,2.3408408408408405,-0.00027256372463235756,8.716537017705583e-05,0.0004209673931202529
2,0,30,2.3393393393393396,-0.00027286151901689815,8.780875430236534e-05,0.0004188173694860131
2,0,30,2.3378378378378377,-0.00027403087822164274,8.824569245102776e-05,0.000416999347431557
2,0,30,2.3363363363363363,-0.0002747081027873466,8.851374609974982e-05,0.00041553449125608655
2,0,30,2.334834834834835,-0.00027440184301308346,8.86380584069757e-05,0.0004144256239131394
2,0,30,2.333333333333333,-0.0002729001090545635,8.872129531456441e-05,0.0004143997783719322
2,0,30,2.331831831831832,-0.0002703717397107286,8.888597514122853e-05,0.00041506968944809985
2,0,30,2.33033033033033,-0.0002670335343944452,8.924863352610668e-05,0.00041594866960920074
2,0,30,2.328828828828829,-0.00026314846335401265,8.983943707774333e-05,0.00041694400080077854
2,0,30,2.3273273273273274,-0.0002590668793205353,9.060388227866145e-05,0.0004179986990380802
2,0,30,2.3258258258258255,-0.0002551856055730273,9.143840646996804e-05,0.0004190184915424666
2,0,30,2.3243243243243246,-0.0002518788976114128,9.225924901357097e-05,0.0004199104966782774
2,0,30,2.3228228228228227,-0.0002492207991092177,9.297715522482708e-05,0.00042058258302951623
2,0,30,2.3213213213213213,-0.0002470424173579566,9.350225497262166e-05,0.00042094261917940967
2,0,30,2.31981981981982,-0.0002451699179120137,9.375404251965591e-05,0.00042089847371157285
2,0,30,2.318318318318318,-0.0002434249111267217,9.373518750632748e-05,0.00042035679437274487
2,0,30,2.316816816816817,-0.00024158106022698078,9.353019654645411e-05,0.00041928963800208496
2,0,30,2.315315315315315,-0.0002394014579361614,9.326058695180439e-05,0.0004178494482253159
2,0,30,2.313813813813814,-0.00023666904762331686,9.301760373303658e-05,0.00041621158526872204
2,0,30,2.3123123123123124,-0.00023343232562261784,9.285333551833919e-05,0.00041523365261925127
2,0,30,2.3108108108108105,-0.0002299662880014819,9.281395365834388e-05,0.0004144048062362238
2,0,30,2.3093093093093096,-0.00022654168290564547,9.294521146729906e-05,0.00041381801578738164
2,0,30,2.3078078078078077,-0.00022339866735582303,9.32595374081302e-05,0.0004136111658060715
2,0,30,2.3063063063063063,-0.0002208063444994468,9.368815141719278e-05,0.00041384165221125535
2,0,30,2.304804804804805,-0.00021904075320405836,9.411852265051035e-05,0.0004143655565778115
2,0,30,2.303303303303303,-0.00021832713595765219,9.446077015262677e-05,0.0004150043490046551
2,0,30,2.301801801801802,-0.00021854175329572012,9.46739624213544e-05,0.0004155795663307593
2,0,30,2.3003003003003,-0.00021940861040592452,9.472624017037301e-05,0.00041591274539404255
2,0,30,2.298798798798799,-0.00022066722305463804,9.45864778723049e-05,0.00041582542303325587
2,0,30,2.2972972972972974,-0.0002220961331854121,9.426553590274889e-05,0.00041514111978935286
2,0,30,2.2957957957957955,-0.00022340727180925057,9.38393472604826e-05,0.00041429520103464235
2,0,30,2.2942942942942945,-0.0002242835267949883,9.339514025163975e-05,0.0004133705484224426
2,0,30,2.2927927927927927,-0.00022445444542207316,9.30161631274018e-05,0.00041206683859595916
2,0,30,2.2912912912912913,-0.00022390573231662048,9.274961819405458e-05,0.00041052439958066955
2,0,30,2.28978978978979,-0.00022271159118752992,9.262767231166258e-05,0.0004088835594023843
2,0,30,2.288288288288288,-0.0002209363776283224,9.268244203630704e-05,0.0004072846460866919
2,0,30,2.286786786786787,-0.00021860620000119235,9.292305380037558e-05,0.00040586978313600364
2,0,30,2.285285285285285,-0.0002158537114927972,9.325941827753592e-05,0.0004047641607322072
2,0,30,2.2837837837837838,-0.00021290402103130157,9.359450599732977e-05,0.000403936700086871
2,0,30,2.2822822822822824,-0.00020998256796833648,9.38627706968953e-05,0.0004033284083889699
2,0,30,2.2807807807807805,-0.00020725835581214547,9.406175717863174e-05,0.00040349490148072764
2,0,30,2.2792792792792795,-0.0002048358192277,9.419938064314515e-05,0.00040407961588173613
2,0,30,2.2777777777777777,-0.00020282923400855024,9.428363558927622e-05,0.00040434267075994956
2,0,30,2.2762762762762763,-0.0002013890695457543,9.435454258999165e-05,0.0004040589715187948
2,0,30,2.274774774774775,-0.00020058718877696835,9.452992143366146e-05,0.0004030663425195202
2,0,30,2.273273273273273,-0.000200352430386741,9.48995039067313e-05,0.0004014577090651894
2,0,30,2.271771771771772,-0.00020059729390325964,9.548307139339851e-05,0.00040100405046061827
2,0,30,2.27027027027027,-0.0002012058160233421,9.617841497555624e-05,0.00040059366790518025
2,0,30,2.2687687687687688,-0.00020203478010738518,9.686074674275513e-05,0.00040016642013990245
2,0,30,2.2672672672672673,-0.00020291197631078228,9.740527878432381e-05,0.0003997300443335239
2,0,30,2.2657657657657655,-0.00020363253951782845,9.768246784780388e-05,0.0003992937615085457
2,0,30,2.2642642642642645,-0.00020401680252790655,9.754898953384661e-05,0.00039889537336290637
2,0,30,2.2627627627627627,-0.00020399811802113144,9.693956278844507e-05,0.00039851372964266885
2,0,30,2.2612612612612613,-0.00020355105954500408,9.58477894205112e-05,0.0003981027703395257
2,0,30,2.25975975975976,-0.00020269189509514174,9.44227703678635e-05,0.000397628389504856
2,0,30,2.258258258258258,-0.00020148164500999322,9.286632830407537e-05,0.0003970564926106257
2,0,30,2.256756756756757,-0.0002000288635787828,9.138033313049743e-05,0.00039635298512818995
2,0,30,2.255255255255255,-0.00019848521344317804,9.017196714700138e-05,0.00039548377252962563
2,0,30,2.2537537537537538,-0.00019700204272732336,8.944822247536344e-05,0.0003944237297395792
2,0,30,2.2522522522522523,-0.00019567035238987618,8.928957090659217e-05,0.00039317496200608204
2,0,30,2.2507507507507505,-0.00019451098642447873,8.967321036557063e-05,0.00039180117416648397
2,0,30,2.2492492492492495,-0.00019351694331282143,9.045470063540062e-05,0.0003904017381695657
2,0,30,2.2477477477477477,-0.00019268052697224425,9.146027036810445e-05,0.0003890762542438919
2,0,30,2.2462462462462462,-0.000191954323284671,9.251614821603749e-05,0.00038792432261813836
2,0,30,2.244744744744745,-0.00019124850978929908,9.344897796448315e-05,0.00038704554352059217
2,0,30,2.243243243243243,-0.0001904712650418472,9.411316330421027e-05,0.0003865446872509115
2,0,30,2.241741741741742,-0.00018955290927535895,9.449544457518222e-05,0.00038651548748619424
2,0,30,2.24024024024024,-0.00018850915112433864,9.462986399033646e-05,0.00038689759703841586
2,0,30,2.2387387387387387,-0.00018738400940943034,9.456821213338351e-05,0.00038757062024402655
2,0,30,2.2372372372372373,-0.00018620393543211655,9.43702178342054e-05,0.00038841399695022094
2,0,30,2.2357357357357355,-0.00018501407420534743,9.409564805062942e-05,0.00038930716700413814
2,0,30,2.2342342342342345,-0.00018387943843456434,9.380418491733433e-05,0.00039012957025369444
2,0,30,2.2327327327327327,-0.0001828654491948245,9.354588662058294e-05,0.00039076707230728536
2,0,30,2.2312312312312312,-0.00018202768438341232,9.330250942218843e-05,0.00039113808905966163
2,0,30,2.22972972972973,-0.00018135534756974492,9.303289689210903e-05,0.00039121409871312185
2,0,30,2.228228228228228,-0.00018081069967318397,9.276082504749983e-05,0.00039106744571548724
2,0,30,2.226726726726727,-0.00018035161734181182,9.25281652475185e-05,0.00039078583842583337
2,0,30,2.225225225225225,-0.00017992716880310677,9.237678947637828e-05,0.0003904569852027362
2,0,30,2.2237237237237237,-0.0001794844526440409,9.234856971729322e-05,0.0003901685944047717
2,0,30,2.2222222222222223,-0.00017897053291943132,9.248541131412491e-05,0.0003900014862027179
2,0,30,2.2207207207207205,-0.00017833259183447359,9.283182942332324e-05,0.000389953138021204
2,0,30,2.2192192192192195,-0.0001775277795108554,9.3418652463928e-05,0.00038996414803976753
2,0,30,2.2177177177177176,-0.00017653081309465524,9.419953191902586e-05,0.000389996748565713
2,0,30,2.2162162162162162,-0.00017534837901034273,9.510003694646052e-05,0.0003900393051826656
2,0,30,2.214714714714715,-0.00017401667820365896,9.604568949161951e-05,0.00039008129126222313
2,0,30,2.213213213213213,-0.00017255459998294365,9.696201150011241e-05,0.0003901121801767604
2,0,30,2.211711711711712,-0.00017097601601734347,9.777649247488807e-05,0.00039012356919221336
2,0,30,2.21021021021021,-0.00016929484454974997,9.842623699318764e-05,0.0003901779813449968
2,0,30,2.2087087087087087,-0.00016755562064346696,9.884722420727687e-05,0.00039040462290862443
2,0,30,2.2072072072072073,-0.00016588256538307977,9.903301503910722e-05,0.00039078673564518773
2,0,30,2.2057057057057055,-0.00016435701550510107,9.900958517039538e-05,0.00039124119139338775
2,0,30,2.2042042042042045,-0.00016301092763360003,9.880344711588052e-05,0.0003916846388761219
2,0,30,2.2027027027027026,-0.00016189313457742882,9.844111339152306e-05,0.00039203372681773097
2,0,30,2.201201201201201,-0.00016105749208528142,9.79493784178942e-05,0.0003922043459476665
2,0,30,2.1996996996997,-0.00016055773041351307,9.738231491884797e-05,0.0003920740346017859
2,0,30,2.198198198198198,-0.0001603869276126102,9.683915431046852e-05,0.0003914704862125751
2,0,30,2.196696696696697,-0.00016038042437127586,9.640646904207628e-05,0.0003903850191042668
2,0,30,2.195195195195195,-0.00016038936075885024,9.610888639244308e-05,0.0003889433347872284
2,0,30,2.1936936936936937,-0.0001603391464947701,9.595295607156551e-05,0.0003872752506979271
2,0,30,2.1921921921921923,-0.0001601602698257376,9.594522540667949e-05,0.0003855105895035349
2,0,30,2.1906906906906904,-0.00015978233397773156,9.60921421293559e-05,0.0003837793093520725
2,0,30,2.1891891891891895,-0.00015913769792003096,9.63482730839127e-05,0.000382221933057203
2,0,30,2.1876876876876876,-0.00015823974789608286,9.656296656113117e-05,0.00038100429391507706
2,0,30,2.186186186186186,-0.0001571975372850476,9.662685963607309e-05,0.0003802068060729802
2,0,30,2.184684684684685,-0.0001561299995859744,9.651220892925583e-05,0.00037974353552794327
2,0,30,2.183183183183183,-0.0001551150499378151,9.620908351870572e-05,0.0003795124508099157
2,0,30,2.181681681681682,-0.0001541659381016358,9.5707552481894e-05,0.0003794115198029746
2,0,30,2.18018018018018,-0.00015328429729855042,9.500013529284423e-05,0.0003793387103919188
2,0,30,2.1786786786786787,-0.00015247036581034212,9.417385803178746e-05,0.0003791941335440363
2,0,30,2.1771771771771773,-0.00015169439366330417,9.343308271414497e-05,0.00037888781395667426
2,0,30,2.1756756756756754,-0.0001508924143453494,9.291040606296264e-05,0.00037832318316710634
2,0,30,2.1741741741741745,-0.0001499958368327836,9.264110213424992e-05,0.000377482300075338
2,0,30,2.1726726726726726,-0.0001489972266827122,9.265044414286105e-05,0.00037703971964825334
2,0,30,2.171171171171171,-0.00014793241567045978,9.296370530398335e-05,0.0003772873605688565
2,0,30,2.16966966966967,-0.0001468444313191819,9.359708363965158e-05,0.0003775647975510221
2,0,30,2.168168168168168,-0.00014577985082836475,9.446305048799175e-05,0.0003778798733358735
2,0,30,2.166666666666667,-0.00014479842235287643,9.541114852407162e-05,0.0003782240919058544
2,0,30,2.165165165165165,-0.00014398881871569014,9.63078591053046e-05,0.00037858313953842426
2,0,30,2.1636636636636637,-0.00014343829069346503,9.705287825856335e-05,0.0003789490952492147
2,0,30,2.1621621621621623,-0.00014314955771616011,9.75762091875998e-05,0.00037929358289284787
2,0,30,2.1606606606606604,-0.0001430686805376502,9.78093924526302e-05,0.00037955919311144504
2,0,30,2.1591591591591595,-0.00014314026436168525,9.768589616587775e-05,0.00037968663891524423
2,0,30,2.1576576576576576,-0.00014330827612923924,9.71989856988209e-05,0.0003796253529413929
2,0,30,2.156156156156156,-0.00014351625603264972,9.641548701022629e-05,0.00037935208790251806
2,0,30,2.1546546546546548,-0.00014368191068386826,9.542532692763395e-05,0.00037884893284906296
2,0,30,2.153153153153153,-0.00014368015960652958,9.430628139739383e-05,0.0003781009747572117
2,0,30,2.151651651651652,-0.00014344544158884087,9.316180848606415e-05,0.00037713496641500477
2,0,30,2.15015015015015,-0.00014299429946174058,9.213412568920276e-05,0.00037603053652929264
2,0,30,2.1486486486486487,-0.00014235223254122076,9.136255120112402e-05,0.0003748758972850763
2,0,30,2.1471471471471473,-0.0001415538296105634,9.092647988862002e-05,0.0003737586304711771
2,0,30,2.1456456456456454,-0.00014063468764485831,9.086423503890106e-05,0.0003727462474045762
2,0,30,2.1441441441441444,-0.0001396311495050484,9.119439501992233e-05,0.0003718828535714258
2,0,30,2.1426426426426426,-0.00013860953507738305,9.189218944960498e-05,0.00037121074169621515
2,0,30,2.141141141141141,-0.00013767556896338018,9.285915050993854e-05,0.00037075309926293265
2,0,30,2.1396396396396398,-0.00013689832218255482,9.395781707022266e-05,0.0003705003340152002
2,0,30,2.138138138138138,-0.0001363166927704773,9.50520752609485e-05,0.00037039721189419117
2,0,30,2.136636636636637,-0.00013594771408526052,9.603107011657563e-05,0.00037037120122318523
2,0,30,2.135135135135135,-0.00013577914235440858,9.68029573753526e-05,0.00037035866791257366
2,0,30,2.1336336336336337,-0.00013579658877738154,9.727987993513043e-05,0.0003703178366528115
2,0,30,2.1321321321321323,-0.00013598599103648024,9.742057149741967e-05,0.0003702102097305482
2,0,30,2.1306306306306304,-0.00013632275409347638,9.72688713790637e-05,0.0003699986065842098
2,0,30,2.1291291291291294,-0.00013675851054212318,9.692463813892882e-05,0.00036965877740680053
2,0,30,2.1276276276276276,-0.0001371882254842527,9.648987596599934e-05,0.0003692122758797711
2,0,30,2.126126126126126,-0.0001375241030288077,9.60605858432162e-05,0.0003686935965858118
2,0,30,2.1246246246246248,-0.00013771157977926496,9.57295314983897e-05,0.00036813284570458293
2,0,30,2.123123123123123,-0.00013769706170352336,9.558844154555768e-05,0.0003675531733333126
2,0,30,2.121621621621622,-0.00013742807150679548,9.569602290770973e-05,0.0003669771128924637
2,0,30,2.12012012012012,-0.00013688085409235828,9.604628590609288e-05,0.0003664290416873772
2,0,30,2.1186186186186187,-0.00013604344176909589,9.656759295273432e-05,0.00036595660856014733
2,0,30,2.1171171171171173,-0.00013494608387382145,9.717456210589503e-05,0.00036561785361394206
2,0,30,2.1156156156156154,-0.00013374665119331164,9.779193829628774e-05,0.00036542404402106765
2,0,30,2.1141141141141144,-0.0001325763121654555,9.836151445696828e-05,0.00036533488573625705
2,0,30,2.1126126126126126,-0.0001315453669147315,9.882672018313166e-05,0.0003653136524905398
2,0,30,2.111111111111111,-0.0001307639614120948,9.913191657917597e-05,0.00036532580313231033
2,0,30,2.1096096096096097,-0.00013030849381284737,9.923837123848589e-05,0.00036533672786420723
2,0,30,2.108108108108108,-0.00013017581284047175,9.914787620324272e-05,0.0003653025574361646
2,0,30,2.106606606606607,-0.00013030331551339147,9.890688978719808e-05,0.0003651617056563694
2,0,30,2.105105105105105,-0.0001305414695055851,9.856441755207168e-05,0.0003648786969583373
2,0,30,2.1036036036036037,-0.00013075191693107113,9.814683421360826e-05,0.00036449478835837157
2,0,30,2.1021021021021022,-0.00013084922268657984,9.766621230056227e-05,0.00036404757168373436
2,0,30,2.1006006006006004,-0.0001307572568565174,9.713439902458987e-05,0.0003635612338327432
2,0,30,2.0990990990990994,-0.0001304065897768103,9.656557818482625e-05,0.00036305960066057574
2,0,30,2.0975975975975976,-0.00012982661327032297,9.599063108456374e-05,0.000362566142747045
2,0,30,2.096096096096096,-0.00012910909940305748,9.543494111508011e-05,0.00036210196251768023
2,0,30,2.0945945945945947,-0.00012832520693323302,9.490921266375185e-05,0.0003616762413789498
2,0,30,2.093093093093093,-0.00012753578770324792,9.444078705778125e-05,0.0003612360225548894
2,0,30,2.091591591591592,-0.00012675103320441972,9.406215441032373e-05,0.0003607258257107837
2,0,30,2.09009009009009,-0.0001259618397976836,9.380580520945703e-05,0.0003601229256766092
2,0,30,2.0885885885885886,-0.00012515806140822594,9.370422994237071e-05,0.00035941156889640613
2,0,30,2.0870870870870872,-0.0001243080819508524,9.378530168768773e-05,0.00035857600181460336
2,0,30,2.0855855855855854,-0.00012336274921787016,9.404806888846373e-05,0.0003576061068857328
2,0,30,2.0840840840840844,-0.00012231088647984834,9.448050031923838e-05,0.0003565185780911029
2,0,30,2.0825825825825826,-0.00012114394700452058,9.506693152616652e-05,0.00035534998331815393
2,0,30,2.081081081081081,-0.00011986305900973937,9.577245286107594e-05,0.00035415273373590184
2,0,30,2.0795795795795797,-0.00011850754985365253,9.655643585204654e-05,0.0003529654972444507
2,0,30,2.078078078078078,-0.00011712491460330599,9.737825115085919e-05,0.00035179489427900057
2,0,30,2.076576576576577,-0.00011576583503170035,9.819677879818745e-05,0.00035064336551432485
2,0,30,2.075075075075075,-0.00011450254274830707,9.896734393977091e-05,0.0003495133516255855
2,0,30,2.0735735735735736,-0.00011334514120636685,9.966441921394065e-05,0.00034840567032723424
2,0,30,2.0720720720720722,-0.00011229019086833603,0.00010027337759688226,0.0003472909004821334
2,0,30,2.0705705705705704,-0.00011133416605202395,0.00010077758298276951,0.00034616151497895986
2,0,30,2.0690690690690694,-0.00011046517762669517,0.00010116012897642968,0.00034507616890672166
2,0,30,2.0675675675675675,-0.00010966673725937293,0.00010140410918302312,0.00034412025636471055
2,0,30,2.066066066066066,-0.00010896009590105615,0.00010149249921709291,0.00034341446589575275
2,0,30,2.0645645645645647,-0.00010836362285115975,0.00010140498369037854,0.0003430845681802186
2,0,30,2.063063063063063,-0.00010787632615466558,0.00010111873585327835,0.0003432563338982564
2,0,30,2.0615615615615615,-0.00010749908534407604,0.00010062810863431526,0.00034405909901741305
2,0,30,2.06006006006006,-0.00010723295109577036,9.998646490350094e-05,0.00034559679293910683
2,0,30,2.0585585585585586,-0.00010707898146455896,9.925818984868329e-05,0.00034775263695768777
2,0,30,2.057057057057057,-0.00010703852110005574,9.850766865793226e-05,0.0003503194713433966
2,0,30,2.0555555555555554,-0.00010709248126461457,9.779928651953984e-05,0.00035305435973304045
2,0,30,2.054054054054054,-0.00010718856581659608,9.720260241430356e-05,0.000355709468363663
2,0,30,2.0525525525525525,-0.0001073047560438134,9.679168916598702e-05,0.00035637680021638474
2,0,30,2.051051051051051,-0.00010743749316943774,9.662052331294024e-05,0.00035496957810637886
2,0,30,2.0495495495495497,-0.00010758495367302334,9.66859764146566e-05,0.00035357565290827786
2,0,30,2.048048048048048,-0.00010774525492524001,9.690288647468126e-05,0.00035232786855915466
2,0,30,2.0465465465465464,-0.00010791464296755482,9.717941404985275e-05,0.0003513992488894946
2,0,30,2.045045045045045,-0.00010809590811711178,9.742371969700958e-05,0.0003509112882845167
2,0,30,2.0435435435435436,-0.00010831742873645966,9.754283384111329e-05,0.0003508511748697707
2,0,30,2.042042042042042,-0.00010860267686424452,9.74568508219642e-05,0.00035119419652873685
2,0,30,2.0405405405405403,-0.00010891724356482113,9.715490145922878e-05,0.0003519156126601808
2,0,30,2.039039039039039,-0.00010920527670493785,9.667741637708893e-05,0.00035298014010426426
2,0,30,2.0375375375375375,-0.00010941091443023021,9.613364526062096e-05,0.00035432182759315145
2,0,30,2.036036036036036,-0.00010947829488644478,9.564094712832816e-05,0.00035565657787201
2,0,30,2.0345345345345347,-0.00010935232560010943,9.531668099904689e-05,0.00035525736803243557
2,0,30,2.033033033033033,-0.00010899050915802455,9.52779953508065e-05,0.00035495886839054247
2,0,30,2.0315315315315314,-0.00010836949694487119,9.560321113200043e-05,0.00035474672026886145
2,0,30,2.03003003003003,-0.0001075420442506192,9.625689290426731e-05,0.00035460656499025633
2,0,30,2.0285285285285286,-0.0001065979101187442,9.717605366044157e-05,0.0003545251582878217
2,0,30,2.027027027027027,-0.0001056223987146443,9.827296305031652e-05,0.0003544966626312096
2,0,30,2.0255255255255253,-0.00010469963814918604,9.943994789995969e-05,0.0003545204614279207
2,0,30,2.024024024024024,-0.0001039314274765002,0.00010056874296349161,0.0003546244173400215
2,0,30,2.0225225225225225,-0.00010409267207617257,0.00010155108299447768,0.00035485219765579723
2,0,30,2.021021021021021,-0.00010441623181761672,0.0001022806714094937,0.00035521004509569964
2,0,30,2.0195195195195197,-0.00010487869086528434,0.00010270373302512237,0.0003556836119762985
2,0,30,2.018018018018018,-0.00010541629126781249,0.00010283561780277672,0.0003562583507390471
2,0,30,2.0165165165165164,-0.00010596414582580982,0.00010270300256220999,0.0003569202125793258
2,0,30,2.015015015015015,-0.00010647762655130455,0.00010233924893388036,0.00035594301946229034
2,0,30,2.0135135135135136,-0.00010694612943529247,0.0001017881112567176,0.000354793499346473
2,0,30,2.012012012012012,-0.00010736246100434554,0.00010109426320614734,0.00035366348514875856
2,0,30,2.0105105105105103,-0.00010771942778492472,0.00010030237845848333,0.0003525893313552353
2,0,30,2.009009009009009,-0.00010800983630343541,9.94571306897063e-05,0.0003516073924516583
2,0,30,2.0075075075075075,-0.00010822649308589449,9.860319357535285e-05,0.00035075402292333857
2,0,30,2.006006006006006,-0.00010836220465937352,9.77852407918478e-05,0.0003500655772562533
2,0,30,2.0045045045045047,-0.00010840977754961179,9.704794601483879e-05,0.00034957840993626865
2,0,30,2.003003003003003,-0.00010836201828323677,9.643598292041755e-05,0.0003493288754490287
2,0,30,2.0015015015015014,-0.00010821173338637635,9.599402518478684e-05,0.00034935332827995547
2,0,30,2.0,-0.00010795172938571351,9.576674648348327e-05,0.00034968812291508167
2,1,9,3.5,1.3874793939134742e-06,8.968354276348413e-05,0.0001333740167366641
2,1,9,3.4984984984984986,-3.6408264804584924e-06,8.560055246022163e-05,0.0001308125737312098
2,1,9,3.496996996996997,-9.401371692009989e-06,8.149659844385886e-05,0.00012952622592873306
2,1,9,3.4954954954954953,-1.6109777475185622e-05,7.74212402890485e-05,0.00012934832577512465
2,1,9,3.493993993993994,-2.3238231409648358e-05,7.342403757044634e-05,0.00013011222571627558
2,1,9,3.4924924924924925,-3.055096065748941e-05,6.955454986270519e-05,0.00013165127819807636
2,1,9,3.490990990990991,-3.781219238079808e-05,6.586233674047863e-05,0.00013379883566641781
2,1,9,3.4894894894894897,-4.478615374166369e-05,6.239695777842058e-05,0.00013638825056719084
2,1,9,3.487987987987988,-5.1237071902177284e-05,5.9207972551183824e-05,0.00013925287534628705
2,1,9,3.4864864864864864,-5.355711017323837e-05,5.6344940633423936e-05,0.0001422260624495956
2,1,9,3.484984984984985,-5.5138902932831e-05,5.385742159979377e-05,0.00014514116432300805
2,1,9,3.4834834834834836,-5.6650391622671786e-05,5.179497502494705e-05,0.00014783153817570483
2,1,9,3.481981981981982,-5.811068222505986e-05,5.020716048353754e-05,0.00015014886789442144
2,1,9,3.4804804804804803,-5.951988405854784e-05,4.914353755021876e-05,0.00015200464757388058
2,1,9,3.478978978978979,-6.087803599108603e-05,4.865339527203598e-05,0.00015332255265139753
2,1,9,3.4774774774774775,-6.218517689062593e-05,4.871831257382376e-05,0.00015402625856428932
2,1,9,3.475975975975976,-6.344124961523941e-05,4.916336345265823e-05,0.00015407192535381973
2,1,9,3.4744744744744747,-6.46221634449877e-05,4.9795019758201416e-05,0.0001536111087444041
2,1,9,3.472972972972973,-6.363610674653224e-05,5.0493703634332094e-05,0.00015376189922333195
2,1,9,3.4714714714714714,-6.282749825386736e-05,5.121099250127219e-05,0.0001540308286247271
2,1,9,3.46996996996997,-6.210481447631696e-05,5.190134723233986e-05,0.0001543570055082637
2,1,9,3.4684684684684686,-6.119450396211887e-05,5.251922870085329e-05,0.00015474807947652
2,1,9,3.466966966966967,-6.00584877121107e-05,5.3025534262280034e-05,0.00015521135342981817
2,1,9,3.4654654654654653,-5.871896553068972e-05,5.342747647872712e-05,0.00015572524338161196
2,1,9,3.463963963963964,-5.719813724990562e-05,5.375260370441481e-05,0.00015621799441893755
2,1,9,3.4624624624624625,-5.551820270180679e-05,5.403553734576014e-05,0.00015661289062347177
2,1,9,3.460960960960961,-5.370908284457591e-05,5.4324447778238984e-05,0.0001568471718879919
2,1,9,3.4594594594594597,-5.191925748706237e-05,5.466905909265907e-05,0.00015689060220715016
2,1,9,3.457957957957958,-5.035437896779948e-05,5.511909537982791e-05,0.0001567175695834877
2,1,9,3.4564564564564564,-4.901413199391862e-05,5.572115464157754e-05,0.00015630650252691477
2,1,9,3.454954954954955,-4.78226977314735e-05,5.6492121277962174e-05,0.00015571602769785873
2,1,9,3.4534534534534536,-4.6704152649703376e-05,5.7431565462623055e-05,0.00015507847525183746
2,1,9,3.451951951951952,-4.558257321784728e-05,5.848860219030217e-05,0.0001545289138723758
2,1,9,3.4504504504504503,-4.437954326650263e-05,5.953595183714826e-05,0.00015417705628195547
2,1,9,3.448948948948949,-4.29783729216295e-05,6.0439940186498664e-05,0.00015403656339347074
2,1,9,3.4474474474474475,-4.125753829069853e-05,6.106689302169221e-05,0.00015409835575919042
2,1,9,3.445945945945946,-3.925939361365863e-05,6.129826223992356e-05,0.00015435301344313493
2,1,9,3.4444444444444446,-3.709258666051798e-05,6.112323413309914e-05,0.0001547471136587352
2,1,9,3.442942942942943,-3.486594681865389e-05,6.058001552103603e-05,0.00015514022241272106
2,1,9,3.4414414414414414,-3.268830347544563e-05,5.978439402012838e-05,0.00015538251183391414
2,1,9,3.43993993993994,-3.066634884885144e-05,5.894669537747136e-05,0.00015539555746552905
2,1,9,3.4384384384384385,-2.8895600593132655e-05,5.8282994516035925e-05,0.00015522656393200055
2,1,9,3.436936936936937,-2.7414806995351747e-05,5.8009366358793705e-05,0.00015493550158780355
2,1,9,3.4354354354354353,-2.6106086820599237e-05,5.830974083621257e-05,0.00015458236991629237
2,1,9,3.433933933933934,-2.4822853571046825e-05,5.9188282861934996e-05,0.00015423477131344177
2,1,9,3.4324324324324325,-2.3418520748864262e-05,6.058248730857023e-05,0.00015397803257042567
2,1,9,3.430930930930931,-2.1746501856222816e-05,6.230943886491075e-05,0.0001538994114015221
2,1,9,3.4294294294294296,-1.9670360314956968e-05,6.405117691416179e-05,0.00015401992047317362
2,1,9,3.4279279279279278,-1.711458005913477e-05,6.548257732669617e-05,0.0001542345874589407
2,1,9,3.4264264264264264,-1.7469887476873665e-05,6.627851597288347e-05,0.00015442433132938386
2,1,9,3.424924924924925,-1.771948022053979e-05,6.614703286799838e-05,0.00015447056602592392
2,1,9,3.4234234234234235,-1.7475998857273672e-05,6.501626319158939e-05,0.00015428616003452774
2,1,9,3.421921921921922,-1.660356364583445e-05,6.292446921529662e-05,0.0001538337739995664
2,1,9,3.4204204204204203,-1.5144986230053708e-05,6.0155440633269126e-05,0.0001530812974310236
2,1,9,3.418918918918919,-1.3332747526170752e-05,5.715467705834452e-05,0.00015206788470345338
2,1,9,3.4174174174174174,-1.1386483795963308e-05,5.43705337480555e-05,0.000150958048116621
2,1,9,3.415915915915916,-9.52411410399829e-06,5.225136595993739e-05,0.00014992903460595225
2,1,9,3.4144144144144146,-7.963557514842606e-06,5.1213147719506805e-05,0.00015027471739552075
2,1,9,3.4129129129129128,-6.92273309306447e-06,5.147221896647982e-05,0.0001510656214883774
2,1,9,3.4114114114114114,-6.605433028267129e-06,5.3086692741646964e-05,0.0001512879457856624
2,1,9,3.40990990990991,-6.94402763450324e-06,5.574394873647699e-05,0.00015092327441876968
2,1,9,3.4084084084084085,-7.68960854452723e-06,5.9027002450887274e-05,0.00015007104373262678
2,1,9,3.406906906906907,-8.641676750759802e-06,6.251886354407968e-05,0.00015038378346502596
2,1,9,3.4054054054054053,-9.601474305558511e-06,6.580254167526086e-05,0.00015105141642245351
2,1,9,3.403903903903904,-1.0370243261279173e-05,6.848168870199995e-05,0.00015148691487687016
2,1,9,3.4024024024024024,-1.0749225670278039e-05,7.024459672459304e-05,0.00015161647160091742
2,1,9,3.400900900900901,-1.0593839229623443e-05,7.09874611685658e-05,0.00015148536990796865
2,1,9,3.3993993993993996,-1.0070483324625158e-05,7.093553718764923e-05,0.00015114677765067216
2,1,9,3.3978978978978978,-9.328127123120478e-06,7.03474527545653e-05,0.00015068951342011357
2,1,9,3.3963963963963963,-8.438431268802723e-06,6.948183584203549e-05,0.0001502486262964539
2,1,9,3.394894894894895,-7.472201318547891e-06,6.859731451700499e-05,0.00014996224687868157
2,1,9,3.3933933933933935,-6.500242829232412e-06,6.796887742771844e-05,0.00014996022056257448
2,1,9,3.391891891891892,-5.5933613577314155e-06,6.792424492524894e-05,0.0001502676335051402
2,1,9,3.3903903903903903,-4.799068760115866e-06,6.856167973487686e-05,0.00015083774701864488
2,1,9,3.388888888888889,-4.031740384722107e-06,6.971613398438744e-05,0.0001516192790054923
2,1,9,3.3873873873873874,-3.259214461224201e-06,7.120949008790302e-05,0.00015251024597638012
2,1,9,3.385885885885886,-2.4995595785592614e-06,7.286363045954855e-05,0.00015336764662515507
2,1,9,3.3843843843843846,-1.771090838607707e-06,7.450043691551844e-05,0.00015404730301604936
2,1,9,3.3828828828828827,-1.0921233432464872e-06,7.58952741008248e-05,0.00015441597272764125
2,1,9,3.3813813813813813,-4.809684428438987e-07,7.667256275332296e-05,0.0001544197440789966
2,1,9,3.37987987987988,4.598677885540858e-08,7.672347706803861e-05,0.00015403968704862884
2,1,9,3.3783783783783785,4.882563216651592e-07,7.61632180183219e-05,0.00015326782951552258
2,1,9,3.376876876876877,8.936518196009727e-07,7.51120799801783e-05,0.00015218121330926124
2,1,9,3.3753753753753752,1.322974201333968e-06,7.691485305779885e-05,0.0001508971006711603
2,1,9,3.373873873873874,1.8370247193240027e-06,8.14429613316273e-05,0.00014953299361067894
2,1,9,3.3723723723723724,2.4966046260274655e-06,8.608801402685325e-05,0.00014819232286264038
2,1,9,3.370870870870871,3.3618367140048414e-06,9.07381786684272e-05,0.00014691941294126074
2,1,9,3.3693693693693696,4.47385469816864e-06,9.528162278129877e-05,0.00014574307140468017
2,1,9,3.3678678678678677,5.830464221743582e-06,9.961338577905206e-05,0.00014468289542576233
2,1,9,3.3663663663663663,7.356331013794529e-06,0.00010368797289263786,0.00014372425285800842
2,1,9,3.364864864864865,8.961569406567942e-06,0.0001074914955247518,0.00014284456153129503
2,1,9,3.3633633633633635,1.0556293732304212e-05,0.00011101904006401934,0.00014202148004238257
2,1,9,3.361861861861862,1.2050618323245464e-05,0.00011426974668207832,0.000141265872753411
2,1,9,3.3603603603603602,1.3354696533667693e-05,0.00011724277792294138,0.00014065541032000535
2,1,9,3.358858858858859,1.4380293330039547e-05,0.00011993730092057456,0.00014027571545755565
2,1,9,3.3573573573573574,1.5130619066357556e-05,0.00012237515301069622,0.00014018972496011427
2,1,9,3.355855855855856,1.577384605136109e-05,0.00012465343493110043,0.0001404031576406825
2,1,9,3.3543543543543546,1.649557579695357e-05,0.00012688062032392092,0.00014091285139938587
2,1,9,3.3528528528528527,1.748140981503929e-05,0.00012914925147685958,0.00014171448955272586
2,1,9,3.3513513513513513,1.89169496175182e-05,0.000131548116938782,0.00014274301120408093
2,1,9,3.34984984984985,2.098071787121937e-05,0.00013351567728151024,0.00014384380466727492
2,1,9,3.3483483483483485,2.379652829880268e-05,0.0001327135575117126,0.00014485625462495877
2,1,9,3.346846846846847,2.7275370867333587e-05,0.0001315890102582479,0.000145667987895475
2,1,9,3.3453453453453452,3.1100558704452545e-05,0.00013025086732975158,0.00014623057041999662
2,1,9,3.343843843843844,3.49422448048765e-05,0.00012880796053485813,0.0001471502594678955
2,1,9,3.3423423423423424,3.8470582163323275e-05,0.0001273712650932653,0.0001506478480288384
2,1,9,3.340840840840841,4.135574894843872e-05,0.0001260684307485306,0.0001541970421995503
2,1,9,3.3393393393393396,4.329298610790226e-05,0.00012503434551185653,0.00015779972739780705
2,1,9,3.3378378378378377,4.4071846049310165e-05,0.00012434311340126132,0.00016146450656371984
2,1,9,3.3363363363363363,4.3744207897428514e-05,0.00012395509586330018,0.00016530526966556866
2,1,9,3.334834834834835,4.251876208023232e-05,0.00012381817934071365,0.000169518042865845
2,1,9,3.3333333333333335,4.0606633505385625e-05,0.000123880250276244,0.00017420999412391842
2,1,9,3.3318318318318316,3.821894708054552e-05,0.00012408618265184052,0.00017934370351271184
2,1,9,3.33033033033033,3.556696188372274e-05,0.00012436816728192412,0.00018486892044241449
2,1,9,3.328828828828829,3.2884670783828174e-05,0.00012465668259720175,0.00018989899870023967
2,1,9,3.3273273273273274,3.0428236799625794e-05,0.00012493288217046462,0.00019072794454203477
2,1,9,3.325825825825826,2.8359953090166187e-05,0.00012523731358325685,0.0001914489951063275
2,1,9,3.324324324324324,2.6818069374443324e-05,0.00012561390694929356,0.00019201986924118064
2,1,9,3.3228228228228227,2.5940835371452906e-05,0.0001261058435852759,0.00019239249224968329
2,1,9,3.3213213213213213,2.5866500800183698e-05,0.00012670257440553813,0.0001925187861734519
2,1,9,3.31981981981982,2.6723404836606277e-05,0.00012730476879045313,0.00019235067305409422
2,1,9,3.3183183183183185,2.8463458108219167e-05,0.00012780178475923706,0.00019184025908091165
2,1,9,3.3168168168168166,3.0931743957655564e-05,0.00012805870921800758,0.00019095002558416202
2,1,9,3.315315315315315,3.4059944287541735e-05,0.00012792884880457635,0.0001897129188679382
2,1,9,3.313813813813814,3.779074045844391e-05,0.00012726543227871423,0.00018829985705070412
2,1,9,3.3123123123123124,4.206681383091965e-05,0.00012592767347680174,0.00018690260528779826
2,1,9,3.310810810810811,4.683084576553517e-05,0.00012392054242337663,0.0001857129287345556
2,1,9,3.309309309309309,5.203345455841342e-05,0.00012139941226991732,0.0001849225925463216
2,1,9,3.3078078078078077,5.766541482253931e-05,0.0001185547009196538,0.00018471707004714434
2,1,9,3.3063063063063063,6.340363027424259e-05,0.00011569570517503541,0.0001852088174952738
2,1,9,3.304804804804805,6.857875538180194e-05,0.00011316312011001514,0.00018633367185889697
2,1,9,3.3033033033033035,7.250558584238204e-05,0.00011129764098140142,0.00018784939889244026
2,1,9,3.3018018018018016,7.449891735314233e-05,0.00011040639106475389,0.000189501448334942
2,1,9,3.3003003003003,7.387354985401856e-05,0.00011053523255892192,0.00019103526992543356
2,1,9,3.298798798798799,7.004459807166685e-05,0.00011480782358488234,0.0001921963134203595
2,1,9,3.2972972972972974,6.292980136139194e-05,0.0001186742863295686,0.00019274487506770223
2,1,9,3.295795795795796,5.360013930237953e-05,0.00012167778096881972,0.00019252531408440327
2,1,9,3.294294294294294,4.3614946654653083e-05,0.00012340723197738247,0.00019164614095774565
2,1,9,3.2927927927927927,3.4536031153086996e-05,0.00012345163911513767,0.0001903533145774742
2,1,9,3.2912912912912913,2.7925200532552194e-05,0.00012165341111345686,0.00018889421349952903
2,1,9,3.28978978978979,2.5338081815921842e-05,0.0001215927700857107,0.00018751621627984862
2,1,9,3.2882882882882885,2.7983847384772248e-05,0.00012120995089917944,0.00018646632414650276
2,1,9,3.2867867867867866,3.6221064954744184e-05,0.00012012317088082314,0.00018595214385373066
2,1,9,3.285285285285285,4.8735356734616944e-05,0.00011863973173052537,0.00018605822429912898
2,1,9,3.2837837837837838,6.370604672580396e-05,0.00011707260528013436,0.00018669510082685442
2,1,9,3.2822822822822824,7.931230019728348e-05,0.00011573335582727544,0.00018773870563774074
2,1,9,3.280780780780781,9.37332824180355e-05,0.00012230239690357372,0.0001890649709326217
2,1,9,3.279279279279279,0.00010516809203445915,0.0001313709725706963,0.0001905498289123328
2,1,9,3.2777777777777777,0.00011209305994775223,0.00013116043958697615,0.0001920717899566715
2,1,9,3.2762762762762763,0.00011406545718456798,0.0001303170165242798,0.00019354919344218707
2,1,9,3.274774774774775,0.00011237563476680645,0.0001295417757049347,0.000194953531632968
2,1,9,3.2732732732732734,0.00010851352451358987,0.00012897126631850747,0.00019629458952102538
2,1,9,3.2717717717717716,0.00010396905824406472,0.00012873827395803658,0.00019758575717655075
2,1,9,3.27027027027027,0.00010023216777734975,0.00012884697034431028,0.0001988404246697252
2,1,9,3.2687687687687688,9.876539375355126e-05,0.00012914402536308087,0.00020007198207074375
2,1,9,3.2672672672672673,0.00010083094894551559,0.0001294713235480173,0.00020125956528800962
2,1,9,3.265765765765766,0.00010504312200092236,0.00012971842831512384,0.00020220158006026626
2,1,9,3.264264264264264,0.00010248222438279456,0.00012173885908027537,0.0002028177720958431
2,1,9,3.2627627627627627,0.00010039353344918484,0.00012350542443671092,0.00020316385060521053
2,1,9,3.2612612612612613,9.906988686832902e-05,0.00012914779151546388,0.00020329847529544295
2,1,9,3.25975975975976,9.854857786431234e-05,0.0001282533959034403,0.00020328030587362864
2,1,9,3.2582582582582584,9.878560473647671e-05,0.00012688716977587305,0.00020316851062348804
2,1,9,3.2567567567567566,9.971096379499805e-05,0.00013391200212413065,0.00020311262975977046
2,1,9,3.255255255255255,0.00010122294654260622,0.00014351490895071067,0.00020343486779636835
2,1,9,3.2537537537537538,0.00010321791843410574,0.00014635366824831617,0.00020437776214464118
2,1,9,3.2522522522522523,0.00010559153666655705,0.00014242482452531124,0.000206151307150286
2,1,9,3.250750750750751,0.00010815385673827727,0.000138255199247303,0.00020896548688599179
2,1,9,3.249249249249249,0.00011054873532330423,0.00013482279459864008,0.00021303028542443356
2,1,9,3.2477477477477477,0.00011023810750079507,0.00013354480223900025,0.00021852430753744462
2,1,9,3.2462462462462462,0.00010816656513375558,0.00013570158367007604,0.00022506021006095736
2,1,9,3.244744744744745,0.00010648431624426732,0.00014125838054288367,0.00023182571383516606
2,1,9,3.2432432432432434,0.00010533547677119698,0.00014998702139462292,0.0002381298773873157
2,1,9,3.2417417417417416,0.00010486290691515132,0.00016165933476250394,0.00024329879734509216
2,1,9,3.24024024024024,0.0001050356977699285,0.00017604714918372302,0.000246658570336164
2,1,9,3.2387387387387387,0.00010498630716730684,0.00019265819543712662,0.00024753529298821714
2,1,9,3.2372372372372373,0.00010577218329579571,0.0001982776303784614,0.00024551043526204255
2,1,9,3.235735735735736,0.00010586573037944108,0.00020282937255441252,0.0002417363412556446
2,1,9,3.234234234234234,0.00010596325538867607,0.00020824752407058028,0.00023834110235000996
2,1,9,3.2327327327327327,0.00010628265337904105,0.0002147877028574642,0.0002498584609271562
2,1,9,3.2312312312312312,0.00010702798066833039,0.000222872120364679,0.0002601125631677484
2,1,9,3.22972972972973,0.00010813000448765125,0.0002337901779072525,0.0002686810152114777
2,1,9,3.2282282282282284,0.00010926908703998497,0.0002471287977104837,0.0002778613403044902
2,1,9,3.2267267267267266,0.00011018315750670887,0.0002616353253740017,0.0003100830739003538
2,1,9,3.225225225225225,0.00011097204696120314,0.0002760556975944725,0.0003433267726085029
2,1,9,3.2237237237237237,0.0001118575440937318,0.000289135851068531,0.0003685071394178667
2,1,9,3.2222222222222223,0.00011306153063889157,0.00029962191551115985,0.000376692037446124
2,1,9,3.220720720720721,0.00011464330599121608,0.00030654781577891393,0.00035894947473155
2,1,9,3.219219219219219,0.0001157005103070638,0.00030634745931240603,0.0003764563170123511
2,1,9,3.2177177177177176,0.00011498487517232897,0.00024271708084901145,0.0004174649775584849
2,1,9,3.2162162162162162,7.741809560377066e-05,0.00025733789008972746,0.00046440541339519414
2,1,9,3.214714714714715,5.193327583044582e-06,0.0002741128807474402,0.0005127945663922287
2,1,9,3.2132132132132134,-4.287138690439729e-07,0.00029273918043978137,0.0005578016746507972
2,1,9,3.2117117117117115,-1.710060465474894e-06,0.0003129215284426237,0.0005945959762720596
2,1,9,3.21021021021021,1.2075927061996894e-06,0.0003328895616676389,0.0006183465655620682
2,1,9,3.2087087087087087,6.17859357171513e-06,0.0003599250297639592,0.0006235725770559544
2,1,9,3.2072072072072073,1.1215993950534908e-05,0.00038837280251589196,0.0006126954705906185
2,1,9,3.205705705705706,1.4956356186340836e-05,0.00042010380457863095,0.0006057558164391796
2,1,9,3.204204204204204,5.6683750669896116e-05,0.00045493158887620344,0.0006245998700551633
2,1,9,3.2027027027027026,0.00010453763008340389,0.0004939904102656614,0.0007222868967508567
2,1,9,3.201201201201201,9.420764057395392e-05,0.0005446489773104912,0.0008321545344171372
2,1,9,3.1996996996997,7.940215508656784e-05,0.0006091613129721382,0.0009839011084773752
2,1,9,3.198198198198198,6.368785725165138e-05,0.0006831883776216643,0.0011599240359574103
2,1,9,3.1966966966966965,5.05431473296486e-05,0.0007622923409310797,0.001318879680666532
2,1,9,3.195195195195195,3.6896245116491144e-05,0.0007200082164460636,0.0014575939189695672
2,1,9,3.1936936936936937,2.8722465092598237e-05,0.000760582679018372,0.0015826972246323068
2,1,9,3.1921921921921923,4.4171815918904456e-05,0.0009147199540523315,0.0017048290305091557
2,1,9,3.1906906906906904,9.195215118763811e-05,0.0011262933247648543,0.0018411241004044482
2,1,9,3.189189189189189,0.00015716162746441664,0.0012578928392344285,0.0020305449097111627
2,1,9,3.1876876876876876,0.00021175188194534622,0.001370505788812884,0.00234748167946576
2,1,9,3.186186186186186,0.00023590243201257466,0.0015121228677406756,0.0027762253233587914
2,1,9,3.184684684684685,0.0002344857736061301,0.0017125630411845144,0.0031916357463439987
2,1,9,3.183183183183183,0.000262071668950703,0.0018542982673905861,0.0034447357830686004
2,1,9,3.1816816816816815,0.00033123086150704806,0.0019588138979741154,0.0035469092899684113
2,1,9,3.18018018018018,0.0004291294810117169,0.0020483059266478004,0.0037538176641823823
2,1,9,3.1786786786786787,0.000626739285618752,0.0021466798242993773,0.004188190582568974
2,1,9,3.1771771771771773,0.0009205264955643444,0.002418238764950037,0.0047664485568331555
2,1,9,3.1756756756756754,0.0012159559641726214,0.002731859163932676,0.005445291090841686
2,1,9,3.174174174174174,0.0015009718090899238,0.00306873098739438,0.006155952398616715
2,1,9,3.1726726726726726,0.0017775825086966957,0.0034443386548944355,0.006583807615658882
2,1,9,3.171171171171171,0.002023120042724841,0.0037684840061701502,0.006619146193534542
2,1,9,3.16966966966967,0.0021947370385051734,0.004030711403780057,0.006509010183068126
2,1,9,3.168168168168168,0.002278661362153378,0.0043101136372287185,0.006428482406932667
2,1,9,3.1666666666666665,0.0025058190465720442,0.004438437414757079,0.006519630822053563
2,1,9,3.165165165165165,0.0027110377472818192,0.004511915567602803,0.006937153103454163
2,1,9,3.1636636636636637,0.0028860172298175446,0.0046009861477073755,0.007505504476453206
2,1,9,3.1621621621621623,0.003165056560183316,0.00464192687899842,0.008004949685509605
2,1,9,3.1606606606606604,0.003548375194287745,0.0046374669093426635,0.008348061651537064
2,1,9,3.159159159159159,0.003871430295829037,0.0046545615128480156,0.00830006955949203
2,1,9,3.1576576576576576,0.003973869310953837,0.0047499933845099596,0.008149625391962595
2,1,9,3.156156156156156,0.0034853237895160205,0.004828949923289555,0.00791199710334814
2,1,9,3.1546546546546548,0.002779518335082082,0.004815816995552863,0.007843120850114516
2,1,9,3.153153153153153,0.0025573646896969726,0.0047580046991676506,0.00809670934621945
2,1,9,3.1516516516516515,0.002634174260716493,0.004966130006944236,0.008381065065974136
2,1,9,3.15015015015015,0.00280061373931767,0.0051377181662893845,0.00852269776192105
2,1,9,3.1486486486486487,0.002925194439819978,0.0051985730731691215,0.008551129955920944
2,1,9,3.1471471471471473,0.0024709054765618688,0.005213740217449914,0.008475857895496375
2,1,9,3.1456456456456454,0.0028275252352857327,0.005243992169079392,0.008373805022048875
2,1,9,3.144144144144144,0.0030595539722571563,0.005344726400363153,0.008295347771457462
2,1,9,3.1426426426426426,0.0032519289775940208,0.0054813732814771865,0.008232342442931029
2,1,9,3.141141141141141,0.0035836807644324953,0.005535985865307125,0.00807824765568732
2,1,9,3.1396396396396398,0.0033925584676524623,0.005505321314568823,0.007834205033057984
2,1,9,3.138138138138138,0.0031800849969877976,0.005478868008792603,0.007739557488760707
2,1,9,3.1366366366366365,0.002978082536631177,0.00553149861506419,0.007548074864281218
2,1,9,3.135135135135135,0.0028998903678046917,0.005546021759063546,0.0073588519252285045
2,1,9,3.1336336336336337,0.002865674506659477,0.0054973571280499955,0.007305214671136706
2,1,9,3.1321321321321323,0.0027917297266436547,0.005483102544398155,0.007341617357032371
2,1,9,3.1306306306306304,0.0026875043672921484,0.005481136482117621,0.007377967082707104
2,1,9,3.129129129129129,0.002608990889210183,0.005439389931395366,0.007300471702417377
2,1,9,3.1276276276276276,0.002630186125222367,0.005445871225048193,0.006997263785965546
2,1,9,3.126126126126126,0.0025005819575307786,0.0054920808598136195,0.006879066094594155
2,1,9,3.1246246246246248,0.002241236325946694,0.005594908677269528,0.006923049723092878
2,1,9,3.123123123123123,0.0020454615148384203,0.005697644320546202,0.0068891658853751925
2,1,9,3.1216216216216215,0.0018780340492395298,0.005773317706575409,0.006758676407486397
2,1,9,3.12012012012012,0.0017374626113293434,0.005923754756658295,0.006647835880612407
2,1,9,3.1186186186186187,0.001620011731993276,0.006155158716762754,0.006529524191856484
2,1,9,3.1171171171171173,0.0015314539121177306,0.006136338565689181,0.006409161338158109
2,1,9,3.1156156156156154,0.0014901175595740668,0.006097638579804443,0.006375646899504317
2,1,9,3.114114114114114,0.001466914766489913,0.006135027092487755,0.006375416222858643
2,1,9,3.1126126126126126,0.0013865922385737361,0.005996376610203968,0.006334195453916613
2,1,9,3.111111111111111,0.0012529391270388879,0.005966560038410229,0.006316514250799987
2,1,9,3.1096096096096097,0.001083940778101089,0.006139965406780745,0.006352986062314547
2,1,9,3.108108108108108,0.0009578522576025872,0.006187672614319184,0.006288074970478896
2,1,9,3.1066066066066065,0.0008342627157427174,0.005974483320220547,0.0061942922181791316
2,1,9,3.105105105105105,0.0007579903181661463,0.005898404958346648,0.005995320073318378
2,1,9,3.1036036036036037,0.0009039965902586378,0.0058182395263451925,0.006192634821010123
2,1,9,3.1021021021021022,0.0009591567257889455,0.005703649343214323,0.00615933423653936
2,1,9,3.1006006006006004,0.0009001623182766094,0.005669006551619948,0.006102741223994679
2,1,9,3.099099099099099,0.001100925172601186,0.005056901527895841,0.005793613731298719
2,1,9,3.0975975975975976,0.0014271533190357566,0.00501888274043516,0.005817370158877289
2,1,9,3.096096096096096,0.0015995794095883253,0.004969573975107444,0.005713807983538821
2,1,9,3.0945945945945947,0.0016006518193593111,0.004856842520037596,0.005492564025245561
2,1,9,3.093093093093093,0.0016214169684152235,0.004710906629656231,0.005358810989317786
2,1,9,3.0915915915915915,0.0015798070821908539,0.004523964731090624,0.005339851270032336
2,1,9,3.09009009009009,0.0015827010964101218,0.0043518728700481235,0.00530993617751685
2,1,9,3.0885885885885886,0.0015931928672815454,0.004266506390907199,0.005096967984772438
2,1,9,3.0870870870870872,0.0015591614974354018,0.004181953424493345,0.004844435280080606
2,1,9,3.0855855855855854,0.0016318791639280406,0.004073425034895717,0.004715167156373323
2,1,9,3.084084084084084,0.001782906911327875,0.003946802135624039,0.0046711109216283075
2,1,9,3.0825825825825826,0.002033401618062758,0.00377460803322327,0.00459960916883051
2,1,9,3.081081081081081,0.0018943005486051767,0.0035983718264706033,0.004530287757850027
2,1,9,3.0795795795795797,0.001732445897454249,0.0035072102037448927,0.004467006534569662
2,1,9,3.078078078078078,0.001565825006373589,0.003446198607242823,0.0043685509500714925
2,1,9,3.0765765765765765,0.0014410089184007102,0.00317325254329337,0.004267063860663556
2,1,9,3.075075075075075,0.0013328130937065863,0.0029718163261909236,0.004165208886397709
2,1,9,3.0735735735735736,0.0012452198622076027,0.0028073450935424127,0.004080641230795323
2,1,9,3.0720720720720722,0.001164694624652518,0.0026422841825238796,0.004060255853925998
2,1,9,3.0705705705705704,0.0010713201956020768,0.002491129535096892,0.004007426505253431
2,1,9,3.069069069069069,0.000994016521543295,0.002487064800087757,0.0039310399449719036
2,1,9,3.0675675675675675,0.000981906268488264,0.002731498164526114,0.003879588511709664
2,1,9,3.066066066066066,0.0010134548149141054,0.002731942177811142,0.003832966995203413
2,1,9,3.0645645645645647,0.001033809202829361,0.00269130327402467,0.0037394819190401662
2,1,9,3.063063063063063,0.0009728219083738887,0.002631605657723246,0.0036387394065372503
2,1,9,3.0615615615615615,0.000865223422843564,0.0026083096242592863,0.0036017003130948133
2,1,9,3.06006006006006,0.0007695640954578087,0.002610153588218145,0.003545362811964825
2,1,9,3.0585585585585586,0.0006900204997429826,0.002560004444182584,0.0034689883677004874
2,1,9,3.057057057057057,0.0006517784214971067,0.0024873866726069505,0.003418206406007873
2,1,9,3.0555555555555554,0.0006363233728317041,0.002391773018351584,0.0033819940943907723
2,1,9,3.054054054054054,0.0006540822795129131,0.0022948911522658877,0.003388753000948319
2,1,9,3.0525525525525525,0.0007058734631331109,0.002241616743212105,0.0034496215425141585
2,1,9,3.051051051051051,0.0007335694246097813,0.0022064915762026738,0.0036055616690082726
2,1,9,3.0495495495495497,0.0007374146355141331,0.0021391764380529477,0.0037215543572041154
2,1,9,3.048048048048048,0.0007140584067681921,0.0020572059165717693,0.0037783047215713683
2,1,9,3.0465465465465464,0.000671092065566925,0.0020077627654657704,0.003727079073978623
2,1,9,3.045045045045045,0.0006691166380969893,0.0019947412540045617,0.003656758317382658
2,1,9,3.0435435435435436,0.0006625789009926386,0.001963284407862864,0.0035923205615281395
2,1,9,3.042042042042042,0.0005628982332358534,0.0018939236989561348,0.0036386219426549626
2,1,9,3.0405405405405403,0.0004770648887095774,0.001819157944408567,0.0037823849891182038
2,1,9,3.039039039039039,0.00040338419983709795,0.0017830901832360802,0.003855838158459912
2,1,9,3.0375375375375375,0.0003109884746399505,0.0017568238188742091,0.0038473104873990582
2,1,9,3.036036036036036,0.00020993962702753333,0.00168322917640773,0.0038078006755416505
2,1,9,3.0345345345345347,0.00011706073181594334,0.0015858285169375597,0.0037026235740037494
2,1,9,3.033033033033033,2.3389261517015036e-05,0.001496763401228396,0.003685110843352435
2,1,9,3.0315315315315314,-7.088387442844013e-05,0.0014316363181605674,0.003819404779687008
2,1,9,3.03003003003003,-0.00015999958071344356,0.0013937875839654668,0.0038410914493676174
2,1,9,3.0285285285285286,-0.00025319756402641946,0.0013713401578865358,0.0038841105917061247
2,1,9,3.027027027027027,-0.00033885886712292645,0.0013275582400767982,0.003890688260569708
2,1,9,3.0255255255255253,-0.0003875751402969696,0.0012660008734762807,0.003882356974181267
2,1,9,3.024024024024024,-0.00040676053945520874,0.0012152771158031594,0.00391205556935903
2,1,9,3.0225225225225225,-0.00043733528614242623,0.001193614478836924,0.003818642284381113
2,1,9,3.021021021021021,-0.000496042436994415,0.0011868687143934409,0.0037152700635509905
2,1,9,3.0195195195195197,-0.0005636889894391484,0.0011614209790616892,0.0036022105374187152
2,1,9,3.018018018018018,-0.0006337217204194223,0.0011171181263831542,0.0034692357271397523
2,1,9,3.0165165165165164,-0.0007124128445806788,0.0010674412982731862,0.0033497230920382925
2,1,9,3.015015015015015,-0.0007875752202838315,0.00102331112720766,0.003263037784045686
2,1,9,3.0135135135135136,-0.0008394211899703796,0.0009960878964774267,0.0032267286574544363
2,1,9,3.012012012012012,-0.0008737769455630096,0.0010435858277348942,0.0032612576722387265
2,1,9,3.0105105105105103,-0.0009223124161591434,0.001058661937931915,0.0033482844567253034
2,1,9,3.009009009009009,-0.000999147113904253,0.0010649986854863736,0.0034340046821654813
2,1,9,3.0075075075075075,-0.0010702377920076556,0.0010834268056453267,0.003447289257044739
2,1,9,3.006006006006006,-0.0010911603926405666,0.0011069460388193342,0.003377640417325467
2,1,9,3.0045045045045047,-0.0010790777701037424,0.0011312583059120973,0.0032962799535863896
2,1,9,3.003003003003003,-0.0010904691365499763,0.0011688717405468063,0.0032507407541203515
2,1,9,3.0015015015015014,-0.0011099563244887367,0.0012225755458264986,0.003209135251883599
2,1,9,3.0,-0.0010797451186168594,0.0012780400364718059,0.003151969756619799
2,1,9,2.9984984984984986,-0.0010575433245119115,0.001319442711753105,0.00310536585790655
2,1,9,2.996996996996997,-0.0010455059615736007,0.0013439658736054128,0.0030804213939162883
2,1,9,2.9954954954954953,-0.001042513320940075,0.001356539953979552,0.0030735770182409583
2,1,9,2.993993993993994,-0.00103882095908725,0.0013561440593584662,0.003072056619743524
2,1,9,2.9924924924924925,-0.0010252082496929882,0.0013420052427778328,0.0030604519353399917
2,1,9,2.990990990990991,-0.0009954808731749143,0.001327967539897612,0.003027212023554382
2,1,9,2.9894894894894897,-0.0009738868041753168,0.0013301528140231555,0.002991333828194165
2,1,9,2.987987987987988,-0.0009637129809726419,0.0013447163013137198,0.0029789898046765906
2,1,9,2.9864864864864864,-0.0009502765856133077,0.001358134279216383,0.0029848754428039026
2,1,9,2.984984984984985,-0.0009406181600634111,0.0013715477062362647,0.0029776483435638434
2,1,9,2.9834834834834836,-0.0009316323154318074,0.0014004231332347405,0.0029338815977945076
2,1,9,2.981981981981982,-0.000920159018622857,0.0014524424094024546,0.0028758229940204494
2,1,9,2.9804804804804803,-0.0009039131273504974,0.0015091778056816052,0.0028413598849703625
2,1,9,2.978978978978979,-0.0008817842988658731,0.0015470207736103525,0.002844272600463049
2,1,9,2.9774774774774775,-0.0008532467004892519,0.0015592313125833979,0.002855156666174752
2,1,9,2.975975975975976,-0.0008221105324343059,0.0015454431860520979,0.002839929568484667
2,1,9,2.9744744744744747,-0.0007942135548957285,0.0015204005702900147,0.0027915928648779564
2,1,9,2.972972972972973,-0.0007748726517042837,0.0015070850537115543,0.0027304494352546893
2,1,9,2.9714714714714714,-0.0007622886360827419,0.0014990124243178249,0.00268067273772421
2,1,9,2.96996996996997,-0.0007518412865344937,0.0014896014215932674,0.002648230568275567
2,1,9,2.9684684684684686,-0.0007385460445398229,0.0014739406026479385,0.0026247002810467768
2,1,9,2.966966966966967,-0.000714869378592331,0.001454020102513831,0.0026019089080375757
2,1,9,2.9654654654654653,-0.0006777615465267672,0.0014336204203343472,0.002577471314897939
2,1,9,2.963963963963964,-0.000645878755982987,0.0014165220614315022,0.0025527614037874624
2,1,9,2.9624624624624625,-0.0006263585833116148,0.0014052441710010743,0.002519440720378463
2,1,9,2.960960960960961,-0.0006171549349606176,0.0013977881668026937,0.002468483620857498
2,1,9,2.9594594594594597,-0.0006117434166457159,0.0013911444221162972,0.002393104432438564
2,1,9,2.957957957957958,-0.0006031801333047371,0.0013823033102212667,0.002305910721360105
2,1,9,2.9564564564564564,-0.0005873352166330115,0.0013686732750604058,0.0022283107453514583
2,1,9,2.954954954954955,-0.0005662872246355866,0.001350412000509782,0.0021807926110998244
2,1,9,2.9534534534534536,-0.0005430423152323893,0.0013287880482653058,0.002170057586335594
2,1,9,2.951951951951952,-0.0005219255192804306,0.0013050731009232042,0.002184028325632026
2,1,9,2.9504504504504503,-0.000505334194568996,0.0012805339762395063,0.0022081698811474704
2,1,9,2.948948948948949,-0.0004932455141851699,0.0012559993071973308,0.0022288109759365238
2,1,9,2.9474474474474475,-0.0004852624576743292,0.0012315209889341983,0.0022398971750700047
2,1,9,2.945945945945946,-0.00047942824363422787,0.0012070714579636155,0.0022400236154400677
2,1,9,2.9444444444444446,-0.00047415931469274586,0.0011826231507996443,0.0022280078115328728
2,1,9,2.942942942942943,-0.00046879517432374396,0.0011581624773158161,0.002202636419416093
2,1,9,2.9414414414414414,-0.00046268855316033974,0.0011340378353197345,0.00216208741493229
2,1,9,2.93993993993994,-0.00045492329049234836,0.0011110071395351584,0.002108493192378935
2,1,9,2.9384384384384385,-0.00044489528383395704,0.0010898523280499228,0.0020471104077244284
2,1,9,2.936936936936937,-0.00043286562158328934,0.0010713553389514185,0.0019832393146449467
2,1,9,2.9354354354354353,-0.0004191898009743289,0.0010562912801093116,0.0019222489082236782
2,1,9,2.933933933933934,-0.00040481593227303936,0.0010447736443308653,0.001869197509222098
2,1,9,2.9324324324324325,-0.0003917418053743793,0.001035594411816998,0.0018265743625276443
2,1,9,2.930930930930931,-0.00038025576792888316,0.0010273672246076115,0.0017963358330527202
2,1,9,2.9294294294294296,-0.00036965093289009765,0.0010187057233849162,0.0017804382857091738
2,1,9,2.9279279279279278,-0.00035920241213116544,0.0010082235488309,0.001780639120457117
2,1,9,2.9264264264264264,-0.00034785180582463937,0.0009945744223252007,0.0017950627854157464
2,1,9,2.924924924924925,-0.0003343844059007228,0.000977627170441031,0.0018174093956047077
2,1,9,2.9234234234234235,-0.0003193658568234614,0.000958670601882039,0.0018409123457666654
2,1,9,2.921921921921922,-0.00030409708999312723,0.0009390771262968167,0.0018588050306443948
2,1,9,2.9204204204204203,-0.00028988040173349994,0.0009202191533344006,0.0018643257742864128
2,1,9,2.918918918918919,-0.0002778701700584252,0.0009034690926437161,0.0018523429497592225
2,1,9,2.9174174174174174,-0.0002688327373931987,0.0008901993118937135,0.0018245213699860097
2,1,9,2.915915915915916,-0.0002624839426160763,0.0008812925418870687,0.0017860132648700455
2,1,9,2.9144144144144146,-0.0002577420808981268,0.0008759123335000396,0.0017420766786641062
2,1,9,2.9129129129129128,-0.0002535036329301965,0.0008728348281111797,0.0016979696556208568
2,1,9,2.9114114114114114,-0.0002486821573044473,0.0008708353369222266,0.0016589502364630082
2,1,9,2.90990990990991,-0.00024244033137255094,0.0008686891711344735,0.0016297172720262099
2,1,9,2.9084084084084085,-0.00023431659050066056,0.000865171641949547,0.001610425033507057
2,1,9,2.906906906906907,-0.00022489307961504057,0.0008590741899652254,0.0015983296074399966
2,1,9,2.9054054054054053,-0.00021511034991417155,0.0008499483518568107,0.0015906130111698058
2,1,9,2.903903903903904,-0.00020590928937491704,0.0008385262045215169,0.0015844572620413722
2,1,9,2.9024024024024024,-0.0001982080869581404,0.0008256854577879391,0.0015770443773994725
2,1,9,2.900900900900901,-0.00019245535194412078,0.0008123042336346531,0.0015655534547995842
2,1,9,2.8993993993993996,-0.00018858755484829626,0.0007992606540399017,0.0015476027572619566
2,1,9,2.8978978978978978,-0.00018588899883820176,0.0007874328409823717,0.0015237587464244085
2,1,9,2.8963963963963963,-0.00018330580774983396,0.0007776291807579661,0.0014956172926023914
2,1,9,2.894894894894895,-0.00017978095707316122,0.0007698229394960121,0.0014647748702134589
2,1,9,2.8933933933933935,-0.00017425742229781882,0.0007633580531991591,0.0014328279536746091
2,1,9,2.891891891891892,-0.00016585650824862963,0.0007575460395443656,0.0014013730174033956
2,1,9,2.8903903903903903,-0.000154732840095817,0.0007516984162085905,0.0013720264709422558
2,1,9,2.888888888888889,-0.0001415203301080581,0.0007451267008690143,0.0013459169026744933
2,1,9,2.8873873873873874,-0.00012722518594865395,0.000737142411202707,0.0013227701752739351
2,1,9,2.885885885885886,-0.00011293356537722676,0.0007272405440208463,0.001302121812234991
2,1,9,2.8843843843843846,-9.973162615362074e-05,0.0007158784617496972,0.001283507337052181
2,1,9,2.8828828828828827,-8.870287905782259e-05,0.0007038984739867749,0.0012664622732195818
2,1,9,2.8813813813813813,-8.045216339258587e-05,0.0006921512763025106,0.0012505221442317138
2,1,9,2.87987987987988,-7.455200255856997e-05,0.0006814875642681129,0.0012352380024466258
2,1,9,2.8783783783783785,-7.034133625705152e-05,0.0006727580334542349,0.0012201438162464662
2,1,9,2.876876876876877,-6.702178215678423e-05,0.0006668098466819927,0.0012047039668923176
2,1,9,2.8753753753753752,-6.37849802671564e-05,0.0006641095951384068,0.0011883796144596115
2,1,9,2.873873873873874,-5.9822570598000446e-05,0.0006640870000880206,0.001170631919024001
2,1,9,2.8723723723723724,-5.4366185540444256e-05,0.0006658617613651829,0.0011509220406609177
2,1,9,2.870870870870871,-4.7390004554781484e-05,0.0006685505537155079,0.0011287126600798558
2,1,9,2.8693693693693696,-3.9513737823959616e-05,0.0006712700518846093,0.0011037352305655057
2,1,9,2.8678678678678677,-3.127455111850974e-05,0.0006731369306178792,0.0010770179892648502
2,1,9,2.8663663663663663,-2.314740697217932e-05,0.0006732897265409044,0.0010500936750883483
2,1,9,2.864864864864865,-1.560645560916285e-05,0.0006712942755453533,0.0010312350284903404
2,1,9,2.8633633633633635,-9.125847253987907e-06,0.0006673641423053933,0.0010237932401652161
2,1,9,2.861861861861862,-4.032006852394687e-06,0.0006618165627121364,0.0010132726899434452
2,1,9,2.8603603603603602,2.3590376230231414e-07,0.0006549687726575826,0.0009998843797065504
2,1,9,2.858858858858859,4.464580009244656e-06,0.0006471380080335098,0.0009839876192221375
2,1,9,2.8573573573573574,9.056123257189519e-06,0.0006386415047312521,0.0009659417182579233
2,1,9,2.855855855855856,1.4323380673197939e-05,0.0006298267962761006,0.0009665344678563281
2,1,9,2.8543543543543546,2.0579199424330952e-05,0.0006211514728386991,0.000971499524692998
2,1,9,2.8528528528528527,2.8135318356992123e-05,0.0006130306795759655,0.0009773282616875045
2,1,9,2.8513513513513513,3.701062276029177e-05,0.0006058703593538883,0.0009826045531828864
2,1,9,2.84984984984985,3.8516106537600514e-05,0.0006000764550389004,0.0009860151134393202
2,1,9,2.8483483483483485,3.506732385361033e-05,0.0005960549094972123,0.0009870701182077557
2,1,9,2.846846846846847,3.3003630158900954e-05,0.000594210996624378,0.0009858353763704253
2,1,9,2.8453453453453452,3.2173439000970916e-05,0.000594705154698838,0.000982401570439606
2,1,9,2.843843843843844,3.202279607239511e-05,0.0005969632921221102,0.000976859382927353
2,1,9,2.8423423423423424,3.2038753288499144e-05,0.0006002048514954783,0.0009692994963461654
2,1,9,2.840840840840841,3.196261946480927e-05,0.0006036463353182864,0.000959812649095837
2,1,9,2.8393393393393396,3.1599744893529014e-05,0.0006065042460909886,0.000948523268886281
2,1,9,2.8378378378378377,3.075547986819416e-05,0.0006079950863133732,0.0009358236500509598
2,1,9,2.8363363363363363,2.9281578390771834e-05,0.0006073553944943022,0.0009222587126077597
2,1,9,2.834834834834835,2.7441915160464347e-05,0.0006043356051732562,0.0009083755587743214
2,1,9,2.8333333333333335,2.5714563348988584e-05,0.000599376418919606,0.0008947212907681745
2,1,9,2.831831831831832,2.448043595670857e-05,0.0005930098653474936,0.0008818430108068487
2,1,9,2.83033033033033,2.396305784480024e-05,0.0005857680294858447,0.0008702860322371553
2,1,9,2.828828828828829,2.437195392335223e-05,0.0005781829963640295,0.0008604014100023205
2,1,9,2.8273273273273274,2.5916642312551197e-05,0.0005707868510109737,0.0008518739225497063
2,1,9,2.825825825825826,2.8702066596997255e-05,0.0005640863052180922,0.0008442261609979962
2,1,9,2.8243243243243246,3.246416355617843e-05,0.000558362995962236,0.0008369807163035592
2,1,9,2.8228228228228227,3.685863654445676e-05,0.0005537506759007993,0.0008296601794233194
2,1,9,2.8213213213213213,4.155715619869049e-05,0.0005503756718487907,0.0008217871413137567
2,1,9,2.81981981981982,4.6243309506754926e-05,0.0005483643106209968,0.0008128607214347161
2,1,9,2.8183183183183185,5.060096907127942e-05,0.0005478429190324263,0.0008026449315614581
2,1,9,2.816816816816817,5.431622514717738e-05,0.0005489377529745987,0.0007916070111131379
2,1,9,2.815315315315315,5.719208652688046e-05,0.0005516495877417871,0.0007802883312375553
2,1,9,2.813813813813814,5.920406814508006e-05,0.0005554668996461398,0.0007692302630820658
2,1,9,2.8123123123123124,6.034913039387746e-05,0.000559666580183471,0.0007589741777940251
2,1,9,2.810810810810811,6.065950065936576e-05,0.0005635199987148454,0.0007500615680364753
2,1,9,2.8093093093093096,6.0177654757742616e-05,0.0005662985246008834,0.0007430978761315821
2,1,9,2.8078078078078077,5.8946069630305686e-05,0.0005672735272026497,0.0007383115344112845
2,1,9,2.8063063063063063,5.701749228048669e-05,0.0005657256840307934,0.0007354952021119132
2,1,9,2.804804804804805,5.4564756492903044e-05,0.0005614611929358748,0.0007344317910493725
2,1,9,2.8033033033033035,5.1838249442548445e-05,0.0005553142611043338,0.0007349042130391226
2,1,9,2.801801801801802,4.9064337960480486e-05,0.0005483296516104463,0.0007366953798972897
2,1,9,2.8003003003003,4.642287683864765e-05,0.0005415532183143945,0.0007395838349202322
2,1,9,2.798798798798799,4.408873374539546e-05,0.0005360308150756943,0.0007431051038373493
2,1,9,2.7972972972972974,4.223677634818124e-05,0.0005328082957545277,0.000746482475873611
2,1,9,2.795795795795796,4.0990049218647684e-05,0.0005328616152011634,0.0007489326723211231
2,1,9,2.7942942942942945,4.023547784881565e-05,0.0005361852429737191,0.0007496724190370063
2,1,9,2.7927927927927927,3.979609558690811e-05,0.000541764628283703,0.0007479184418774931
2,1,9,2.7912912912912913,3.9542606625975196e-05,0.0005484719411465999,0.0007428874666999263
2,1,9,2.78978978978979,3.9381424970841294e-05,0.0005551793515787828,0.0007338339736626676
2,1,9,2.7882882882882885,3.9219827743242064e-05,0.0005596595687105133,0.0007209456140533366
2,1,9,2.786786786786787,3.896591400565086e-05,0.000553563866051987,0.0007057360679463276
2,1,9,2.785285285285285,3.860430635960199e-05,0.000548219722777632,0.0006898521923612844
2,1,9,2.7837837837837838,3.825727845585547e-05,0.0005435532451784075,0.0006749408443180727
2,1,9,2.7822822822822824,3.8047255312756434e-05,0.000539476130789196,0.0006626488808358921
2,1,9,2.7807807807807805,3.8027564114306855e-05,0.0005358394052281668,0.0006546231589343865
2,1,9,2.7792792792792795,3.8230593536692226e-05,0.0005324535298705246,0.0006523237779370028
2,1,9,2.7777777777777777,3.868872761669806e-05,0.0005291282232091632,0.0006554081929799338
2,1,9,2.7762762762762763,3.942866496786657e-05,0.0005256739761367868,0.0006622905144670899
2,1,9,2.774774774774775,4.039185879523011e-05,0.0005219234523421434,0.0006713494811620979
2,1,9,2.773273273273273,4.145392536103465e-05,0.0005177342544337993,0.0006809638318294731
2,1,9,2.771771771771772,4.247656378586484e-05,0.0005129962546761568,0.0006895123052330643
2,1,9,2.77027027027027,4.329918050283155e-05,0.0005077310740977392,0.0006953754559617664
2,1,9,2.7687687687687688,4.375881125184833e-05,0.0005019953935128108,0.0006973713157576444
2,1,9,2.7672672672672673,4.369249177105239e-05,0.0004958458940336197,0.0006959207560972569
2,1,9,2.7657657657657655,4.298003970859554e-05,0.0004893407632431401,0.0006919030100529522
2,1,9,2.7642642642642645,4.1721778265557674e-05,0.00048255033104305234,0.0006861978434482552
2,1,9,2.7627627627627627,4.0094713702476525e-05,0.0004755507951064164,0.0006796850221062467
2,1,9,2.7612612612612613,3.837613044388455e-05,0.0004684188007331169,0.0006732443118504516
2,1,9,2.75975975975976,3.692759775608678e-05,0.0004612317397252319,0.0006677352192161479
2,1,9,2.758258258258258,3.6113307267715555e-05,0.00045406708317896616,0.0006634583933717852
2,1,9,2.756756756756757,3.629648386671569e-05,0.00044700230344374425,0.0006599780538989464
2,1,9,2.755255255255255,3.766459477461126e-05,0.00044011973076951705,0.0006567926499712051
2,1,9,2.7537537537537538,4.0026418125060914e-05,0.0004335175580019168,0.0006534006307610252
2,1,9,2.7522522522522523,4.3106345004595426e-05,0.00042729558299758885,0.0006493004454408702
2,1,9,2.7507507507507505,4.640131828237415e-05,0.0004215259522866166,0.0006439905431845361
2,1,9,2.7492492492492495,4.9317790159042474e-05,0.0004162577013675506,0.0006370575531084999
2,1,9,2.7477477477477477,5.1261981092398656e-05,0.0004115391555161718,0.0006287014811481306
2,1,9,2.7462462462462462,5.165556770858615e-05,0.00040741851397019246,0.000619409076864974
2,1,9,2.744744744744745,5.032540692906373e-05,0.00040393659378823443,0.0006096711560574786
2,1,9,2.743243243243243,4.753350753805563e-05,0.00040112287199955965,0.0005999785345234265
2,1,9,2.741741741741742,4.369019871419688e-05,0.0003989877305143885,0.0005908220280608223
2,1,9,2.74024024024024,3.953306160786596e-05,0.00039741567821693913,0.0005826923688780905
2,1,9,2.7387387387387387,3.585170896158729e-05,0.0003962378386890286,0.0005759517305372608
2,1,9,2.7372372372372373,3.343575351877348e-05,0.0003952851422364123,0.0005705094641830222
2,1,9,2.7357357357357355,3.302126396942384e-05,0.00039439186474776733,0.0005661597371264815
2,1,9,2.7342342342342345,3.482637982132886e-05,0.0003934316709031105,0.0005626964499116927
2,1,9,2.7327327327327327,3.8764722905648696e-05,0.00039230393988765044,0.0005599135030835978
2,1,9,2.7312312312312312,4.44032236903702e-05,0.0003909571737612527,0.0005576047971862508
2,1,9,2.72972972972973,5.095454882320105e-05,0.0003894750601689534,0.0005555653969184782
2,1,9,2.728228228228228,5.7615091657137185e-05,0.0003879645611284399,0.0005536583052154764
2,1,9,2.726726726726727,6.358125711236617e-05,0.0003865326386562895,0.0005518577294616467
2,1,9,2.725225225225225,6.813453632426025e-05,0.00038525157511015706,0.0005501492267356856
2,1,9,2.7237237237237237,7.084583969940716e-05,0.0003840524660481126,0.0005485183541142913
2,1,9,2.7222222222222223,7.14314081546874e-05,0.00038282930597599574,0.0005469506686766046
2,1,9,2.7207207207207205,7.018357813848297e-05,0.0003814327263229611,0.0005454317274997678
2,1,9,2.7192192192192195,6.763676547105746e-05,0.00037965836142994647,0.0005439451135351714
2,1,9,2.7177177177177176,6.43262218904539e-05,0.00037729830118404806,0.0005424731799610338
2,1,9,2.7162162162162162,6.0787917919302714e-05,0.00037414517616918275,0.0005410322530479128
2,1,9,2.714714714714715,5.759840230012969e-05,0.0003700706305493906,0.0005396444460092908
2,1,9,2.713213213213213,5.539557808731388e-05,0.00036510767817077294,0.0005383318720586505
2,1,9,2.7117117117117115,5.462609202178115e-05,0.0003593285359326792,0.0005371166444094744
2,1,9,2.71021021021021,5.513963240710851e-05,0.00035300456429654403,0.000536020876275467
2,1,9,2.7087087087087087,5.6672874919394545e-05,0.0003465235905082409,0.0005350329912643392
2,1,9,2.7072072072072073,5.896249523540398e-05,0.0003402749081724554,0.0005340513680534009
2,1,9,2.7057057057057055,6.17309819586076e-05,0.000334645855736726,0.0005329972303811381
2,1,9,2.704204204204204,6.44697196958699e-05,0.0003299702523249515,0.0005317939174280806
2,1,9,2.7027027027027026,6.648871676939727e-05,0.00032652316657721947,0.0005303647683747581
2,1,9,2.701201201201201,6.737093603281785e-05,0.0003244725227111722,0.0005286331224019225
2,1,9,2.6996996996997,6.707235562752878e-05,0.0003235082180104154,0.0005265232403568465
2,1,9,2.698198198198198,6.55750575500047e-05,0.00032318307456691286,0.0005241466790595339
2,1,9,2.6966966966966965,6.286112379494391e-05,0.00032304990293807734,0.0005218477038659852
2,1,9,2.695195195195195,5.897834050294648e-05,0.00032266599304953125,0.0005199243880582571
2,1,9,2.6936936936936937,5.4392173868267335e-05,0.0003216327004238462,0.0005186745321066333
2,1,9,2.6921921921921923,4.9717871258403434e-05,0.0003195792061145841,0.0005183959364813973
2,1,9,2.6906906906906904,4.543238142695749e-05,0.0003164062886600316,0.0005193864016534988
2,1,9,2.689189189189189,4.193253707884814e-05,0.0003125094411848828,0.0005219298828249563
2,1,9,2.6876876876876876,3.961419936016064e-05,0.00030833674516572707,0.0005258937537064856
2,1,9,2.686186186186186,3.8872665509392945e-05,0.00030433628207848784,0.0005307149534923283
2,1,9,2.684684684684685,3.991706788708527e-05,0.000300919565618063,0.0005358187577930718
2,1,9,2.683183183183183,4.2502397618493504e-05,0.00029833801064271803,0.000540630442218637
2,1,9,2.6816816816816815,4.626990612144333e-05,0.00029677377302372854,0.0005445752823798333
2,1,9,2.68018018018018,5.068283660647488e-05,0.0002960196526333725,0.000547078553887026
2,1,9,2.6786786786786787,5.516118524417912e-05,0.000295564343118615,0.0005475983778986393
2,1,9,2.6771771771771773,5.9124948205813155e-05,0.0002948884582179012,0.0005461031225733048
2,1,9,2.6756756756756754,6.200097446273922e-05,0.00029347409401947466,0.0005429968911738747
2,1,9,2.674174174174174,6.348608929918065e-05,0.000290982652947136,0.0005387015414772822
2,1,9,2.6726726726726726,6.363286281119152e-05,0.0002874237458247997,0.0005336389312589063
2,1,9,2.671171171171171,6.268764358918766e-05,0.0002829242289947853,0.0005282309182959022
2,1,9,2.66966966966967,6.11561637047231e-05,0.0002779903397995831,0.0005228993603636489
2,1,9,2.668168168168168,5.956599519696404e-05,0.0002732445989885868,0.0005180221456142498
2,1,9,2.6666666666666665,5.8444710105298725e-05,0.0002718086902553374,0.0005136290270157939
2,1,9,2.665165165165165,5.8294981395645706e-05,0.0002728420306756796,0.0005095795608978104
2,1,9,2.6636636636636637,5.9258491925895385e-05,0.00027437983479194905,0.0005057318131642674
2,1,9,2.6621621621621623,6.11903387650603e-05,0.00027673204962153086,0.0005019438497193551
2,1,9,2.6606606606606604,6.375542086867192e-05,0.0002801819925186688,0.0004980737364661536
2,1,9,2.659159159159159,6.649270394332163e-05,0.000284642564958304,0.0004939795393092972
2,1,9,2.6576576576576576,6.893868905089029e-05,0.00028974736111164745,0.0004896162007352878
2,1,9,2.656156156156156,7.062987725481307e-05,0.0002949966323166908,0.0004852903487384541
2,1,9,2.6546546546546548,7.116333305767775e-05,0.0002997876428958435,0.00048137303748108096
2,1,9,2.653153153153153,7.060171932060655e-05,0.00030351469327905,0.000478234899496055
2,1,9,2.6516516516516515,6.923852296725208e-05,0.0003055720838958109,0.0004762465673171512
2,1,9,2.65015015015015,6.744038265349417e-05,0.00030545124600389606,0.0004757786734781444
2,1,9,2.6486486486486487,6.559565788277766e-05,0.0003031749894013558,0.0004771991041989665
2,1,9,2.6471471471471473,6.4092712691588e-05,0.00029900023080209337,0.0004804876662443114
2,1,9,2.6456456456456454,6.331990978436508e-05,0.00029358576070515063,0.0004848634440852706
2,1,9,2.644144144144144,6.35358032798905e-05,0.00028777348664710267,0.0004894604407870151
2,1,9,2.6426426426426426,6.451325058409729e-05,0.000282406247645417,0.0004934126594147159
2,1,9,2.641141141141141,6.59291459408351e-05,0.0002783262757917182,0.000495854103033988
2,1,9,2.6396396396396398,6.749997928712226e-05,0.00027618791978500923,0.0004959187747100025
2,1,9,2.638138138138138,6.89476319180038e-05,0.0002761926615848509,0.0004927659298874509
2,1,9,2.6366366366366365,6.999398512852473e-05,0.0002783305308933226,0.0004864429564761519
2,1,9,2.635135135135135,7.036439797314387e-05,0.0002820226539825832,0.0004781028153932887
2,1,9,2.6336336336336337,6.998438719629796e-05,0.00028655025978840953,0.0004689680178993072
2,1,9,2.6321321321321323,6.908149319784229e-05,0.0002911945772456903,0.0004602610752542091
2,1,9,2.6306306306306304,6.782260020998798e-05,0.00029524219377807803,0.0004539104581360309
2,1,9,2.629129129129129,6.6283768093367e-05,0.00029813376030740635,0.0004550464500368001
2,1,9,2.6276276276276276,6.453674169892842e-05,0.0002994888621088432,0.0004565650242143171
2,1,9,2.626126126126126,6.265326587806541e-05,0.00029926125893631195,0.0004582944874669259
2,1,9,2.6246246246246248,6.0700628618848285e-05,0.00029790498155102263,0.0004600631326636684
2,1,9,2.623123123123123,5.865246071712349e-05,0.00029591670367357104,0.0004672937986820447
2,1,9,2.6216216216216215,5.6425776393531635e-05,0.00029379309902388684,0.000475778730255616
2,1,9,2.62012012012012,5.875427458579274e-05,0.0002920270916146883,0.00048343632211422793
2,1,9,2.6186186186186187,6.0812900290141414e-05,0.0002910686390418249,0.0004890678211888488
2,1,9,2.6171171171171173,6.148581266862685e-05,0.0002913026981870015,0.0004916213384014156
2,1,9,2.6156156156156154,6.09158832112211e-05,0.00029265751313167776,0.0004912030171202453
2,1,9,2.614114114114114,5.942635590794332e-05,0.00029475744294460426,0.0004884787223418119
2,1,9,2.6126126126126126,5.734365147236353e-05,0.00029722133662213324,0.0004841186553288246
2,1,9,2.611111111111111,5.4994190618495864e-05,0.0002996680431601728,0.00047879301734221613
2,1,9,2.6096096096096097,5.654255836740063e-05,0.0003017366640465369,0.0004731720096440295
2,1,9,2.608108108108108,6.092243637989547e-05,0.000303164072017692,0.00046792571738607514
2,1,9,2.6066066066066065,6.583287291417328e-05,0.0003038094492580079,0.00046359493288194997
2,1,9,2.605105105105105,7.097908629383198e-05,0.00030393938125605757,0.00046022679497736974
2,1,9,2.6036036036036037,7.601325331463293e-05,0.0003039321648845572,0.00045828135112579993
2,1,9,2.6021021021021022,8.04236909581757e-05,0.00030416610000827404,0.0004588098769353621
2,1,9,2.6006006006006004,8.386652319436472e-05,0.0003050182048691674,0.00045945789923407254
2,1,9,2.599099099099099,8.633278117198273e-05,0.0003067412676185377,0.00046016959081285336
2,1,9,2.5975975975975976,8.784534020511714e-05,0.00030936164174488745,0.0004608891263531145
2,1,9,2.596096096096096,8.842707560829943e-05,0.00031277320287226296,0.00046156068053759824
2,1,9,2.5945945945945947,8.810235683043288e-05,0.00031658081416363615,0.0004621284280483806
2,1,9,2.593093093093093,8.703773186580221e-05,0.000320341726778528,0.000462537692423437
2,1,9,2.5915915915915915,8.564225047513752e-05,0.0003236131918762375,0.0004627513533714822
2,1,9,2.59009009009009,8.413528308692797e-05,0.0003259615706432406,0.0004627498856064616
2,1,9,2.5885885885885886,8.257291736013528e-05,0.00032713583114074574,0.00046251492787807713
2,1,9,2.5870870870870872,8.100724468707021e-05,0.0003270548511975502,0.00046202811893625295
2,1,9,2.5855855855855854,7.949035645915536e-05,0.0003257945025039177,0.00046127109753069107
2,1,9,2.584084084084084,7.807323857833559e-05,0.0003237320978759506,0.00046022550241175963
2,1,9,2.5825825825825826,8.096777485011586e-05,0.00032128085221216907,0.00045887262859056754
2,1,9,2.581081081081081,8.831445691037665e-05,0.00031885398041242574,0.0004572462722909343
2,1,9,2.5795795795795797,9.381647955941652e-05,0.00031685868178898957,0.0004554476918163797
2,1,9,2.578078078078078,9.658497579478897e-05,0.00031562857378508724,0.0004535814544552874
2,1,9,2.5765765765765765,9.592119559420631e-05,0.00031543282592250144,0.0004517521274960412
2,1,9,2.575075075075075,9.229626117601697e-05,0.0003162549511137591,0.00045006427822702477
2,1,9,2.5735735735735736,8.667988858435116e-05,0.00031782549090153545,0.000448622501521001
2,1,9,2.5720720720720722,8.13856101307131e-05,0.00031986618796020494,0.0004475590068913071
2,1,9,2.5705705705705704,8.493821272592683e-05,0.00032209878496436417,0.00044698495086792356
2,1,9,2.569069069069069,8.86197044125403e-05,0.0003242373128145015,0.00044696398521826275
2,1,9,2.5675675675675675,9.208110383474022e-05,0.0003259605758290096,0.0004475595047024328
2,1,9,2.566066066066066,9.497342963471489e-05,0.00032698325585100996,0.0004488349040809858
2,1,9,2.5645645645645647,9.694770045687306e-05,0.00032730112929724164,0.0004508535781138079
2,1,9,2.563063063063063,9.77449703984945e-05,0.00032701627247067044,0.0004536788734861297
2,1,9,2.5615615615615615,9.760840665462567e-05,0.00032623096066819457,0.0004572549719501495
2,1,9,2.56006006006006,9.692827690033212e-05,0.0003250475596785485,0.0004587384411784967
2,1,9,2.5585585585585586,9.604027634235734e-05,0.0003236135982511712,0.0004574969772777049
2,1,9,2.557057057057057,9.527348384352763e-05,0.0003221946785278984,0.0004569120312705177
2,1,9,2.5555555555555554,9.495697826711336e-05,0.0003210382059719574,0.0004567498185839014
2,1,9,2.554054054054054,9.54195826290416e-05,0.00032030000137317494,0.0004567823065937393
2,1,9,2.5525525525525525,9.684846853752482e-05,0.0003201220801525295,0.000456781462676803
2,1,9,2.551051051051051,9.906522191327483e-05,0.00032064645773255407,0.0004565192542096419
2,1,9,2.5495495495495497,0.00010179098149043497,0.0003220084994508543,0.00045576764856813945
2,1,9,2.548048048048048,0.00010481938552220349,0.00032416531431755935,0.00045021750436924357
2,1,9,2.5465465465465464,0.00010790094664203664,0.0003268789421029261,0.00044978488001312655
2,1,9,2.545045045045045,0.00011079708779782038,0.00032986445385141394,0.0004502119269742533
2,1,9,2.5435435435435436,0.0001132700770372086,0.00033279817125575484,0.0004479256030405221
2,1,9,2.542042042042042,0.00011517361223578604,0.00033535460918732163,0.0004457840187630513
2,1,9,2.5405405405405403,0.00011653602491423776,0.00033720828251659896,0.0004440036771720113
2,1,9,2.539039039039039,0.00011744196747276447,0.0003380655777802666,0.0004427208792148196
2,1,9,2.5375375375375375,0.00011800396101113719,0.00033796228825222485,0.00043849382425742434
2,1,9,2.536036036036036,0.0001183351959996859,0.000337130615847947,0.00043519123701152296
2,1,9,2.5345345345345347,0.00011854886290962874,0.0003358431731352862,0.00043959638052193384
2,1,9,2.533033033033033,0.0001187556152340008,0.0003344074355007276,0.00044294841461955947
2,1,9,2.5315315315315314,0.00011902407069408483,0.0003331321767072737,0.0004431709074252943
2,1,9,2.53003003003003,0.00011583540715309759,0.0003323261705188152,0.0004430347623347597
2,1,9,2.5285285285285286,0.00011284809007472418,0.0003322578670050813,0.00044232423037082746
2,1,9,2.527027027027027,0.0001105992708634318,0.0003328647093039372,0.0004409394338005246
2,1,9,2.5255255255255253,0.00010928988734493217,0.00033391752784517337,0.0004390221826546803
2,1,9,2.524024024024024,0.00010912056612433219,0.00033515927896754505,0.0004367417839381549
2,1,9,2.5225225225225225,0.00011018170582755005,0.00033632260993710084,0.0004342675090951431
2,1,9,2.521021021021021,0.00011229135385559808,0.00033714014626395894,0.0004317686295696177
2,1,9,2.5195195195195197,0.00011519184690533812,0.00033734451372890994,0.00042941441680599546
2,1,9,2.518018018018018,0.00011463820974100258,0.0003367457678662422,0.0004273736027209374
2,1,9,2.5165165165165164,0.00011299723671087669,0.0003354496696952314,0.00042576447724207434
2,1,9,2.515015015015015,0.00011165527893663985,0.0003336463812075863,0.000424569919019957
2,1,9,2.5135135135135136,0.00011084936369787357,0.000331599296049534,0.00042374533479905274
2,1,9,2.512012012012012,0.00011076684994537622,0.0003295959710221119,0.0004232461313222746
2,1,9,2.5105105105105103,0.00011141420864224649,0.00032792397795766703,0.0004230277153332018
2,1,9,2.509009009009009,0.0001127210425655445,0.00032687032774170177,0.00042304549357541354
2,1,9,2.5075075075075075,0.00011240900013276267,0.00032661088466645616,0.0004232456319854805
2,1,9,2.506006006006006,0.00010786233977055915,0.00032707724355307555,0.0004234954264086266
2,1,9,2.5045045045045047,0.000103682364307911,0.00032814707356521033,0.0004237248107237246
2,1,9,2.503003003003003,0.00010037861624834221,0.00032961722886981626,0.0004238872556046047
2,1,9,2.5015015015015014,0.00010139183948210118,0.0003312655277447618,0.00042393623172443107
2,1,9,2.5,0.00010226930967149883,0.0003328697884670273,0.00042382520975592364
2,1,9,2.4984984984984986,0.00010292862722760532,0.0003342102192589458,0.00042350766037291265
2,1,9,2.496996996996997,0.00010349675199128328,0.0003351783884522064,0.00042298399040441303
2,1,9,2.4954954954954953,0.00010409728532190243,0.00033582223560579827,0.00042239499424900906
2,1,9,2.493993993993994,0.00010479108607497345,0.0003362206525683309,0.0004218083742084655
2,1,9,2.4924924924924925,0.00010564246090072338,0.0003365055405295525,0.0004212835306078855
2,1,9,2.490990990990991,0.00010673052759657686,0.0003368178518066145,0.00042087986377370434
2,1,9,2.4894894894894897,0.00010813440396040264,0.00033729853871800053,0.0004206567740310252
2,1,9,2.487987987987988,0.0001099332077894033,0.0003380835735171672,0.0004206736054013227
2,1,9,2.4864864864864864,0.00011220605688122554,0.00033922633230409893,0.0004209187788746238
2,1,9,2.484984984984985,0.00011502985644873398,0.0003407107648920604,0.00042127885146459043
2,1,9,2.4834834834834836,0.00011836780872265251,0.0003424649804304458,0.0004216655715165718
2,1,9,2.481981981981982,0.00012200475689905232,0.00034434840497965524,0.00042199088123862083
2,1,9,2.4804804804804803,0.0001257093519482222,0.0003462159958234068,0.0004221667228401227
2,1,9,2.478978978978979,0.00012925024484067293,0.0003479227102447524,0.0004221050385297964
2,1,9,2.4774774774774775,0.00013239608654669333,0.00034932681243282637,0.00042171912986077587
2,1,9,2.475975975975976,0.00013491552803657214,0.0003503232069324014,0.0004209871739204729
2,1,9,2.4744744744744747,0.00013461263644942711,0.0003508318872613714,0.0004199386687171458
2,1,9,2.472972972972973,0.00013086722639554793,0.00035083921500578263,0.00041859471577776475
2,1,9,2.4714714714714714,0.0001277602271774203,0.00035040616139481173,0.0004169764166290779
2,1,9,2.46996996996997,0.0001256110605982741,0.00034959770161813175,0.0004151048727973894
2,1,9,2.4684684684684686,0.00012466154454249256,0.00034847881086541577,0.0004130011858098914
2,1,9,2.466966966966967,0.00012487914272996115,0.00034712852322171805,0.0004106861597941158
2,1,9,2.4654654654654653,0.00012597871720543274,0.000345685854461264,0.0004081968216440579
2,1,9,2.463963963963964,0.00012766557945509405,0.000344304962666353,0.00040562103801145
2,1,9,2.4624624624624625,0.00012957878005770418,0.00034310396935222087,0.0004030552135594334
2,1,9,2.460960960960961,0.00012840392878521456,0.00034215240341595177,0.00040059575295114946
2,1,9,2.4594594594594597,0.00012768148543962354,0.00034151636081980463,0.0003983390608492954
2,1,9,2.457957957957958,0.00012756452791062856,0.0003412617942559759,0.0003963815419172345
2,1,9,2.4564564564564564,0.0001282061340892593,0.00034139913514530384,0.000394818558482557
2,1,9,2.454954954954955,0.00012975938186499114,0.00034179944475787316,0.0003950811695141443
2,1,9,2.4534534534534536,0.00013231892167375747,0.00034231670386986046,0.00039762535063303517
2,1,9,2.451951951951952,0.0001321688241342489,0.0003428605016171371,0.00040091091227689724
2,1,9,2.4504504504504503,0.00013059533282611113,0.0003433783018493841,0.0004045358823010492
2,1,9,2.448948948948949,0.00012890289252398546,0.0003438182958350744,0.0004080977305602751
2,1,9,2.4474474474474475,0.00012732774945600767,0.00034413089271878583,0.00041119392690869283
2,1,9,2.445945945945946,0.00012600994642864016,0.00034435156186285454,0.0004134219412013085
2,1,9,2.4444444444444446,0.00012504184975536958,0.0003446256025918526,0.000414380935762626
2,1,9,2.442942942942943,0.00012451548892711273,0.0003450820214578876,0.00041376282300475964
2,1,9,2.4414414414414414,0.00012452289343412026,0.00034574833594613885,0.0004116877175395217
2,1,9,2.43993993993994,0.0001251431349442722,0.0003466247489734009,0.0004084891765379073
2,1,9,2.4384384384384385,0.00012640301271971133,0.00034771146307899237,0.00040450339073117014
2,1,9,2.436936936936937,0.00012829477493125907,0.00034900780432001177,0.000404538519734432
2,1,9,2.4354354354354353,0.0001307032471045133,0.00035047035837743046,0.0004037130846263892
2,1,9,2.433933933933934,0.0001334795768679342,0.00035199457968704273,0.000402090941805211
2,1,9,2.4324324324324325,0.00013647490001811313,0.00035348886562380777,0.000399812624175766
2,1,9,2.4309309309309306,0.00013847884220030693,0.0003549407083631717,0.0003970186326869296
2,1,9,2.4294294294294296,0.00013768369756506083,0.000356359752041735,0.00039384946828913137
2,1,9,2.4279279279279278,0.00013714989686564039,0.0003577556418778993,0.0003904456319312466
2,1,9,2.4264264264264264,0.00013680404757066,0.0003591375831304422,0.00038694726806531854
2,1,9,2.424924924924925,0.0001365727571494002,0.00036049453035746915,0.00038346597758631695
2,1,9,2.423423423423423,0.00013639332637804813,0.0003617871428927,0.00038010865035764674
2,1,9,2.421921921921922,0.0001363668928977546,0.0003629651263918898,0.0003769953190209119
2,1,9,2.4204204204204203,0.00013663894788762398,0.0003639523232457087,0.0003742460162168282
2,1,9,2.418918918918919,0.0001373232166941296,0.0003646678763595812,0.0003719807745863335
2,1,9,2.4174174174174174,0.00013853340416880577,0.0003650309286387099,0.00037031962677125385
2,1,9,2.4159159159159156,0.00014038321516407493,0.00036496210400072115,0.0003693800561070937
2,1,9,2.4144144144144146,0.00014298635453080522,0.0003644891839433839,0.0003691458047891949
2,1,9,2.4129129129129128,0.00014135816347637942,0.000363817518115761,0.0003694055980330013
2,1,9,2.4114114114114114,0.00013907515146960314,0.0003631704069193553,0.0003699328708586247
2,1,9,2.40990990990991,0.00013690950862299545,0.0003627774910346382,0.0003705010582868429
2,1,9,2.408408408408408,0.00013499126912863701,0.00036286600999457796,0.00037088359533798965
2,1,9,2.406906906906907,0.00013344547181426414,0.00036168309243955754,0.00037085391703262083
2,1,9,2.4054054054054053,0.00013236242767011852,0.0003609829622190919,0.00037019809341165555
2,1,9,2.403903903903904,0.0001318054353915965,0.00036097018210146103,0.0003689265410655729
2,1,9,2.4024024024024024,0.00013183703751695752,0.000361844731379124,0.0003715935891084321
2,1,9,2.4009009009009006,0.00013251977658512715,0.0003635766848439914,0.00037565741948464293
2,1,9,2.3993993993993996,0.000133916195135253,0.00036347643770873184,0.00038010741653837776
2,1,9,2.3978978978978978,0.00013605743202682596,0.0003618135047176452,0.0003847322602517078
2,1,9,2.3963963963963963,0.00013881959096662122,0.0003605769142411841,0.00038932063060648225
2,1,9,2.394894894894895,0.00014201414780035115,0.00035996080408584596,0.00039366150917286014
2,1,9,2.393393393393393,0.0001454447476452181,0.0003599472355961808,0.00039756893956988115
2,1,9,2.391891891891892,0.00014761365229065682,0.0003603630589832374,0.000400900456324349
2,1,9,2.3903903903903903,0.00014569664240760005,0.0003610314566842021,0.0004035206635875088
2,1,9,2.388888888888889,0.00014465590697199104,0.0003617756111360393,0.0004053179476637414
2,1,9,2.3873873873873874,0.00014434027943899252,0.0003624187047763794,0.00040619295843602465
2,1,9,2.3858858858858856,0.00014459794258425696,0.0003627839202335892,0.00040604644768715836
2,1,9,2.3843843843843846,0.00014527707918254862,0.00036224473262302936,0.000404779413217371
2,1,9,2.3828828828828827,0.00014622589648083384,0.0003604644142283231,0.00040238769679601383
2,1,9,2.3813813813813813,0.0001472972518967719,0.0003597692315759904,0.000399105004394551
2,1,9,2.37987987987988,0.00014835762976539435,0.0003601721390231738,0.00039519856984515656
2,1,9,2.378378378378378,0.00014930325764583863,0.00035909672371214896,0.0003909086258591099
2,1,9,2.376876876876877,0.00015004415213470956,0.00035774433057778054,0.0003864617245361579
2,1,9,2.3753753753753752,0.000150490420961491,0.00035637259093612705,0.00038208431137576326
2,1,9,2.373873873873874,0.00015055217185544478,0.0003550663888707284,0.00037799817183836737
2,1,9,2.3723723723723724,0.00015013953609854802,0.00035388733327890165,0.0003742711518184283
2,1,9,2.3708708708708706,0.00014920355738623492,0.0003528845933991054,0.00037078560486647483
2,1,9,2.3693693693693696,0.000147821878833998,0.0003521073368568661,0.000367454259540434
2,1,9,2.3678678678678677,0.00014613458984191752,0.0003516047312772663,0.00036431800070957365
2,1,9,2.3663663663663663,0.00014432075117931653,0.0003514259442851664,0.0003614424242524006
2,1,9,2.364864864864865,0.00014256114100441586,0.0003516156879166399,0.00035889312604764356
2,1,9,2.363363363363363,0.0001410365374758804,0.000350704658896861,0.00035674297731680404
2,1,9,2.361861861861862,0.00013992700938358915,0.00034939225263008744,0.0003551278896258836
2,1,9,2.3603603603603602,0.00013933108683339412,0.0003494075157837173,0.000354216111200234
2,1,9,2.358858858858859,0.00013919093254965986,0.0003506257236665089,0.00035411314639488545
2,1,9,2.3573573573573574,0.00013941807252781935,0.0003527876958575593,0.0003546999769532544
2,1,9,2.3558558558558556,0.00013990539992558837,0.0003533382378675398,0.0003558075948286721
2,1,9,2.3543543543543546,0.00014054437219468419,0.000352085098532795,0.0003589059603161804
2,1,9,2.3528528528528527,0.00014122644678771223,0.0003501039054953914,0.000362343766159956
2,1,9,2.3513513513513513,0.00014184662531802061,0.0003476462861309315,0.0003656883648290865
2,1,9,2.34984984984985,0.00014239097330470685,0.00034501418494436997,0.00036870277656109174
2,1,9,2.348348348348348,0.00014294164302253165,0.00034250954644066134,0.0003712647913076683
2,1,9,2.346846846846847,0.0001435736044952396,0.0003404343151247602,0.0003732973023182762
2,1,9,2.3453453453453452,0.00014435117532518582,0.0003390904355016211,0.00037472357586043614
2,1,9,2.343843843843844,0.0001453382942973036,0.0003387461344921405,0.00037546687820189106
2,1,9,2.3423423423423424,0.00014659890019674826,0.00033939807438310154,0.0003754504756094956
2,1,9,2.3408408408408405,0.00014819654341269306,0.0003407466994349573,0.00037459814545703907
2,1,9,2.3393393393393396,0.00015016601135009466,0.0003424602610027083,0.0003729158613139383
2,1,9,2.3378378378378377,0.00015249390735916357,0.00034420701044068913,0.0003705859697591407
2,1,9,2.3363363363363363,0.00015515464778714794,0.00034565519910367826,0.00036957107221624597
2,1,9,2.334834834834835,0.0001581113251418742,0.00034647353273853376,0.00037096643844769517
2,1,9,2.333333333333333,0.00015929865445585278,0.00034639581507556194,0.00037233298501715417
2,1,9,2.331831831831832,0.00016104437727260112,0.00034538135440120854,0.00037354314713833325
2,1,9,2.33033033033033,0.00016320438058969877,0.00034361829868356786,0.00037444741150505223
2,1,9,2.328828828828829,0.00016554122678535954,0.0003413240088214753,0.00037488617243863764
2,1,9,2.3273273273273274,0.0001678174782371311,0.00033871584571332214,0.00037470011956219906
2,1,9,2.3258258258258255,0.00016979569732300526,0.000336011170258832,0.00037380983980805915
2,1,9,2.3243243243243246,0.000171251479807788,0.0003334269663153311,0.00037231721544594976
2,1,9,2.3228228228228227,0.00017210663232791745,0.000331169550850996,0.00037034916129363715
2,1,9,2.3213213213213213,0.00017242112432969137,0.0003293746394632535,0.0003680666748895334
2,1,9,2.31981981981982,0.00017236303373979744,0.0003280113646046967,0.00036573235678161176
2,1,9,2.318318318318318,0.0001721153410492171,0.00032701978971982903,0.0003636276563212526
2,1,9,2.316816816816817,0.00017186102674826564,0.000326339978253376,0.000362032050847505
2,1,9,2.315315315315315,0.00017178307132792447,0.00032591199364939705,0.00036111126360749424
2,1,9,2.313813813813814,0.0001720538996232701,0.00032567125535742925,0.0003608572758688755
2,1,9,2.3123123123123124,0.0001727135317888262,0.00032545764958347156,0.0003612474199530258
2,1,9,2.3108108108108105,0.00017368533944295272,0.00032509469336683416,0.00036223030961113345
2,1,9,2.3093093093093096,0.00017486305297453875,0.0003245907310012175,0.0003636488781038061
2,1,9,2.3078078078078077,0.00017613917283698655,0.00032398382254905655,0.00036532175576731163
2,1,9,2.3063063063063063,0.0001774061994856968,0.00032331202807323045,0.000367067645626884
2,1,9,2.304804804804805,0.00017855663337384975,0.0003226134076366183,0.0003687476032789849
2,1,9,2.303303303303303,0.00017948306087567367,0.00032193449334494417,0.0003703361446518727
2,1,9,2.301801801801802,0.0001801391181994738,0.0003214854344881779,0.0003718268530727986
2,1,9,2.3003003003003,0.00018060791818186317,0.0003215547117747519,0.00037322599936961964
2,1,9,2.298798798798799,0.0001807407817802087,0.0003221584169168512,0.00037455780265660543
2,1,9,2.2972972972972974,0.00018099429405138423,0.000323243392537087,0.00037584784136512894
2,1,9,2.2957957957957955,0.0001814648072633318,0.00032475648125762646,0.00037712063130168616
2,1,9,2.2942942942942945,0.0001817516724198498,0.00032664452570130287,0.0003783731832018855
2,1,9,2.2927927927927927,0.00018213063914052086,0.0003288507859662282,0.0003795731840325889
2,1,9,2.2912912912912913,0.0001825777386286198,0.00033115399654914945,0.0003806870105047544
2,1,9,2.28978978978979,0.00018296485699309528,0.0003331458603439419,0.00038169213213379294
2,1,9,2.288288288288288,0.00018326485027508888,0.00033466358550993114,0.00038258610656605185
2,1,9,2.286786786786787,0.00018346981019501385,0.00033564438080491144,0.0003833686084711019
2,1,9,2.285285285285285,0.00018357182847417164,0.00033602565109025484,0.0003840389030285163
2,1,9,2.2837837837837838,0.0001835629968334196,0.0003357448012273334,0.00038458555829135044
2,1,9,2.2822822822822824,0.0001834367759543376,0.00033474617059647827,0.00038498568243205966
2,1,9,2.2807807807807805,0.00018323324235636207,0.0003331813136455697,0.00038521636093258316
2,1,9,2.2792792792792795,0.00018303349327264407,0.0003313805947666726,0.00038526680442463324
2,1,9,2.2777777777777777,0.0001828744126943782,0.00032952894383564413,0.0003851381923749564
2,1,9,2.2762762762762763,0.00018278403544713662,0.00032778501726515863,0.0003848322125608039
2,1,9,2.274774774774775,0.00018279039635626937,0.0003263074714687786,0.0003843505577956208
2,1,9,2.273273273273273,0.00018292153024712654,0.0003252549628591783,0.0003837180161738729
2,1,9,2.271771771771772,0.00018320807850003007,0.00032477059873836644,0.0003830356751683972
2,1,9,2.27027027027027,0.0001837074679957862,0.00032475238518414606,0.0003824145265012291
2,1,9,2.2687687687687688,0.00018447530164178438,0.00032495311402103155,0.00038192313239138187
2,1,9,2.2672672672672673,0.00018546663958129983,0.0003252059470273405,0.0003816112932089055
2,1,9,2.2657657657657655,0.00018660069959874903,0.0003253523006994108,0.00038152872615748734
2,1,9,2.2642642642642645,0.00018779665610324514,0.0003252335915329141,0.00038172514844148075
2,1,9,2.2627627627627627,0.0001889736835039013,0.0003246912360244103,0.00038225014196724416
2,1,9,2.2612612612612613,0.00019004788214682655,0.0003235803969954265,0.0003831131437068702
2,1,9,2.25975975975976,0.00019089423973661646,0.00032195804700640984,0.0003842280407488907
2,1,9,2.258258258258258,0.00019136689052468014,0.00032001979800866387,0.00038550417384963787
2,1,9,2.256756756756757,0.00019149478486779614,0.00031787485020795536,0.00038686010345068134
2,1,9,2.255255255255255,0.00019147220049764435,0.0003155982961959847,0.00038821476975758884
2,1,9,2.2537537537537538,0.00019149985828015303,0.00031326516496221757,0.00038948711297481786
2,1,9,2.2522522522522523,0.0001917784790814725,0.00031095048549589777,0.00039059670112018274
2,1,9,2.2507507507507505,0.00019249032207646621,0.0003087292867001157,0.0003914968748981451
2,1,9,2.2492492492492495,0.00019373450984971896,0.0003066519778007759,0.0003921924436205426
2,1,9,2.2477477477477477,0.00019503283913313574,0.0003047127740452016,0.0003927015895524022
2,1,9,2.2462462462462462,0.00019478680172069218,0.00030301258845555346,0.00039304669200501685
2,1,9,2.244744744744745,0.00019465875002455668,0.0003016798523880482,0.00039325015079039183
2,1,9,2.243243243243243,0.0001946930281166992,0.00030084299719956853,0.0003933343657205324
2,1,9,2.241741741741742,0.00019484450775819617,0.00030063045424633117,0.00039332173921158287
2,1,9,2.24024024024024,0.00019502211706790007,0.0003011706472983988,0.00039323522780332354
2,1,9,2.2387387387387387,0.00019513430214823657,0.0003025547747876889,0.0003931001976000825
2,1,9,2.2372372372372373,0.00019508939047652163,0.0003046643056940912,0.00039295153578389197
2,1,9,2.2357357357357355,0.00019479570328151397,0.0003072245030257825,0.00039282860792044794
2,1,9,2.2342342342342345,0.00019416156179286048,0.00030995057184091124,0.00039277080760946603
2,1,9,2.2327327327327327,0.00019311485691542174,0.0003125577171976257,0.000392817528451328
2,1,9,2.2312312312312312,0.00019172840089343168,0.0003147611441536302,0.0003930081640455274
2,1,9,2.22972972972973,0.0001901408855913278,0.0003162760605661674,0.0003933817424872643
2,1,9,2.228228228228228,0.00018849895411410245,0.0003168753513167477,0.00039395655216467595
2,1,9,2.226726726726727,0.00018695344143093706,0.00031660078813411374,0.00039470089558912846
2,1,9,2.225225225225225,0.0001856552256098709,0.00031562444866328754,0.00039556479631763786
2,1,9,2.2237237237237237,0.0001847551847187212,0.00031412363282967704,0.00039649790465423607
2,1,9,2.2222222222222223,0.00018440360462057548,0.00031227564055957835,0.000397449870902733
2,1,9,2.2207207207207205,0.00018467025224833122,0.0003102577717783994,0.0003983703453669385
2,1,9,2.2192192192192195,0.00018546316893219839,0.00030824732641199226,0.00039920897835088454
2,1,9,2.2177177177177176,0.00018666110553411386,0.0003064104500853926,0.00039991580464904253
2,1,9,2.2162162162162162,0.00018813132753314754,0.00030482354625727126,0.0004004702577891095
2,1,9,2.214714714714715,0.00018974047043052167,0.0003034903113297016,0.000400906616241814
2,1,9,2.213213213213213,0.0001913551697281246,0.0003024103168589587,0.00040126672894680304
2,1,9,2.211711711711712,0.0001928440293692546,0.0003015831344010955,0.000401592452083932
2,1,9,2.21021021021021,0.00019209750387849667,0.00030100833551283124,0.00040192564183216817
2,1,9,2.2087087087087087,0.0001892474857829729,0.00030068549175066295,0.00040230815437158896
2,1,9,2.2072072072072073,0.000186311187131194,0.00030059276342964125,0.000402779925633423
2,1,9,2.2057057057057055,0.00018355217761922837,0.00030066130372530253,0.0004033323067811345
2,1,9,2.2042042042042045,0.00018125378450073448,0.00030088545270423595,0.00040392986471338155
2,1,9,2.2027027027027026,0.00017965511894835196,0.0003012666943373876,0.00040454584179050457
2,1,9,2.201201201201201,0.00017876787877413314,0.00030180651259503755,0.0004051534910265442
2,1,9,2.1996996996997,0.00017853089912400755,0.00030250639144768776,0.00040572606543465284
2,1,9,2.198198198198198,0.00017888293601631133,0.00030336781486606235,0.00040623681802909317
2,1,9,2.196696696696697,0.00017972076729244613,0.0003043799132160796,0.0004066628619747714
2,1,9,2.195195195195195,0.00018082169378175195,0.0003054579264520907,0.00040704384870782206
2,1,9,2.1936936936936937,0.00018194190184694925,0.00030651121733593634,0.0004074674805616407
2,1,9,2.1921921921921923,0.00018286143617851636,0.00030745174848600954,0.0004079818848417016
2,1,9,2.1906906906906904,0.00018355425483917998,0.0003081914825207033,0.0004086029449823503
2,1,9,2.1891891891891895,0.00018408862062258002,0.00030864238205796646,0.00040934567634121066
2,1,9,2.1876876876876876,0.00018453342466062672,0.00030871640971597003,0.00041022509427568465
2,1,9,2.186186186186186,0.00018496381625898728,0.00030832971054040037,0.0004112562082871918
2,1,9,2.184684684684685,0.00018550778856840644,0.0003074522272894509,0.00041243778985156077
2,1,9,2.183183183183183,0.00018631986974737558,0.0003062149354837729,0.00041371692168179486
2,1,9,2.181681681681682,0.00018755289037564182,0.0003048178924258682,0.0004150299832323956
2,1,9,2.18018018018018,0.000189243003904771,0.0003034616047108418,0.00041631249235885015
2,1,9,2.1786786786786787,0.00019124387107605223,0.0003023465789337987,0.00041749986769223923
2,1,9,2.1771771771771773,0.00019339326070144658,0.0003016733216900658,0.0004185275278634215
2,1,9,2.1756756756756754,0.00019552866328487184,0.00030161879256129787,0.00041891434613727796
2,1,9,2.1741741741741745,0.00019747954983428961,0.0003021685291233478,0.0004187019554524607
2,1,9,2.1726726726726726,0.00019906635412936247,0.0003031875237300419,0.000418509374702003
2,1,9,2.171171171171171,0.0002001090271841477,0.0003045283646669894,0.0004182918982804651
2,1,9,2.16966966966967,0.00020046263549278187,0.00030604362176567257,0.00041800520663337615
2,1,9,2.168168168168168,0.0002001560412112635,0.0003075858648566854,0.0004176081211868521
2,1,9,2.166666666666667,0.0001992717766523544,0.00030900766377151,0.0004170609922469204
2,1,9,2.165165165165165,0.00019789238964484923,0.0003101984882727393,0.00041632418034054375
2,1,9,2.1636636636636637,0.0001961074291583209,0.0003112479192881601,0.0004153583431056873
2,1,9,2.1621621621621623,0.00019404289605695624,0.0003122067041114729,0.0004141637148133981
2,1,9,2.1606606606606604,0.00019183661682986575,0.0003112408225804941,0.00041281942548776485
2,1,9,2.1591591591591595,0.00018962642413677955,0.0003101625010968334,0.0004114139599591393
2,1,9,2.1576576576576576,0.00018754896063266635,0.0003091234428507228,0.00041003539839801206
2,1,9,2.156156156156156,0.0001857171374655131,0.0003081562010602834,0.000408741787552902
2,1,9,2.1546546546546548,0.0001842219953034352,0.00030729020635944515,0.0004075409726345125
2,1,9,2.153153153153153,0.00018315375748056972,0.00030652730074010037,0.00040643602377388177
2,1,9,2.151651651651652,0.00018258569490670062,0.00030585788599690744,0.000405430011101382
2,1,9,2.15015015015015,0.00018252857876288608,0.0003052778215919538,0.00040452595237860933
2,1,9,2.1486486486486487,0.00018297878033557424,0.00030478358397156846,0.0004037110972447966
2,1,9,2.1471471471471473,0.00018393267091187937,0.0003043716495816362,0.0004029348882863548
2,1,9,2.1456456456456454,0.00018538635287446148,0.0003040384948689301,0.0004021412190868823
2,1,9,2.1441441441441444,0.00018728205672013942,0.00030377974907791483,0.000401275498755016
2,1,9,2.1426426426426426,0.0001894433266107498,0.00030357523115376317,0.00040032312926352454
2,1,9,2.141141141141141,0.0001916921851166098,0.00030339077130969727,0.0003993125855747959
2,1,9,2.1396396396396398,0.00019389685891146868,0.00030319259160282996,0.0003982744733976862
2,1,9,2.138138138138138,0.00019593488417934957,0.0003029482662326721,0.0003972372782303779
2,1,9,2.136636636636637,0.00019768379710449757,0.0003026254850511112,0.00039622329278588
2,1,9,2.135135135135135,0.00019902553459827388,0.00030219193790870236,0.0003952536851672406
2,1,9,2.1336336336336337,0.00019994005876644572,0.0003016176922387981,0.00039434962347728586
2,1,9,2.1321321321321323,0.00020050361595203015,0.00030092447472451767,0.00039353314887824453
2,1,9,2.1306306306306304,0.0002007965005075274,0.00030018404454645875,0.00039283331753248163
2,1,9,2.1291291291291294,0.00020089236760600926,0.0002994701941854139,0.00039228256420620333
2,1,9,2.1276276276276276,0.0002008449213035668,0.0002988496805655938,0.00039191290677420554
2,1,9,2.126126126126126,0.00020070413343420412,0.00029837171123814343,0.00039175361186827296
2,1,9,2.1246246246246248,0.00020051829387224274,0.00029808280279741695,0.0003918328816181482
2,1,9,2.123123123123123,0.00020031269676001884,0.00029802937459511014,0.00039217891584719666
2,1,9,2.121621621621622,0.00020009598278103446,0.0002982164512668195,0.0003928191927005109
2,1,9,2.12012012012012,0.00019987642066543465,0.0002985434800821807,0.0003937418009507532
2,1,9,2.1186186186186187,0.0001996617114901067,0.00029889332023258497,0.00039487592458775644
2,1,9,2.1171171171171173,0.00019945256592079907,0.0002991488561372435,0.00039614597817805297
2,1,9,2.1156156156156154,0.0001992449915699801,0.00029920889247536664,0.00039747900535225256
2,1,9,2.1141141141141144,0.00019903488626682453,0.00029861103963435554,0.0003988057914046106
2,1,9,2.1126126126126126,0.00019880832157825878,0.00029782143973045017,0.0004000574074520813
2,1,9,2.111111111111111,0.00019852615420279385,0.00029704701672028655,0.0004011650483066731
2,1,9,2.1096096096096097,0.00019814525278039063,0.0002962742152714526,0.0004020840983431917
2,1,9,2.108108108108108,0.00019762982289250886,0.00029490620690664215,0.0004028229459103194
2,1,9,2.106606606606607,0.00019698816856106305,0.00029328742418943676,0.0004033970037586876
2,1,9,2.105105105105105,0.00019624499229964343,0.00029171825368168314,0.0004038237119747823
2,1,9,2.1036036036036037,0.00019542502404235051,0.00029032160144915053,0.00040414501402930014
2,1,9,2.1021021021021022,0.00019455703148074655,0.0002892189806735779,0.0004044191179424228
2,1,9,2.1006006006006004,0.00019369549335368497,0.00028853190453759225,0.00040470452404983703
2,1,9,2.0990990990990994,0.0001929049735289734,0.00028838184417234736,0.00040505941939605883
2,1,9,2.0975975975975976,0.0001922490795289722,0.00028883552226566245,0.0004055240054192666
2,1,9,2.096096096096096,0.00019175754633526942,0.0002897973167357293,0.00040611106289811794
2,1,9,2.0945945945945947,0.00019141840846970126,0.0002911416544806311,0.00040683106646599576
2,1,9,2.093093093093093,0.0001912171335252122,0.00029117708467452097,0.00040768931881718373
2,1,9,2.091591591591592,0.0001911391890947467,0.00029093302817528865,0.00040864399498818926
2,1,9,2.09009009009009,0.00019116543957942156,0.00029059534596176384,0.00040962807867650497
2,1,9,2.0885885885885886,0.00019125147196930037,0.0002901345890076179,0.00041057431612046
2,1,9,2.0870870870870872,0.00019134424208733236,0.00028954950510717836,0.0004114202840075354
2,1,9,2.0855855855855854,0.00019139841562254567,0.0002888585594844617,0.00041213814960938677
2,1,9,2.0840840840840844,0.0001914275959389311,0.00028813135636096554,0.0004127151600659129
2,1,9,2.0825825825825826,0.00019147256553542213,0.00028744862048735165,0.00041313862502567744
2,1,9,2.081081081081081,0.00019157425234372916,0.00028689107661339364,0.00041339792721961643
2,1,9,2.0795795795795797,0.00019177359303035324,0.00028653942960876755,0.0004135145735595369
2,1,9,2.078078078078078,0.00019211406618979687,0.00028644694985913155,0.00041353537768928916
2,1,9,2.076576576576577,0.00019264520538775365,0.00028658505073453355,0.0004135078367184519
2,1,9,2.075075075075075,0.00019341742641887372,0.0002869048050335721,0.0004134718677450966
2,1,9,2.0735735735735736,0.00019445958799213514,0.0002872958348645316,0.00041344245439578486
2,1,9,2.0720720720720722,0.00019570020318981918,0.0002876072999311585,0.00041342946118883006
2,1,9,2.0705705705705704,0.00019703860999475964,0.0002876876478996593,0.0004134427526436557
2,1,9,2.0690690690690694,0.0001983741431548225,0.0002873870468556028,0.00041349220514841356
2,1,9,2.0675675675675675,0.00019960613741720756,0.00028662967828063657,0.0004135900117401281
2,1,9,2.066066066066066,0.00020063568506789586,0.00028544021205290093,0.00041375343938954146
2,1,9,2.0645645645645647,0.00020137890632687672,0.0002838505135189795,0.0004140004271460107
2,1,9,2.063063063063063,0.0002017595465733102,0.000281927637338919,0.0004143484505121364
2,1,9,2.0615615615615615,0.00020172297898191083,0.00027984414372017596,0.0004148058594697357
2,1,9,2.06006006006006,0.00020132691725960328,0.0002777922829471091,0.0004153726581299644
2,1,9,2.0585585585585586,0.00020066553445263757,0.000275962228250215,0.00041604854337662367
2,1,9,2.057057057057057,0.00019983302271042724,0.000274505278172521,0.00041683321209440294
2,1,9,2.0555555555555554,0.00019892357418238582,0.00027353823832387825,0.0004177239223197571
2,1,9,2.054054054054054,0.00019803159422338013,0.00027317671754034656,0.00041868122161559107
2,1,9,2.0525525525525525,0.00019725485253352382,0.00027353450810219115,0.00041963728579763604
2,1,9,2.051051051051051,0.00019669380075826304,0.0002746288746691139,0.0004205242992416647
2,1,9,2.0495495495495497,0.00019644242672089973,0.0002763342229628041,0.00042130236593784787
2,1,9,2.048048048048048,0.000196511332358984,0.0002785098892126303,0.0004219672694314447
2,1,9,2.0465465465465464,0.00019685359834009653,0.00028094901418262985,0.00042251711945384685
2,1,9,2.045045045045045,0.0001974211645445756,0.00028338601567368116,0.00042171522768441605
2,1,9,2.0435435435435436,0.0001981616681037135,0.00028555327479962145,0.00041997659151515876
2,1,9,2.042042042042042,0.0001989777002509019,0.0002871849617327449,0.0004182732921806931
2,1,9,2.0405405405405403,0.00019974498995600776,0.00028812093238439473,0.0004166321314365007
2,1,9,2.039039039039039,0.00020033890768567097,0.00028836390935982337,0.00041507991103739705
2,1,9,2.0375375375375375,0.0002006348711642847,0.0002879328586824492,0.00041364343273841975
2,1,9,2.036036036036036,0.0002005441381836004,0.0002869428927101403,0.0004123494984569209
2,1,9,2.0345345345345347,0.00020007758300399914,0.00028563702224038146,0.0004112347792444293
2,1,9,2.033033033033033,0.00019926324822328034,0.00028426711443008124,0.00041030961179711056
2,1,9,2.0315315315315314,0.00019812920057438177,0.00028307429521046146,0.00040953164771551087
2,1,9,2.03003003003003,0.00019673110392992577,0.0002821755954522942,0.00040885672142731977
2,1,9,2.0285285285285286,0.00019520529029160016,0.00028160834960400116,0.0004082406673602268
2,1,9,2.027027027027027,0.00019370275269414705,0.0002814085801383648,0.0004076393199419215
2,1,9,2.0255255255255253,0.00019237448417164238,0.0002816054372356547,0.0004070085136003154
2,1,9,2.024024024024024,0.00019137004855829254,0.0002821334137219633,0.000406304082762432
2,1,9,2.0225225225225225,0.00019078422328089317,0.0002828581009381992,0.0004054936230371009
2,1,9,2.021021021021021,0.00019064106071531306,0.0002836446428047257,0.00040459627578504076
2,1,9,2.0195195195195197,0.00019094953268972148,0.0002844030792783503,0.00040361924496656876
2,1,9,2.018018018018018,0.00019165966113199318,0.0002851027953378882,0.0004025662300148891
2,1,9,2.0165165165165164,0.00019270071904298192,0.0002857172467443103,0.00040144093036320605
2,1,9,2.015015015015015,0.00019400195636154471,0.00028621988925814357,0.0004002470454447238
2,1,9,2.0135135135135136,0.00019549262302631654,0.000286584178640803,0.00039898827469286857
2,1,9,2.012012012012012,0.00019710196897637644,0.0002867835706530375,0.00039766831754128873
2,1,9,2.0105105105105103,0.00019875924415058144,0.00028679152105515193,0.00039629087342296643
2,1,9,2.009009009009009,0.0002003936984871224,0.0002865814856087834,0.00039485964177155
2,1,9,2.0075075075075075,0.00020193458192574454,0.00028612692007468077,0.0003933783220197995
2,1,9,2.006006006006006,0.0002033111444046387,0.0002854012802131489,0.00039185061360158535
2,1,9,2.0045045045045047,0.00020445263586288398,0.00028437802178582494,0.0003902802159498897
2,1,9,2.003003003003003,0.00020528830623911531,0.0002830306005527916,0.00038867082849813883
2,1,9,2.0015015015015014,0.00020574740547241177,0.00028133247227568603,0.000387026150679759
2,1,9,2.0,0.00020575918350140832,0.000279257092714813,0.0003853498819279544
